[{"u_id":"i-MAyRLwiveKqnEZ5t8BBor","who":"Q707581","prev_id":null,"next_id":null,"paragraphs":["Jag hemst\u00e4ller att Eders Majest\u00e4t m\u00e5tte f\u00f6rklara 1980 \/ 81 \u00e5rs riksm\u00f6te \u00f6ppnat ."],"annotation":"token\tlemma\tpos\txpos\nJag\tjag\tPN\tPN.UTR.SIN.DEF.SUB\nhemst\u00e4ller\themst\u00e4lla\tVB\tVB.PRS.AKT\natt\tatt\tSN\tSN\nEders\tEder\tPM\tPM.GEN\nMajest\u00e4t\tmajest\u00e4t\tPM\tPM.NOM\nm\u00e5tte\tm\u00e5tte\tVB\tVB.KON.PRT.AKT\nf\u00f6rklara\tf\u00f6rklara\tVB\tVB.INF.AKT\n1980\t1980\tRG\tRG.NOM\n\/\t\/\tMID\tMID\n81\t81\tRG\tRG.NOM\n\u00e5rs\t\u00e5r\tNN\tNN.NEU.PLU.IND.GEN\nriksm\u00f6te\triksm\u00f6te\tNN\tNN.NEU.SIN.IND.NOM\n\u00f6ppnat\t\u00f6ppna\tVB\tVB.SUP.AKT\n.\t.\tMAD\tMAD","page_number":5,"speaker_note_id":"i-Aq16PqA3hUXkNv4ybgNgpY","num_tokens":14,"num_words":14},{"u_id":"i-UjQKh9k2Lz68JzxQUpS17z","who":"unknown","prev_id":null,"next_id":null,"paragraphs":["Herr talman , \u00e4rade ledam\u00f6ter ! Det \u00e4r en viktig h\u00e4ndelse i v\u00e5rt offentliga liv d\u00e5 riksm\u00f6tet i dag samlas till ett nytt arbets\u00e5r . Framf\u00f6r er ligger en tid av omfattande och ansvarsfullt arbete . Ni kommer att f\u00e5 ta st\u00e4llning till m\u00e5nga sv\u00e5ra fr\u00e5gor , och era beslut f\u00e5r betydelse s\u00e5v\u00e4l f\u00f6r samh\u00e4llsutvecklingen i stort som f\u00f6r den enskilde medborgaren . Genom ert arbete danar ni morgondagens Sverige ."],"annotation":"token\tlemma\tpos\txpos\nHerr\therr\tNN\tNN.UTR.SIN.IND.NOM\ntalman\ttalman\tNN\tNN.UTR.SIN.IND.NOM\n,\t,\tMID\tMID\n\u00e4rade\t\u00e4rad\tPC\tPC.PRF.UTR+NEU.PLU.IND+DEF.NOM\nledam\u00f6ter\tledamot\tNN\tNN.UTR.PLU.IND.NOM\n!\t!\tMID\tMID\nDet\tdet\tPN\tPN.NEU.SIN.DEF.SUB+OBJ\n\u00e4r\tvara\tVB\tVB.PRS.AKT\nen\ten\tDT\tDT.UTR.SIN.IND\nviktig\tviktig\tJJ\tJJ.POS.UTR.SIN.IND.NOM\nh\u00e4ndelse\th\u00e4ndelse\tNN\tNN.UTR.SIN.IND.NOM\ni\ti\tPP\tPP\nv\u00e5rt\tv\u00e5r\tPS\tPS.NEU.SIN.DEF\noffentliga\toffentlig\tJJ\tJJ.POS.UTR+NEU.SIN.DEF.NOM\nliv\tliv\tNN\tNN.NEU.SIN.IND.NOM\nd\u00e5\td\u00e5\tHA\tHA\nriksm\u00f6tet\triksm\u00f6te\tNN\tNN.NEU.SIN.DEF.NOM\ni\ti\tPP\tPP\ndag\tdag\tNN\tNN.UTR.SIN.IND.NOM\nsamlas\tsamlas\tVB\tVB.PRS.SFO\ntill\ttill\tPP\tPP\nett\ten\tDT\tDT.NEU.SIN.IND\nnytt\tny\tJJ\tJJ.POS.NEU.SIN.IND.NOM\narbets\u00e5r\tarbets\u00e5r\tNN\tNN.NEU.SIN.IND.NOM\n.\t.\tMAD\tMAD\nFramf\u00f6r\tframf\u00f6r\tPP\tPP\ner\tni\tPN\tPN.UTR.PLU.DEF.OBJ\nligger\tligga\tVB\tVB.PRS.AKT\nen\ten\tDT\tDT.UTR.SIN.IND\ntid\ttid\tNN\tNN.UTR.SIN.IND.NOM\nav\tav\tPP\tPP\nomfattande\tomfattande\tPC\tPC.PRS.UTR+NEU.SIN+PLU.IND+DEF.NOM\noch\toch\tKN\tKN\nansvarsfullt\tansvarsfull\tJJ\tJJ.POS.NEU.SIN.IND.NOM\narbete\tarbete\tNN\tNN.NEU.SIN.IND.NOM\n.\t.\tMAD\tMAD\nNi\tni\tPN\tPN.UTR.SIN.DEF.SUB\nkommer\tkomma\tVB\tVB.PRS.AKT\natt\tatt\tIE\tIE\nf\u00e5\tf\u00e5\tVB\tVB.INF.AKT\nta\tta\tVB\tVB.INF.AKT\nst\u00e4llning\tst\u00e4llning\tNN\tNN.UTR.SIN.IND.NOM\ntill\ttill\tPP\tPP\nm\u00e5nga\tm\u00e5ngen\tJJ\tJJ.POS.UTR+NEU.PLU.IND+DEF.NOM\nsv\u00e5ra\tsv\u00e5r\tJJ\tJJ.POS.UTR+NEU.PLU.IND+DEF.NOM\nfr\u00e5gor\tfr\u00e5ga\tNN\tNN.UTR.PLU.IND.NOM\n,\t,\tMID\tMID\noch\toch\tKN\tKN\nera\ter\tPS\tPS.UTR+NEU.PLU.DEF\nbeslut\tbeslut\tNN\tNN.NEU.PLU.IND.NOM\nf\u00e5r\tf\u00e5\tVB\tVB.PRS.AKT\nbetydelse\tbetydelse\tNN\tNN.UTR.SIN.IND.NOM\ns\u00e5v\u00e4l\ts\u00e5v\u00e4l\tKN\tKN\nf\u00f6r\tf\u00f6r\tPP\tPP\nsamh\u00e4llsutvecklingen\tsamh\u00e4llsutveckling\tNN\tNN.UTR.SIN.DEF.NOM\ni\ti\tPP\tPP\nstort\tstor\tJJ\tJJ.POS.NEU.SIN.IND.NOM\nsom\tsom\tKN\tKN\nf\u00f6r\tf\u00f6r\tPP\tPP\nden\tden\tDT\tDT.UTR.SIN.DEF\nenskilde\tenskild\tJJ\tJJ.POS.MAS.SIN.DEF.NOM\nmedborgaren\tmedborgare\tNN\tNN.UTR.SIN.DEF.NOM\n.\t.\tMID\tMID\nGenom\tgenom\tPP\tPP\nert\ter\tPS\tPS.NEU.SIN.DEF\narbete\tarbete\tNN\tNN.NEU.SIN.IND.NOM\ndanar\tdana\tVB\tVB.PRS.AKT\nni\tni\tPN\tPN.UTR.SIN.DEF.SUB\nmorgondagens\tmorgondag\tNN\tNN.UTR.SIN.DEF.GEN\nSverige\tSverige\tPM\tPM.NOM\n.\t.\tMAD\tMAD","page_number":5,"speaker_note_id":"i-2wbZFwBnB361VPCTSESs8x","num_tokens":71,"num_words":71},{"u_id":"i-3bjmCP5S18F6yXVmKwvYJb","who":"unknown","prev_id":null,"next_id":null,"paragraphs":["I dagens oroliga v\u00e4rld \u00e4r de internationella kontakterna av s\u00e4rskild vikt . Goda f\u00f6rbindelser \u00f6ver gr\u00e4nserna \u00e4r av stor betydelse f\u00f6r v\u00e5ra m\u00f6jligheter att bidra till fredliga l\u00f6sningar p\u00e5 internationella problem ."],"annotation":"token\tlemma\tpos\txpos\nI\ti\tPP\tPP\ndagens\tdag\tNN\tNN.UTR.SIN.DEF.GEN\noroliga\torolig\tJJ\tJJ.POS.UTR+NEU.SIN.DEF.NOM\nv\u00e4rld\tv\u00e4rld\tNN\tNN.UTR.SIN.IND.NOM\n\u00e4r\tvara\tVB\tVB.PRS.AKT\nde\tden\tDT\tDT.UTR+NEU.PLU.DEF\ninternationella\tinternationell\tJJ\tJJ.POS.UTR+NEU.PLU.IND+DEF.NOM\nkontakterna\tkontakt\tNN\tNN.UTR.PLU.DEF.NOM\nav\tav\tPP\tPP\ns\u00e4rskild\ts\u00e4rskild\tPC\tPC.PRF.UTR.SIN.IND.NOM\nvikt\tvikt\tNN\tNN.UTR.SIN.IND.NOM\n.\t.\tMAD\tMAD\nGoda\tgod\tJJ\tJJ.POS.UTR+NEU.PLU.IND+DEF.NOM\nf\u00f6rbindelser\tf\u00f6rbindelse\tNN\tNN.UTR.PLU.IND.NOM\n\u00f6ver\t\u00f6ver\tPP\tPP\ngr\u00e4nserna\tgr\u00e4ns\tNN\tNN.UTR.PLU.DEF.NOM\n\u00e4r\tvara\tVB\tVB.PRS.AKT\nav\tav\tPP\tPP\nstor\tstor\tJJ\tJJ.POS.UTR.SIN.IND.NOM\nbetydelse\tbetydelse\tNN\tNN.UTR.SIN.IND.NOM\nf\u00f6r\tf\u00f6r\tPP\tPP\nv\u00e5ra\tv\u00e5r\tPS\tPS.UTR+NEU.PLU.DEF\nm\u00f6jligheter\tm\u00f6jlighet\tNN\tNN.UTR.PLU.IND.NOM\natt\tatt\tIE\tIE\nbidra\tbidra\tVB\tVB.INF.AKT\ntill\ttill\tPP\tPP\nfredliga\tfredlig\tJJ\tJJ.POS.UTR+NEU.PLU.IND+DEF.NOM\nl\u00f6sningar\tl\u00f6sning\tNN\tNN.UTR.PLU.IND.NOM\np\u00e5\tp\u00e5\tPP\tPP\ninternationella\tinternationell\tJJ\tJJ.POS.UTR+NEU.PLU.IND+DEF.NOM\nproblem\tproblem\tNN\tNN.NEU.PLU.IND.NOM\n.\t.\tMAD\tMAD","page_number":5,"speaker_note_id":"i-2wbZFwBnB361VPCTSESs8x","num_tokens":32,"num_words":32},{"u_id":"i-XS1M2cj42vzmtLS83jsSGZ","who":"unknown","prev_id":null,"next_id":null,"paragraphs":["Det m\u00e5ste vara stimulerande f\u00f6r er att aktivt medverka i utformningen av v\u00e5r gemensamma framtid . Svenska folket kommer med intresse att f\u00f6lja riksdagsarbetet ."],"annotation":"token\tlemma\tpos\txpos\nDet\tdet\tPN\tPN.NEU.SIN.DEF.SUB+OBJ\nm\u00e5ste\tm\u00e5ste\tVB\tVB.PRS.AKT\nvara\tvara\tVB\tVB.INF.AKT\nstimulerande\tstimulerande\tPC\tPC.PRS.UTR+NEU.SIN+PLU.IND+DEF.NOM\nf\u00f6r\tf\u00f6r\tPP\tPP\ner\tni\tPN\tPN.UTR.PLU.DEF.OBJ\natt\tatt\tIE\tIE\naktivt\taktivt\tAB\tAB.POS\nmedverka\tmedverka\tVB\tVB.INF.AKT\ni\ti\tPP\tPP\nutformningen\tutformning\tNN\tNN.UTR.SIN.DEF.NOM\nav\tav\tPP\tPP\nv\u00e5r\tv\u00e5r\tPS\tPS.UTR.SIN.DEF\ngemensamma\tgemensam\tJJ\tJJ.POS.UTR+NEU.SIN.DEF.NOM\nframtid\tframtid\tNN\tNN.UTR.SIN.IND.NOM\n.\t.\tMAD\tMAD\nSvenska\tsvensk\tJJ\tJJ.POS.UTR+NEU.SIN.DEF.NOM\nfolket\tfolk\tNN\tNN.NEU.SIN.DEF.NOM\nkommer\tkomma\tVB\tVB.PRS.AKT\nmed\tmed\tPP\tPP\nintresse\tintresse\tNN\tNN.NEU.SIN.IND.NOM\natt\tatt\tIE\tIE\nf\u00f6lja\tf\u00f6lja\tVB\tVB.INF.AKT\nriksdagsarbetet\triksdagsarbete\tNN\tNN.NEU.SIN.DEF.NOM\n.\t.\tMAD\tMAD","page_number":5,"speaker_note_id":"missing","num_tokens":25,"num_words":25},{"u_id":"i-LpRV1VaoM6YHcFGJZUAecn","who":"unknown","prev_id":null,"next_id":null,"paragraphs":["Med dessa ord vill jag \u00f6nska er framg\u00e5ng i ert viktiga arbete f\u00f6r Sverige och hela v\u00e5rt folk , och jag f\u00f6rklarar h\u00e4rmed 1980 \/ 81 \u00e5rs riksm\u00f6te \u00f6ppnat ."],"annotation":"token\tlemma\tpos\txpos\nMed\tmed\tPP\tPP\ndessa\tdenna\tDT\tDT.UTR+NEU.PLU.DEF\nord\tord\tNN\tNN.NEU.PLU.IND.NOM\nvill\tvilja\tVB\tVB.PRS.AKT\njag\tjag\tPN\tPN.UTR.SIN.DEF.SUB\n\u00f6nska\t\u00f6nska\tVB\tVB.INF.AKT\ner\ter\tPS\tPS.UTR.SIN.DEF\nframg\u00e5ng\tframg\u00e5ng\tNN\tNN.UTR.SIN.IND.NOM\ni\ti\tPP\tPP\nert\ter\tPS\tPS.NEU.SIN.DEF\nviktiga\tviktig\tJJ\tJJ.POS.UTR+NEU.SIN.DEF.NOM\narbete\tarbete\tNN\tNN.NEU.SIN.IND.NOM\nf\u00f6r\tf\u00f6r\tPP\tPP\nSverige\tSverige\tPM\tPM.NOM\noch\toch\tKN\tKN\nhela\thel\tJJ\tJJ.POS.UTR+NEU.SIN.DEF.NOM\nv\u00e5rt\tv\u00e5r\tPS\tPS.NEU.SIN.DEF\nfolk\tfolk\tNN\tNN.NEU.SIN.IND.NOM\n,\t,\tMID\tMID\noch\toch\tKN\tKN\njag\tjag\tPN\tPN.UTR.SIN.DEF.SUB\nf\u00f6rklarar\tf\u00f6rklara\tVB\tVB.PRS.AKT\nh\u00e4rmed\th\u00e4rmed\tAB\tAB\n1980\t1980\tRG\tRG.NOM\n\/\t\/\tMID\tMID\n81\t81\tRG\tRG.NOM\n\u00e5rs\t\u00e5r\tNN\tNN.NEU.PLU.IND.GEN\nriksm\u00f6te\triksm\u00f6te\tNN\tNN.NEU.SIN.IND.NOM\n\u00f6ppnat\t\u00f6ppna\tVB\tVB.SUP.AKT\n.\t.\tMAD\tMAD","page_number":5,"speaker_note_id":"missing","num_tokens":30,"num_words":30},{"u_id":"i-8m5mV6M5v93MXTfcG8PHvu","who":"unknown","prev_id":null,"next_id":null,"paragraphs":["Eders Majest\u00e4ter , Eders Kungliga H\u00f6gheter , herr talman , ledam\u00f6ter av Sveriges riksdag ! En stabil ekonomi utg\u00f6r grunden f\u00f6r fortsatt v\u00e4lf\u00e4rd , r\u00e4ttvisa levnadsf\u00f6rh\u00e5llanden f\u00f6r alla och tryggad syssels\u00e4ttning . Den m\u00e5ste f\u00f6renas med m\u00e4nsklig omsorg och \u00e5tg\u00e4rder f\u00f6r att m\u00f6jligg\u00f6ra en h\u00f6g livskvalitet ."],"annotation":"token\tlemma\tpos\txpos\nEders\tEder\tPM\tPM.GEN\nMajest\u00e4ter\tmajestat\tNN\tNN.UTR.PLU.IND.NOM\n,\t,\tMID\tMID\nEders\tEder\tPM\tPM.GEN\nKungliga\tkunglig\tJJ\tJJ.POS.UTR+NEU.PLU.IND+DEF.NOM\nH\u00f6gheter\th\u00f6ghet\tNN\tNN.UTR.PLU.IND.NOM\n,\t,\tMID\tMID\nherr\therr\tNN\tNN.UTR.SIN.IND.NOM\ntalman\ttalman\tNN\tNN.UTR.SIN.IND.NOM\n,\t,\tMID\tMID\nledam\u00f6ter\tledamot\tNN\tNN.UTR.PLU.IND.NOM\nav\tav\tPP\tPP\nSveriges\tSverige\tPM\tPM.GEN\nriksdag\triksdag\tNN\tNN.UTR.SIN.IND.NOM\n!\t!\tMID\tMID\nEn\ten\tDT\tDT.UTR.SIN.IND\nstabil\tstabil\tJJ\tJJ.POS.UTR.SIN.IND.NOM\nekonomi\tekonomi\tNN\tNN.UTR.SIN.IND.NOM\nutg\u00f6r\tutg\u00f6ra\tVB\tVB.PRS.AKT\ngrunden\tgrund\tNN\tNN.UTR.SIN.DEF.NOM\nf\u00f6r\tf\u00f6r\tPP\tPP\nfortsatt\tfortsatt\tPC\tPC.PRF.UTR.SIN.IND.NOM\nv\u00e4lf\u00e4rd\tv\u00e4lf\u00e4rd\tNN\tNN.UTR.SIN.IND.NOM\n,\t,\tMID\tMID\nr\u00e4ttvisa\tr\u00e4ttvisa\tNN\tNN.UTR.SIN.IND.NOM\nlevnadsf\u00f6rh\u00e5llanden\tlevnadsf\u00f6rh\u00e5llande\tNN\tNN.NEU.PLU.IND.NOM\nf\u00f6r\tf\u00f6r\tPP\tPP\nalla\tall\tDT\tDT.UTR+NEU.PLU.IND+DEF\noch\toch\tKN\tKN\ntryggad\ttryggad\tPC\tPC.PRF.UTR.SIN.IND.NOM\nsyssels\u00e4ttning\tsyssels\u00e4ttning\tNN\tNN.UTR.SIN.IND.NOM\n.\t.\tMAD\tMAD\nDen\tden\tPN\tPN.UTR.SIN.DEF.SUB+OBJ\nm\u00e5ste\tm\u00e5ste\tVB\tVB.PRS.AKT\nf\u00f6renas\tf\u00f6rena\tVB\tVB.INF.SFO\nmed\tmed\tPP\tPP\nm\u00e4nsklig\tm\u00e4nsklig\tJJ\tJJ.POS.UTR.SIN.IND.NOM\nomsorg\tomsorg\tNN\tNN.UTR.SIN.IND.NOM\noch\toch\tKN\tKN\n\u00e5tg\u00e4rder\t\u00e5tg\u00e4rd\tNN\tNN.UTR.PLU.IND.NOM\nf\u00f6r\tf\u00f6r\tPP\tPP\natt\tatt\tIE\tIE\nm\u00f6jligg\u00f6ra\tm\u00f6jligg\u00f6ra\tVB\tVB.INF.AKT\nen\ten\tDT\tDT.UTR.SIN.IND\nh\u00f6g\th\u00f6g\tJJ\tJJ.POS.UTR.SIN.IND.NOM\nlivskvalitet\tlivskvalitet\tNN\tNN.UTR.SIN.IND.NOM\n.\t.\tMAD\tMAD","page_number":5,"speaker_note_id":"missing","num_tokens":47,"num_words":47},{"u_id":"i-9UsJ5zTg1YejzMnMDVu8vh","who":"unknown","prev_id":null,"next_id":null,"paragraphs":["Internationell strukturomvandling och fortsatt kraftiga oljeprish\u00f6jningar under 1979 och 1980 har sk\u00e4rpt handelsoch bytesbalansproblemen . I den offentliga verksamheten kommer obalansen till uttryck i en alltf\u00f6r snabb utgifts\u00f6kning och ett mycket stort statligt budgetunderskott . Sverige brottas i likhet med andra industril\u00e4nder med snabb inflation . Syssels\u00e4ttningen har d\u00e4remot kunnat h\u00e5llas p\u00e5 en h\u00f6g niv\u00e5 ."],"annotation":"token\tlemma\tpos\txpos\nInternationell\tinternationell\tJJ\tJJ.POS.UTR.SIN.IND.NOM\nstrukturomvandling\tstrukturomvandling\tNN\tNN.UTR.SIN.IND.NOM\noch\toch\tKN\tKN\nfortsatt\tfortsatt\tPC\tPC.PRF.UTR.SIN.IND.NOM\nkraftiga\tkraftig\tJJ\tJJ.POS.UTR+NEU.PLU.IND+DEF.NOM\noljeprish\u00f6jningar\toljeprish\u00f6jning\tNN\tNN.UTR.PLU.IND.NOM\nunder\tunder\tPP\tPP\n1979\t1979\tRG\tRG.NOM\noch\toch\tKN\tKN\n1980\t1980\tRG\tRG.NOM\nhar\tha\tVB\tVB.PRS.AKT\nsk\u00e4rpt\tsk\u00e4rpa\tVB\tVB.SUP.AKT\nhandelsoch\thandelsoch\tNN\tNN.UTR.SIN.IND.NOM\nbytesbalansproblemen\tbytesbalansproblem\tNN\tNN.NEU.PLU.DEF.NOM\n.\t.\tMAD\tMAD\nI\ti\tPP\tPP\nden\tden\tDT\tDT.UTR.SIN.DEF\noffentliga\toffentlig\tJJ\tJJ.POS.UTR+NEU.SIN.DEF.NOM\nverksamheten\tverksamhet\tNN\tNN.UTR.SIN.DEF.NOM\nkommer\tkomma\tVB\tVB.PRS.AKT\nobalansen\tobalans\tNN\tNN.UTR.SIN.DEF.NOM\ntill\ttill\tPP\tPP\nuttryck\tuttryck\tNN\tNN.NEU.SIN.IND.NOM\ni\ti\tPP\tPP\nen\ten\tDT\tDT.UTR.SIN.IND\nalltf\u00f6r\talltf\u00f6r\tAB\tAB\nsnabb\tsnabb\tJJ\tJJ.POS.UTR.SIN.IND.NOM\nutgifts\u00f6kning\tutgifts\u00f6kning\tNN\tNN.UTR.SIN.IND.NOM\noch\toch\tKN\tKN\nett\ten\tDT\tDT.NEU.SIN.IND\nmycket\tmycket\tAB\tAB.POS\nstort\tstor\tJJ\tJJ.POS.NEU.SIN.IND.NOM\nstatligt\tstatlig\tJJ\tJJ.POS.NEU.SIN.IND.NOM\nbudgetunderskott\tbudgetunderskott\tNN\tNN.NEU.SIN.IND.NOM\n.\t.\tMAD\tMAD\nSverige\tSverige\tPM\tPM.NOM\nbrottas\tbrottas\tVB\tVB.PRS.SFO\ni\ti\tPP\tPP\nlikhet\tlikhet\tNN\tNN.UTR.SIN.IND.NOM\nmed\tmed\tPP\tPP\nandra\tannan\tJJ\tJJ.POS.UTR+NEU.PLU.IND+DEF.NOM\nindustril\u00e4nder\tindustriland\tNN\tNN.NEU.PLU.IND.NOM\nmed\tmed\tPP\tPP\nsnabb\tsnabb\tJJ\tJJ.POS.UTR.SIN.IND.NOM\ninflation\tinflation\tNN\tNN.UTR.SIN.IND.NOM\n.\t.\tMAD\tMAD\nSyssels\u00e4ttningen\tsyssels\u00e4ttning\tNN\tNN.UTR.SIN.DEF.NOM\nhar\tha\tVB\tVB.PRS.AKT\nd\u00e4remot\td\u00e4remot\tAB\tAB\nkunnat\tkunna\tVB\tVB.SUP.AKT\nh\u00e5llas\th\u00e5lla\tVB\tVB.INF.SFO\np\u00e5\tp\u00e5\tPP\tPP\nen\ten\tDT\tDT.UTR.SIN.IND\nh\u00f6g\th\u00f6g\tJJ\tJJ.POS.UTR.SIN.IND.NOM\nniv\u00e5\tniv\u00e5\tNN\tNN.UTR.SIN.IND.NOM\n.\t.\tMAD\tMAD","page_number":6,"speaker_note_id":"missing","num_tokens":56,"num_words":56},{"u_id":"i-UNxzsSoSmuoiWsuTgC2ewC","who":"unknown","prev_id":null,"next_id":null,"paragraphs":["Ett centralt m\u00e5l f\u00f6r den ekonomiska politiken \u00e4r att med bibeh\u00e5llen h\u00f6g syssels\u00e4ttning och lugnare prisutveckling \u00e5terst\u00e4lla balansen . Fortsatt utlandsuppl\u00e5ning av nuvarande omfattning \u00e4r i l\u00e4ngden inte m\u00f6jlig . Det skulle l\u00e4gga orimliga b\u00f6rdor p\u00e5 kommande generationer ."],"annotation":"token\tlemma\tpos\txpos\nEtt\ten\tDT\tDT.NEU.SIN.IND\ncentralt\tcentral\tJJ\tJJ.POS.NEU.SIN.IND.NOM\nm\u00e5l\tm\u00e5l\tNN\tNN.NEU.SIN.IND.NOM\nf\u00f6r\tf\u00f6r\tPP\tPP\nden\tden\tDT\tDT.UTR.SIN.DEF\nekonomiska\tekonomisk\tJJ\tJJ.POS.UTR+NEU.SIN.DEF.NOM\npolitiken\tpolitik\tNN\tNN.UTR.SIN.DEF.NOM\n\u00e4r\tvara\tVB\tVB.PRS.AKT\natt\tatt\tIE\tIE\nmed\tmed\tPP\tPP\nbibeh\u00e5llen\tbibeh\u00e5llen\tPC\tPC.PRF.UTR.SIN.IND.NOM\nh\u00f6g\th\u00f6g\tJJ\tJJ.POS.UTR.SIN.IND.NOM\nsyssels\u00e4ttning\tsyssels\u00e4ttning\tNN\tNN.UTR.SIN.IND.NOM\noch\toch\tKN\tKN\nlugnare\tlugn\tJJ\tJJ.KOM.UTR+NEU.SIN+PLU.IND+DEF.NOM\nprisutveckling\tprisutveckling\tNN\tNN.UTR.SIN.IND.NOM\n\u00e5terst\u00e4lla\t\u00e5terst\u00e4lla\tVB\tVB.INF.AKT\nbalansen\tbalans\tNN\tNN.UTR.SIN.DEF.NOM\n.\t.\tMAD\tMAD\nFortsatt\tfortsatt\tPC\tPC.PRF.UTR.SIN.IND.NOM\nutlandsuppl\u00e5ning\tutlandsuppl\u00e5ning\tNN\tNN.UTR.SIN.IND.NOM\nav\tav\tPP\tPP\nnuvarande\tnuvarande\tPC\tPC.PRS.UTR+NEU.SIN+PLU.IND+DEF.NOM\nomfattning\tomfattning\tNN\tNN.UTR.SIN.IND.NOM\n\u00e4r\tvara\tVB\tVB.PRS.AKT\ni\ti\tPP\tPP\nl\u00e4ngden\tl\u00e4ngd\tNN\tNN.UTR.SIN.DEF.NOM\ninte\tinte\tAB\tAB\nm\u00f6jlig\tm\u00f6jlig\tJJ\tJJ.POS.UTR.SIN.IND.NOM\n.\t.\tMID\tMID\nDet\tdet\tPN\tPN.NEU.SIN.DEF.SUB+OBJ\nskulle\tska\tVB\tVB.PRT.AKT\nl\u00e4gga\tl\u00e4gga\tVB\tVB.INF.AKT\norimliga\torimlig\tJJ\tJJ.POS.UTR+NEU.PLU.IND+DEF.NOM\nb\u00f6rdor\tb\u00f6rda\tNN\tNN.UTR.PLU.IND.NOM\np\u00e5\tp\u00e5\tPP\tPP\nkommande\tkommande\tPC\tPC.PRS.UTR+NEU.SIN+PLU.IND+DEF.NOM\ngenerationer\tgeneration\tNN\tNN.UTR.PLU.IND.NOM\n.\t.\tMAD\tMAD","page_number":6,"speaker_note_id":"missing","num_tokens":39,"num_words":39},{"u_id":"i-AR8xAwoBvas4vRxJHL9y8V","who":"unknown","prev_id":null,"next_id":null,"paragraphs":["En l\u00f6sning av de ekonomiska problemen f\u00f6ruts\u00e4tter en medveten utbyggnad av industrisektorn . Resurs\u00f6verf\u00f6ringen fr\u00e5n ol\u00f6nsamma till expansiva delar av n\u00e4ringslivet m\u00e5ste underl\u00e4ttas genom en aktiv industri- , arbetsmarknadsoch regionalpolitik . Olika f\u00f6rslag f\u00f6rbereds i syfte att vidmakth\u00e5lla och om m\u00f6jligt f\u00f6rst\u00e4rka den uppg\u00e5ng i n\u00e4ringslivets investeringar som \u00e4gt rum under 1980 . Satsningen p\u00e5 forskning och utveckling forts\u00e4tter . F\u00f6rslag l\u00e4ggs vidare fram om \u00f6kade stimulanser av aktiesparandet ."],"annotation":"token\tlemma\tpos\txpos\nEn\ten\tDT\tDT.UTR.SIN.IND\nl\u00f6sning\tl\u00f6sning\tNN\tNN.UTR.SIN.IND.NOM\nav\tav\tPP\tPP\nde\tden\tDT\tDT.UTR+NEU.PLU.DEF\nekonomiska\tekonomisk\tJJ\tJJ.POS.UTR+NEU.PLU.IND+DEF.NOM\nproblemen\tproblem\tNN\tNN.NEU.PLU.DEF.NOM\nf\u00f6ruts\u00e4tter\tf\u00f6ruts\u00e4tta\tVB\tVB.PRS.AKT\nen\ten\tDT\tDT.UTR.SIN.IND\nmedveten\tmedveten\tJJ\tJJ.POS.UTR.SIN.IND.NOM\nutbyggnad\tutbyggnad\tNN\tNN.UTR.SIN.IND.NOM\nav\tav\tPP\tPP\nindustrisektorn\tindustrisektor\tNN\tNN.UTR.SIN.DEF.NOM\n.\t.\tMAD\tMAD\nResurs\u00f6verf\u00f6ringen\tresurs\u00f6verf\u00f6ring\tNN\tNN.UTR.SIN.DEF.NOM\nfr\u00e5n\tfr\u00e5n\tPP\tPP\nol\u00f6nsamma\tol\u00f6nsam\tJJ\tJJ.POS.UTR+NEU.PLU.IND+DEF.NOM\ntill\ttill\tPP\tPP\nexpansiva\texpansiv\tJJ\tJJ.POS.UTR+NEU.PLU.IND+DEF.NOM\ndelar\tdel\tNN\tNN.UTR.PLU.IND.NOM\nav\tav\tPP\tPP\nn\u00e4ringslivet\tn\u00e4ringsliv\tNN\tNN.NEU.SIN.DEF.NOM\nm\u00e5ste\tm\u00e5ste\tVB\tVB.PRS.AKT\nunderl\u00e4ttas\tunderl\u00e4tta\tVB\tVB.INF.SFO\ngenom\tgenom\tPP\tPP\nen\ten\tDT\tDT.UTR.SIN.IND\naktiv\taktiv\tJJ\tJJ.POS.UTR.SIN.IND.NOM\nindustri-\tindustri\tNN\tNN.UTR.-.-.SMS\n,\t,\tMID\tMID\narbetsmarknadsoch\tarbetsmarknadsoch\tJJ\tJJ.POS.UTR.SIN.IND.NOM\nregionalpolitik\tregionalpolitik\tNN\tNN.UTR.SIN.IND.NOM\n.\t.\tMAD\tMAD\nOlika\tolik\tJJ\tJJ.POS.UTR+NEU.PLU.IND+DEF.NOM\nf\u00f6rslag\tf\u00f6rslag\tNN\tNN.NEU.PLU.IND.NOM\nf\u00f6rbereds\tf\u00f6rbereda\tVB\tVB.PRS.SFO\ni\ti\tPP\tPP\nsyfte\tsyfte\tNN\tNN.NEU.SIN.IND.NOM\natt\tatt\tIE\tIE\nvidmakth\u00e5lla\tvidmakth\u00e5lla\tVB\tVB.INF.AKT\noch\toch\tKN\tKN\nom\tom\tPP\tPP\nm\u00f6jligt\tm\u00f6jlig\tJJ\tJJ.POS.NEU.SIN.IND.NOM\nf\u00f6rst\u00e4rka\tf\u00f6rst\u00e4rka\tVB\tVB.INF.AKT\nden\tden\tDT\tDT.UTR.SIN.DEF\nuppg\u00e5ng\tuppg\u00e5ng\tNN\tNN.UTR.SIN.IND.NOM\ni\ti\tPP\tPP\nn\u00e4ringslivets\tn\u00e4ringsliv\tNN\tNN.NEU.SIN.DEF.GEN\ninvesteringar\tinvestering\tNN\tNN.UTR.PLU.IND.NOM\nsom\tsom\tHP\tHP.-.-.-\n\u00e4gt\t\u00e4ga\tVB\tVB.SUP.AKT\nrum\trum\tNN\tNN.NEU.SIN.IND.NOM\nunder\tunder\tPP\tPP\n1980\t1980\tRG\tRG.NOM\n.\t.\tMAD\tMAD\nSatsningen\tsatsning\tNN\tNN.UTR.SIN.DEF.NOM\np\u00e5\tp\u00e5\tPP\tPP\nforskning\tforskning\tNN\tNN.UTR.SIN.IND.NOM\noch\toch\tKN\tKN\nutveckling\tutveckling\tNN\tNN.UTR.SIN.IND.NOM\nforts\u00e4tter\tforts\u00e4tta\tVB\tVB.PRS.AKT\n.\t.\tMAD\tMAD\nF\u00f6rslag\tf\u00f6rslag\tNN\tNN.NEU.SIN.IND.NOM\nl\u00e4ggs\tl\u00e4gga\tVB\tVB.PRS.SFO\nvidare\tvitt\tAB\tAB.KOM\nfram\tfram\tAB\tAB\nom\tom\tPP\tPP\n\u00f6kade\t\u00f6kad\tPC\tPC.PRF.UTR+NEU.PLU.IND+DEF.NOM\nstimulanser\tstimulans\tNN\tNN.UTR.PLU.IND.NOM\nav\tav\tPP\tPP\naktiesparandet\taktiesparande\tNN\tNN.NEU.SIN.DEF.NOM\n.\t.\tMAD\tMAD","page_number":6,"speaker_note_id":"missing","num_tokens":70,"num_words":70},{"u_id":"i-3JFFuKcceQHCVkeJwLSj13","who":"unknown","prev_id":null,"next_id":null,"paragraphs":["Utrymmet f\u00f6r konsumtions\u00f6kning blir under r\u00e5dande f\u00f6rh\u00e5llanden utomordentligt begr\u00e4nsat . \u00d6verl\u00e4ggningar p\u00e5g\u00e5r mellan regeringen och arbetsmarknadens parter om \u00e5tg\u00e4rder i syfte att underl\u00e4tta den kommande avtalsr\u00f6relsen . Begr\u00e4nsningen av den offentliga utgifts\u00f6kningen m\u00e5ste g\u00e4lla b\u00e5de statlig och kommunal verksamhet . \u00d6verl\u00e4ggningar p\u00e5g\u00e5r \u00e4ven med kommunf\u00f6rbunden ."],"annotation":"token\tlemma\tpos\txpos\nUtrymmet\tutrymme\tNN\tNN.NEU.SIN.DEF.NOM\nf\u00f6r\tf\u00f6r\tPP\tPP\nkonsumtions\u00f6kning\tkonsumtions\u00f6kning\tNN\tNN.UTR.SIN.IND.NOM\nblir\tbli\tVB\tVB.PRS.AKT\nunder\tunder\tPP\tPP\nr\u00e5dande\tr\u00e5dande\tPC\tPC.PRS.UTR+NEU.SIN+PLU.IND+DEF.NOM\nf\u00f6rh\u00e5llanden\tf\u00f6rh\u00e5llande\tNN\tNN.NEU.PLU.IND.NOM\nutomordentligt\tutomordentligt\tAB\tAB.POS\nbegr\u00e4nsat\tbegr\u00e4nsad\tPC\tPC.PRF.NEU.SIN.IND.NOM\n.\t.\tMAD\tMAD\n\u00d6verl\u00e4ggningar\t\u00f6verl\u00e4ggning\tNN\tNN.UTR.PLU.IND.NOM\np\u00e5g\u00e5r\tp\u00e5g\u00e5\tVB\tVB.PRS.AKT\nmellan\tmellan\tPP\tPP\nregeringen\tregering\tNN\tNN.UTR.SIN.DEF.NOM\noch\toch\tKN\tKN\narbetsmarknadens\tarbetsmarknad\tNN\tNN.UTR.SIN.DEF.GEN\nparter\tpart\tNN\tNN.UTR.PLU.IND.NOM\nom\tom\tPP\tPP\n\u00e5tg\u00e4rder\t\u00e5tg\u00e4rd\tNN\tNN.UTR.PLU.IND.NOM\ni\ti\tPP\tPP\nsyfte\tsyfte\tNN\tNN.NEU.SIN.IND.NOM\natt\tatt\tIE\tIE\nunderl\u00e4tta\tunderl\u00e4tta\tVB\tVB.INF.AKT\nden\tden\tDT\tDT.UTR.SIN.DEF\nkommande\tkommande\tPC\tPC.PRS.UTR+NEU.SIN+PLU.IND+DEF.NOM\navtalsr\u00f6relsen\tavtalsr\u00f6relse\tNN\tNN.UTR.SIN.DEF.NOM\n.\t.\tMAD\tMAD\nBegr\u00e4nsningen\tbegr\u00e4nsning\tNN\tNN.UTR.SIN.DEF.NOM\nav\tav\tPP\tPP\nden\tden\tDT\tDT.UTR.SIN.DEF\noffentliga\toffentlig\tJJ\tJJ.POS.UTR+NEU.SIN.DEF.NOM\nutgifts\u00f6kningen\tutgifts\u00f6kning\tNN\tNN.UTR.SIN.DEF.NOM\nm\u00e5ste\tm\u00e5ste\tVB\tVB.PRS.AKT\ng\u00e4lla\tg\u00e4lla\tVB\tVB.INF.AKT\nb\u00e5de\tb\u00e5de\tKN\tKN\nstatlig\tstatlig\tJJ\tJJ.POS.UTR.SIN.IND.NOM\noch\toch\tKN\tKN\nkommunal\tkommunal\tJJ\tJJ.POS.UTR.SIN.IND.NOM\nverksamhet\tverksamhet\tNN\tNN.UTR.SIN.IND.NOM\n.\t.\tMAD\tMAD\n\u00d6verl\u00e4ggningar\t\u00f6verl\u00e4ggning\tNN\tNN.UTR.PLU.IND.NOM\np\u00e5g\u00e5r\tp\u00e5g\u00e5\tVB\tVB.PRS.AKT\n\u00e4ven\t\u00e4ven\tAB\tAB\nmed\tmed\tPP\tPP\nkommunf\u00f6rbunden\tkommunf\u00f6rbund\tNN\tNN.NEU.PLU.DEF.NOM\n.\t.\tMAD\tMAD","page_number":6,"speaker_note_id":"missing","num_tokens":46,"num_words":46},{"u_id":"i-AzDihxjgTRcuUrMKJiFUuc","who":"unknown","prev_id":null,"next_id":null,"paragraphs":["Statsbudgeten f\u00f6r innevarande budget\u00e5r pr\u00e4glas av stor \u00e5terh\u00e5llsamhet med nya utgifter . Som tidigare aviserats f\u00f6rel\u00e4ggs riksdagen inom kort ett omfattande \u00e5tg\u00e4rdsprogram , inriktat bl . a . p\u00e5 att \u00e5stadkomma besparingar i den statliga verksamheten . Tillsammans med de \u00e5tg\u00e4rder som redan beslutats f\u00f6r att begr\u00e4nsa den privata konsumtionen b\u00f6r detta program verksamt bidra till att sl\u00e5 vakt om v\u00e4lf\u00e4rdssamh\u00e4llet , tryggheten och solidariteten i en ekonomiskt och politiskt orolig v\u00e4rld ."],"annotation":"token\tlemma\tpos\txpos\nStatsbudgeten\tstatsbudget\tNN\tNN.UTR.SIN.DEF.NOM\nf\u00f6r\tf\u00f6r\tPP\tPP\ninnevarande\tinnevarande\tPC\tPC.PRS.UTR+NEU.SIN+PLU.IND+DEF.NOM\nbudget\u00e5r\tbudget\u00e5r\tNN\tNN.NEU.SIN.IND.NOM\npr\u00e4glas\tpr\u00e4gla\tVB\tVB.PRS.SFO\nav\tav\tPP\tPP\nstor\tstor\tJJ\tJJ.POS.UTR.SIN.IND.NOM\n\u00e5terh\u00e5llsamhet\t\u00e5terh\u00e5llsamhet\tNN\tNN.UTR.SIN.IND.NOM\nmed\tmed\tPP\tPP\nnya\tny\tJJ\tJJ.POS.UTR+NEU.PLU.IND+DEF.NOM\nutgifter\tutgift\tNN\tNN.UTR.PLU.IND.NOM\n.\t.\tMID\tMID\nSom\tsom\tHP\tHP.-.-.-\ntidigare\ttidigt\tAB\tAB.KOM\naviserats\tavisera\tVB\tVB.SUP.SFO\nf\u00f6rel\u00e4ggs\tf\u00f6rel\u00e4gga\tVB\tVB.PRS.SFO\nriksdagen\triksdag\tNN\tNN.UTR.SIN.DEF.NOM\ninom\tinom\tPP\tPP\nkort\tkort\tAB\tAB\nett\ten\tDT\tDT.NEU.SIN.IND\nomfattande\tomfattande\tPC\tPC.PRS.UTR+NEU.SIN+PLU.IND+DEF.NOM\n\u00e5tg\u00e4rdsprogram\t\u00e5tg\u00e4rdsprogram\tNN\tNN.NEU.SIN.IND.NOM\n,\t,\tMID\tMID\ninriktat\tinriktad\tPC\tPC.PRF.NEU.SIN.IND.NOM\nbl\tbl\tNN\tNN.AN\n.\t.\tMAD\tMAD\na\ta\tNN\tNN.NEU.SIN.IND.NOM\n.\t.\tMAD\tMAD\np\u00e5\tp\u00e5\tPP\tPP\natt\tatt\tIE\tIE\n\u00e5stadkomma\t\u00e5stadkomma\tVB\tVB.INF.AKT\nbesparingar\tbesparing\tNN\tNN.UTR.PLU.IND.NOM\ni\ti\tPP\tPP\nden\tden\tDT\tDT.UTR.SIN.DEF\nstatliga\tstatlig\tJJ\tJJ.POS.UTR+NEU.SIN.DEF.NOM\nverksamheten\tverksamhet\tNN\tNN.UTR.SIN.DEF.NOM\n.\t.\tMAD\tMAD\nTillsammans\ttillsammans\tAB\tAB\nmed\tmed\tPP\tPP\nde\tden\tDT\tDT.UTR+NEU.PLU.DEF\n\u00e5tg\u00e4rder\t\u00e5tg\u00e4rd\tNN\tNN.UTR.PLU.IND.NOM\nsom\tsom\tHP\tHP.-.-.-\nredan\tredan\tAB\tAB\nbeslutats\tbesluta\tVB\tVB.SUP.SFO\nf\u00f6r\tf\u00f6r\tPP\tPP\natt\tatt\tIE\tIE\nbegr\u00e4nsa\tbegr\u00e4nsa\tVB\tVB.INF.AKT\nden\tden\tDT\tDT.UTR.SIN.DEF\nprivata\tprivat\tJJ\tJJ.POS.UTR+NEU.SIN.DEF.NOM\nkonsumtionen\tkonsumtion\tNN\tNN.UTR.SIN.DEF.NOM\nb\u00f6r\tb\u00f6ra\tVB\tVB.PRS.AKT\ndetta\tdenna\tDT\tDT.NEU.SIN.DEF\nprogram\tprogram\tNN\tNN.NEU.SIN.IND.NOM\nverksamt\tverksamt\tAB\tAB.POS\nbidra\tbidra\tVB\tVB.INF.AKT\ntill\ttill\tPP\tPP\natt\tatt\tIE\tIE\nsl\u00e5\tsl\u00e5\tVB\tVB.INF.AKT\nvakt\tvakt\tNN\tNN.UTR.SIN.IND.NOM\nom\tom\tPP\tPP\nv\u00e4lf\u00e4rdssamh\u00e4llet\tv\u00e4lf\u00e4rdssamh\u00e4lle\tNN\tNN.NEU.SIN.DEF.NOM\n,\t,\tMID\tMID\ntryggheten\ttrygghet\tNN\tNN.UTR.SIN.DEF.NOM\noch\toch\tKN\tKN\nsolidariteten\tsolidaritet\tNN\tNN.UTR.SIN.DEF.NOM\ni\ti\tPP\tPP\nen\ten\tDT\tDT.UTR.SIN.IND\nekonomiskt\tekonomiskt\tAB\tAB.POS\noch\toch\tKN\tKN\npolitiskt\tpolitiskt\tAB\tAB.POS\norolig\torolig\tJJ\tJJ.POS.UTR.SIN.IND.NOM\nv\u00e4rld\tv\u00e4rld\tNN\tNN.UTR.SIN.IND.NOM\n.\t.\tMAD\tMAD","page_number":6,"speaker_note_id":"missing","num_tokens":73,"num_words":73},{"u_id":"i-QnUYSfuJTtwVxF5Sd72ZoR","who":"unknown","prev_id":null,"next_id":null,"paragraphs":["L\u00e4get p\u00e5 arbetsmarknaden har m\u00f6jliggjort f\u00f6r fler m\u00e4nniskor \u00e4n n\u00e5gonsin tidigare att f\u00e5 arbete . Ungdomsarbetsl\u00f6sheten inger dock fortfarande oro . Inf\u00f6r den v\u00e4ntade nedg\u00e5ngen i den internationella konjunkturen kommer en h\u00f6g arbetsmarknadspolitisk beredskap att uppr\u00e4tth\u00e5llas ."],"annotation":"token\tlemma\tpos\txpos\nL\u00e4get\tl\u00e4ge\tNN\tNN.NEU.SIN.DEF.NOM\np\u00e5\tp\u00e5\tPP\tPP\narbetsmarknaden\tarbetsmarknad\tNN\tNN.UTR.SIN.DEF.NOM\nhar\tha\tVB\tVB.PRS.AKT\nm\u00f6jliggjort\tm\u00f6jligg\u00f6ra\tVB\tVB.SUP.AKT\nf\u00f6r\tf\u00f6r\tPP\tPP\nfler\tfler\tJJ\tJJ.POS.UTR+NEU.PLU.IND.NOM\nm\u00e4nniskor\tm\u00e4nniska\tNN\tNN.UTR.PLU.IND.NOM\n\u00e4n\t\u00e4n\tKN\tKN\nn\u00e5gonsin\tn\u00e5gonsin\tAB\tAB\ntidigare\ttidigt\tAB\tAB.KOM\natt\tatt\tIE\tIE\nf\u00e5\tf\u00e5\tVB\tVB.INF.AKT\narbete\tarbete\tNN\tNN.NEU.SIN.IND.NOM\n.\t.\tMAD\tMAD\nUngdomsarbetsl\u00f6sheten\tungdomsarbetsl\u00f6shet\tNN\tNN.UTR.SIN.DEF.NOM\ninger\tinge\tVB\tVB.PRS.AKT\ndock\tdock\tAB\tAB\nfortfarande\tfortfarande\tAB\tAB\noro\toro\tNN\tNN.UTR.SIN.IND.NOM\n.\t.\tMAD\tMAD\nInf\u00f6r\tinf\u00f6r\tPP\tPP\nden\tden\tDT\tDT.UTR.SIN.DEF\nv\u00e4ntade\tv\u00e4ntad\tPC\tPC.PRF.UTR+NEU.SIN.DEF.NOM\nnedg\u00e5ngen\tnedg\u00e5ng\tNN\tNN.UTR.SIN.DEF.NOM\ni\ti\tPP\tPP\nden\tden\tDT\tDT.UTR.SIN.DEF\ninternationella\tinternationell\tJJ\tJJ.POS.UTR+NEU.SIN.DEF.NOM\nkonjunkturen\tkonjunktur\tNN\tNN.UTR.SIN.DEF.NOM\nkommer\tkomma\tVB\tVB.PRS.AKT\nen\ten\tDT\tDT.UTR.SIN.IND\nh\u00f6g\th\u00f6g\tJJ\tJJ.POS.UTR.SIN.IND.NOM\narbetsmarknadspolitisk\tarbetsmarknadspolitisk\tJJ\tJJ.POS.UTR.SIN.IND.NOM\nberedskap\tberedskap\tNN\tNN.UTR.SIN.IND.NOM\natt\tatt\tIE\tIE\nuppr\u00e4tth\u00e5llas\tuppr\u00e4tth\u00e5lla\tVB\tVB.INF.SFO\n.\t.\tMAD\tMAD","page_number":6,"speaker_note_id":"missing","num_tokens":37,"num_words":37},{"u_id":"i-6Lt38q3cY3fz8Sg2VBehez","who":"unknown","prev_id":null,"next_id":null,"paragraphs":["Under v\u00e5ren kommer f\u00f6rslag att f\u00f6rel\u00e4ggas riksdagen om en \u00f6versyn av arbetsmarknadspolitiken . Vidare kommer ers\u00e4ttningen under arbetsl\u00f6shet att f\u00f6resl\u00e5s h\u00f6jd ."],"annotation":"token\tlemma\tpos\txpos\nUnder\tunder\tPP\tPP\nv\u00e5ren\tv\u00e5r\tNN\tNN.UTR.SIN.DEF.NOM\nkommer\tkomma\tVB\tVB.PRS.AKT\nf\u00f6rslag\tf\u00f6rslag\tNN\tNN.NEU.SIN.IND.NOM\natt\tatt\tIE\tIE\nf\u00f6rel\u00e4ggas\tf\u00f6rel\u00e4gga\tVB\tVB.INF.SFO\nriksdagen\triksdag\tNN\tNN.UTR.SIN.DEF.NOM\nom\tom\tPP\tPP\nen\ten\tDT\tDT.UTR.SIN.IND\n\u00f6versyn\t\u00f6versyn\tNN\tNN.UTR.SIN.IND.NOM\nav\tav\tPP\tPP\narbetsmarknadspolitiken\tarbetsmarknadspolitik\tNN\tNN.UTR.SIN.DEF.NOM\n.\t.\tMAD\tMAD\nVidare\tvidare\tAB\tAB.KOM\nkommer\tkomma\tVB\tVB.PRS.AKT\ners\u00e4ttningen\ters\u00e4ttning\tNN\tNN.UTR.SIN.DEF.NOM\nunder\tunder\tPP\tPP\narbetsl\u00f6shet\tarbetsl\u00f6shet\tNN\tNN.UTR.SIN.IND.NOM\natt\tatt\tIE\tIE\nf\u00f6resl\u00e5s\tf\u00f6resl\u00e5\tVB\tVB.INF.SFO\nh\u00f6jd\th\u00f6jd\tNN\tNN.UTR.SIN.IND.NOM\n.\t.\tMAD\tMAD","page_number":6,"speaker_note_id":"missing","num_tokens":22,"num_words":22},{"u_id":"i-WcgqCFuVy52aiaXGjMv3q3","who":"unknown","prev_id":null,"next_id":null,"paragraphs":["Arbetet med att reformera inkomstskattesystemet forts\u00e4tter . F\u00f6rslag om en ny skatteskala f\u00f6r 1981 f\u00f6rel\u00e4ggs riksdagen under h\u00f6sten . Fastighetsbeskattningen anpassas till de nya taxeringsv\u00e4rdena och f\u00f6rslag l\u00e4ggs fram om sk\u00e4rpt realisationsvinstbeskattning . \u00c5tg\u00e4rder vidtas ocks\u00e5 f\u00f6r att f\u00f6rb\u00e4ttra skattekontrollen och uppb\u00f6rdssystemet . F\u00f6rslag om en tidsbegr\u00e4nsad allm\u00e4n skatteflyktslag l\u00e4ggs fram nu vid riksm\u00f6tets b\u00f6rjan ."],"annotation":"token\tlemma\tpos\txpos\nArbetet\tarbete\tNN\tNN.NEU.SIN.DEF.NOM\nmed\tmed\tPP\tPP\natt\tatt\tIE\tIE\nreformera\treformera\tVB\tVB.INF.AKT\ninkomstskattesystemet\tinkomstskattesystem\tNN\tNN.NEU.SIN.DEF.NOM\nforts\u00e4tter\tforts\u00e4tta\tVB\tVB.PRS.AKT\n.\t.\tMAD\tMAD\nF\u00f6rslag\tf\u00f6rslag\tNN\tNN.NEU.SIN.IND.NOM\nom\tom\tPP\tPP\nen\ten\tDT\tDT.UTR.SIN.IND\nny\tny\tJJ\tJJ.POS.UTR.SIN.IND.NOM\nskatteskala\tskatteskala\tNN\tNN.UTR.SIN.IND.NOM\nf\u00f6r\tf\u00f6r\tPP\tPP\n1981\t1981\tRG\tRG.NOM\nf\u00f6rel\u00e4ggs\tf\u00f6rel\u00e4gga\tVB\tVB.PRS.SFO\nriksdagen\triksdag\tNN\tNN.UTR.SIN.DEF.NOM\nunder\tunder\tPP\tPP\nh\u00f6sten\th\u00f6st\tNN\tNN.UTR.SIN.DEF.NOM\n.\t.\tMAD\tMAD\nFastighetsbeskattningen\tfastighetsbeskattning\tNN\tNN.UTR.SIN.DEF.NOM\nanpassas\tanpassa\tVB\tVB.PRS.SFO\ntill\ttill\tPP\tPP\nde\tden\tDT\tDT.UTR+NEU.PLU.DEF\nnya\tny\tJJ\tJJ.POS.UTR+NEU.PLU.IND+DEF.NOM\ntaxeringsv\u00e4rdena\ttaxeringsv\u00e4rde\tNN\tNN.NEU.PLU.DEF.NOM\noch\toch\tKN\tKN\nf\u00f6rslag\tf\u00f6rslag\tNN\tNN.NEU.PLU.IND.NOM\nl\u00e4ggs\tl\u00e4gga\tVB\tVB.PRS.SFO\nfram\tfram\tPL\tPL\nom\tom\tPP\tPP\nsk\u00e4rpt\tsk\u00e4rpt\tPC\tPC.PRF.UTR.SIN.IND.NOM\nrealisationsvinstbeskattning\trealisationsvinstbeskattning\tNN\tNN.UTR.SIN.IND.NOM\n.\t.\tMAD\tMAD\n\u00c5tg\u00e4rder\t\u00e5tg\u00e4rd\tNN\tNN.UTR.PLU.IND.NOM\nvidtas\tvidta\tVB\tVB.PRS.SFO\nocks\u00e5\tocks\u00e5\tAB\tAB\nf\u00f6r\tf\u00f6r\tPP\tPP\natt\tatt\tIE\tIE\nf\u00f6rb\u00e4ttra\tf\u00f6rb\u00e4ttra\tVB\tVB.INF.AKT\nskattekontrollen\tskattekontroll\tNN\tNN.UTR.SIN.DEF.NOM\noch\toch\tKN\tKN\nuppb\u00f6rdssystemet\tuppb\u00f6rdssystem\tNN\tNN.NEU.SIN.DEF.NOM\n.\t.\tMAD\tMAD\nF\u00f6rslag\tf\u00f6rslag\tNN\tNN.NEU.SIN.IND.NOM\nom\tom\tPP\tPP\nen\ten\tDT\tDT.UTR.SIN.IND\ntidsbegr\u00e4nsad\ttidsbegr\u00e4nsad\tPC\tPC.PRF.UTR.SIN.IND.NOM\nallm\u00e4n\tallm\u00e4n\tJJ\tJJ.POS.UTR.SIN.IND.NOM\nskatteflyktslag\tskatteflyktslag\tNN\tNN.UTR.SIN.IND.NOM\nl\u00e4ggs\tl\u00e4gga\tVB\tVB.PRS.SFO\nfram\tfram\tPL\tPL\nnu\tnu\tAB\tAB\nvid\tvid\tPP\tPP\nriksm\u00f6tets\triksm\u00f6te\tNN\tNN.NEU.SIN.DEF.GEN\nb\u00f6rjan\tb\u00f6rjan\tNN\tNN.UTR.SIN.IND.NOM\n.\t.\tMAD\tMAD","page_number":6,"speaker_note_id":"missing","num_tokens":56,"num_words":56},{"u_id":"i-2CMSX8BYvBNWcQ8YBXwatg","who":"unknown","prev_id":null,"next_id":null,"paragraphs":["En socialt medveten f\u00f6rdelningspolitik \u00e4r s\u00e4rskilt viktig under \u00e5r d\u00e5 ekonomin st\u00e4ller krav p\u00e5 \u00e5terh\u00e5llsamhet . I de fall d\u00e4r det visat sig n\u00f6dv\u00e4ndigt"],"annotation":"token\tlemma\tpos\txpos\nEn\ten\tDT\tDT.UTR.SIN.IND\nsocialt\tsocialt\tAB\tAB.POS\nmedveten\tmedveten\tJJ\tJJ.POS.UTR.SIN.IND.NOM\nf\u00f6rdelningspolitik\tf\u00f6rdelningspolitik\tNN\tNN.UTR.SIN.IND.NOM\n\u00e4r\tvara\tVB\tVB.PRS.AKT\ns\u00e4rskilt\ts\u00e4rskilt\tAB\tAB\nviktig\tviktig\tJJ\tJJ.POS.UTR.SIN.IND.NOM\nunder\tunder\tPP\tPP\n\u00e5r\t\u00e5r\tNN\tNN.NEU.SIN.IND.NOM\nd\u00e5\td\u00e5\tHA\tHA\nekonomin\tekonomi\tNN\tNN.UTR.SIN.DEF.NOM\nst\u00e4ller\tst\u00e4lla\tVB\tVB.PRS.AKT\nkrav\tkrav\tNN\tNN.NEU.PLU.IND.NOM\np\u00e5\tp\u00e5\tPP\tPP\n\u00e5terh\u00e5llsamhet\t\u00e5terh\u00e5llsamhet\tNN\tNN.UTR.SIN.IND.NOM\n.\t.\tMAD\tMAD\nI\ti\tPP\tPP\nde\tden\tDT\tDT.UTR+NEU.PLU.DEF\nfall\tfall\tNN\tNN.NEU.PLU.IND.NOM\nd\u00e4r\td\u00e4r\tHA\tHA\ndet\tdet\tPN\tPN.NEU.SIN.DEF.SUB+OBJ\nvisat\tvisa\tVB\tVB.SUP.AKT\nsig\tsig\tPN\tPN.UTR+NEU.SIN+PLU.DEF.OBJ\nn\u00f6dv\u00e4ndigt\tn\u00f6dv\u00e4ndig\tJJ\tJJ.POS.NEU.SIN.IND.NOM","page_number":6,"speaker_note_id":"missing","num_tokens":24,"num_words":24},{"u_id":"i-EitB3WTCfxjWcR4gC7cR1m","who":"unknown","prev_id":null,"next_id":null,"paragraphs":["att begr\u00e4nsa generella f\u00f6rm\u00e5ner kommer detta att kombineras med f\u00f6rb\u00e4ttringar f\u00f6r de s\u00e4mst st\u00e4llda ."],"annotation":"token\tlemma\tpos\txpos\natt\tatt\tIE\tIE\nbegr\u00e4nsa\tbegr\u00e4nsa\tVB\tVB.INF.AKT\ngenerella\tgenerell\tJJ\tJJ.POS.UTR+NEU.PLU.IND+DEF.NOM\nf\u00f6rm\u00e5ner\tf\u00f6rm\u00e5n\tNN\tNN.UTR.PLU.IND.NOM\nkommer\tkomma\tVB\tVB.PRS.AKT\ndetta\tdetta\tPN\tPN.NEU.SIN.DEF.SUB+OBJ\natt\tatt\tIE\tIE\nkombineras\tkombinera\tVB\tVB.INF.SFO\nmed\tmed\tPP\tPP\nf\u00f6rb\u00e4ttringar\tf\u00f6rb\u00e4ttring\tNN\tNN.UTR.PLU.IND.NOM\nf\u00f6r\tf\u00f6r\tPP\tPP\nde\tden\tDT\tDT.UTR+NEU.PLU.DEF\ns\u00e4mst\td\u00e5lig\tAB\tAB.SUV\nst\u00e4llda\tst\u00e4lld\tPC\tPC.PRF.UTR+NEU.PLU.IND+DEF.NOM\n.\t.\tMAD\tMAD","page_number":7,"speaker_note_id":"missing","num_tokens":15,"num_words":15},{"u_id":"i-B1GxrgRPh3KL6BoUauXjZ2","who":"unknown","prev_id":null,"next_id":null,"paragraphs":["F\u00f6r\u00e4ndringar i indexber\u00e4kningen av pensioner och skatter kommer s\u00e5lunda att kombineras med en h\u00f6jning av pensionstillskotten f\u00f6r pension\u00e4rer med ingen eller liten ATP samt f\u00f6r f\u00f6rtidspension\u00e4rer . N\u00e4r merv\u00e4rdeskatten h\u00f6jdes , kompenserades barnfamiljerna genom h\u00f6jda barnbidrag ."],"annotation":"token\tlemma\tpos\txpos\nF\u00f6r\u00e4ndringar\tf\u00f6r\u00e4ndring\tNN\tNN.UTR.PLU.IND.NOM\ni\ti\tPP\tPP\nindexber\u00e4kningen\tindexber\u00e4kning\tNN\tNN.UTR.SIN.DEF.NOM\nav\tav\tPP\tPP\npensioner\tpension\tNN\tNN.UTR.PLU.IND.NOM\noch\toch\tKN\tKN\nskatter\tskatt\tNN\tNN.UTR.PLU.IND.NOM\nkommer\tkomma\tVB\tVB.PRS.AKT\ns\u00e5lunda\ts\u00e5lunda\tAB\tAB\natt\tatt\tIE\tIE\nkombineras\tkombinera\tVB\tVB.INF.SFO\nmed\tmed\tPP\tPP\nen\ten\tDT\tDT.UTR.SIN.IND\nh\u00f6jning\th\u00f6jning\tNN\tNN.UTR.SIN.IND.NOM\nav\tav\tPP\tPP\npensionstillskotten\tpensionstillskott\tNN\tNN.NEU.PLU.DEF.NOM\nf\u00f6r\tf\u00f6r\tPP\tPP\npension\u00e4rer\tpension\u00e4r\tNN\tNN.UTR.PLU.IND.NOM\nmed\tmed\tPP\tPP\ningen\tingen\tDT\tDT.UTR.SIN.IND\neller\teller\tKN\tKN\nliten\tliten\tJJ\tJJ.POS.UTR.SIN.IND.NOM\nATP\tATP\tPM\tPM.NOM\nsamt\tsamt\tKN\tKN\nf\u00f6r\tf\u00f6r\tPP\tPP\nf\u00f6rtidspension\u00e4rer\tf\u00f6rtidspension\u00e4r\tNN\tNN.UTR.PLU.IND.NOM\n.\t.\tMAD\tMAD\nN\u00e4r\tn\u00e4r\tHA\tHA\nmerv\u00e4rdeskatten\tmerv\u00e4rdeskatt\tNN\tNN.UTR.SIN.DEF.NOM\nh\u00f6jdes\th\u00f6ja\tVB\tVB.PRT.SFO\n,\t,\tMID\tMID\nkompenserades\tkompensera\tVB\tVB.PRT.SFO\nbarnfamiljerna\tbarnfamilj\tNN\tNN.UTR.PLU.DEF.NOM\ngenom\tgenom\tPP\tPP\nh\u00f6jda\th\u00f6jd\tPC\tPC.PRF.UTR+NEU.PLU.IND+DEF.NOM\nbarnbidrag\tbarnbidrag\tNN\tNN.NEU.PLU.IND.NOM\n.\t.\tMAD\tMAD","page_number":7,"speaker_note_id":"missing","num_tokens":37,"num_words":37},{"u_id":"i-6axLj9JAyksdLizBeSaTRx","who":"unknown","prev_id":null,"next_id":null,"paragraphs":["Utbyggnaden av barnomsorgen forts\u00e4tter . F\u00f6rslag kommer att f\u00f6rel\u00e4ggas riksdagen om bl . a . en f\u00f6renkling av de statliga detaljbest\u00e4mmelserna r\u00f6rande barnomsorgen ."],"annotation":"token\tlemma\tpos\txpos\nUtbyggnaden\tutbyggnad\tNN\tNN.UTR.SIN.DEF.NOM\nav\tav\tPP\tPP\nbarnomsorgen\tbarnomsorg\tNN\tNN.UTR.SIN.DEF.NOM\nforts\u00e4tter\tforts\u00e4tta\tVB\tVB.PRS.AKT\n.\t.\tMAD\tMAD\nF\u00f6rslag\tf\u00f6rslag\tNN\tNN.NEU.SIN.IND.NOM\nkommer\tkomma\tVB\tVB.PRS.AKT\natt\tatt\tIE\tIE\nf\u00f6rel\u00e4ggas\tf\u00f6rel\u00e4gga\tVB\tVB.INF.SFO\nriksdagen\triksdag\tNN\tNN.UTR.SIN.DEF.NOM\nom\tom\tPP\tPP\nbl\tbl\tNN\tNN.AN\n.\t.\tMAD\tMAD\na\ta\tNN\tNN.NEU.SIN.IND.NOM\n.\t.\tMAD\tMAD\nen\ten\tDT\tDT.UTR.SIN.IND\nf\u00f6renkling\tf\u00f6renkling\tNN\tNN.UTR.SIN.IND.NOM\nav\tav\tPP\tPP\nde\tden\tDT\tDT.UTR+NEU.PLU.DEF\nstatliga\tstatlig\tJJ\tJJ.POS.UTR+NEU.PLU.IND+DEF.NOM\ndetaljbest\u00e4mmelserna\tdetaljbest\u00e4mmelse\tNN\tNN.UTR.PLU.DEF.NOM\nr\u00f6rande\tr\u00f6rande\tPP\tPP\nbarnomsorgen\tbarnomsorg\tNN\tNN.UTR.SIN.DEF.NOM\n.\t.\tMAD\tMAD","page_number":7,"speaker_note_id":"missing","num_tokens":24,"num_words":24},{"u_id":"i-NxZ9iPGyx4yS6fXFiSYWJ4","who":"unknown","prev_id":null,"next_id":null,"paragraphs":["ATP-r\u00e4tt kommer att f\u00f6resl\u00e5s inf\u00f6rd f\u00f6r v\u00e5rd i hemmet av sm\u00e5 barn . De handikappades situation kommer att uppm\u00e4rksammas bl . a . inom ramen f\u00f6r internationella handikapp\u00e5ret . En parlamentarisk \u00e4ldreberedning inr\u00e4ttas ."],"annotation":"token\tlemma\tpos\txpos\nATP-r\u00e4tt\tATP-r\u00e4tt\tNN\tNN.UTR.SIN.IND.NOM\nkommer\tkomma\tVB\tVB.PRS.AKT\natt\tatt\tIE\tIE\nf\u00f6resl\u00e5s\tf\u00f6resl\u00e5\tVB\tVB.INF.SFO\ninf\u00f6rd\tinf\u00f6rd\tPC\tPC.PRF.UTR.SIN.IND.NOM\nf\u00f6r\tf\u00f6r\tPP\tPP\nv\u00e5rd\tv\u00e5rd\tNN\tNN.UTR.SIN.IND.NOM\ni\ti\tPP\tPP\nhemmet\them\tNN\tNN.NEU.SIN.DEF.NOM\nav\tav\tPP\tPP\nsm\u00e5\tliten\tJJ\tJJ.POS.UTR+NEU.PLU.IND+DEF.NOM\nbarn\tbarn\tNN\tNN.NEU.PLU.IND.NOM\n.\t.\tMAD\tMAD\nDe\tden\tDT\tDT.UTR+NEU.PLU.DEF\nhandikappades\thandikappad\tPC\tPC.PRF.UTR+NEU.PLU.IND+DEF.GEN\nsituation\tsituation\tNN\tNN.UTR.SIN.IND.NOM\nkommer\tkomma\tVB\tVB.PRS.AKT\natt\tatt\tIE\tIE\nuppm\u00e4rksammas\tuppm\u00e4rksamma\tVB\tVB.INF.SFO\nbl\tbl\tNN\tNN.AN\n.\t.\tMAD\tMAD\na\ta\tNN\tNN.NEU.SIN.IND.NOM\n.\t.\tMAD\tMAD\ninom\tinom\tPP\tPP\nramen\tram\tNN\tNN.UTR.SIN.DEF.NOM\nf\u00f6r\tf\u00f6r\tPP\tPP\ninternationella\tinternationell\tJJ\tJJ.POS.UTR+NEU.SIN.DEF.NOM\nhandikapp\u00e5ret\thandikapp\u00e5r\tNN\tNN.NEU.SIN.DEF.NOM\n.\t.\tMAD\tMAD\nEn\ten\tDT\tDT.UTR.SIN.IND\nparlamentarisk\tparlamentarisk\tJJ\tJJ.POS.UTR.SIN.IND.NOM\n\u00e4ldreberedning\t\u00e4ldreberedning\tNN\tNN.UTR.SIN.IND.NOM\ninr\u00e4ttas\tinr\u00e4tta\tVB\tVB.PRS.SFO\n.\t.\tMAD\tMAD","page_number":7,"speaker_note_id":"missing","num_tokens":34,"num_words":34},{"u_id":"i-QgnBzw48UYrG6JFYS2MCWd","who":"unknown","prev_id":null,"next_id":null,"paragraphs":["F\u00f6rslag kommer vidare att redovisas betr\u00e4ffande samh\u00e4llets insatser f\u00f6r att f\u00f6rebygga missbruk av alkohol och narkotika samt om en fortsatt utbyggnad av missbruksv\u00e5rden . Regionsjukv\u00e5rden och sjukv\u00e5rden i krig kommer att bli f\u00f6rem\u00e5l f\u00f6r s\u00e4rskilda f\u00f6rslag till riksdagen ."],"annotation":"token\tlemma\tpos\txpos\nF\u00f6rslag\tf\u00f6rslag\tNN\tNN.NEU.SIN.IND.NOM\nkommer\tkomma\tVB\tVB.PRS.AKT\nvidare\tvitt\tAB\tAB.KOM\natt\tatt\tIE\tIE\nredovisas\tredovisa\tVB\tVB.INF.SFO\nbetr\u00e4ffande\tbetr\u00e4ffande\tPP\tPP\nsamh\u00e4llets\tsamh\u00e4lle\tNN\tNN.NEU.SIN.DEF.GEN\ninsatser\tinsats\tNN\tNN.UTR.PLU.IND.NOM\nf\u00f6r\tf\u00f6r\tPP\tPP\natt\tatt\tIE\tIE\nf\u00f6rebygga\tf\u00f6rebygga\tVB\tVB.INF.AKT\nmissbruk\tmissbruk\tNN\tNN.NEU.SIN.IND.NOM\nav\tav\tPP\tPP\nalkohol\talkohol\tNN\tNN.UTR.SIN.IND.NOM\noch\toch\tKN\tKN\nnarkotika\tnarkotika\tNN\tNN.UTR.PLU.IND.NOM\nsamt\tsamt\tKN\tKN\nom\tom\tSN\tSN\nen\ten\tDT\tDT.UTR.SIN.IND\nfortsatt\tfortsatt\tPC\tPC.PRF.UTR.SIN.IND.NOM\nutbyggnad\tutbyggnad\tNN\tNN.UTR.SIN.IND.NOM\nav\tav\tPP\tPP\nmissbruksv\u00e5rden\tmissbruksv\u00e5rd\tNN\tNN.UTR.SIN.DEF.NOM\n.\t.\tMAD\tMAD\nRegionsjukv\u00e5rden\tregionsjukv\u00e5rd\tNN\tNN.UTR.SIN.DEF.NOM\noch\toch\tKN\tKN\nsjukv\u00e5rden\tsjukv\u00e5rd\tNN\tNN.UTR.SIN.DEF.NOM\ni\ti\tPP\tPP\nkrig\tkrig\tNN\tNN.NEU.SIN.IND.NOM\nkommer\tkomma\tVB\tVB.PRS.AKT\natt\tatt\tIE\tIE\nbli\tbli\tVB\tVB.INF.AKT\nf\u00f6rem\u00e5l\tf\u00f6rem\u00e5l\tNN\tNN.NEU.SIN.IND.NOM\nf\u00f6r\tf\u00f6r\tPP\tPP\ns\u00e4rskilda\ts\u00e4rskild\tPC\tPC.PRF.UTR+NEU.PLU.IND+DEF.NOM\nf\u00f6rslag\tf\u00f6rslag\tNN\tNN.NEU.PLU.IND.NOM\ntill\ttill\tPP\tPP\nriksdagen\triksdag\tNN\tNN.UTR.SIN.DEF.NOM\n.\t.\tMAD\tMAD","page_number":7,"speaker_note_id":"missing","num_tokens":39,"num_words":39},{"u_id":"i-MBfTuZuevhv86YXHLVWLuC","who":"unknown","prev_id":null,"next_id":null,"paragraphs":["I syfte att utj\u00e4mna boendekostnaderna f\u00f6r bost\u00e4der med olika uppl\u00e5telseform och olika \u00e5lder kommer f\u00f6r\u00e4ndringar att f\u00f6resl\u00e5s i r\u00e4ntebidragssystemet . Arbetet med f\u00f6rnyelsen av byggnadslagstiftningen ges h\u00f6g prioritet ."],"annotation":"token\tlemma\tpos\txpos\nI\ti\tPP\tPP\nsyfte\tsyfte\tNN\tNN.NEU.SIN.IND.NOM\natt\tatt\tIE\tIE\nutj\u00e4mna\tutj\u00e4mna\tVB\tVB.INF.AKT\nboendekostnaderna\tboendekostnad\tNN\tNN.UTR.PLU.DEF.NOM\nf\u00f6r\tf\u00f6r\tPP\tPP\nbost\u00e4der\tbostad\tNN\tNN.UTR.PLU.IND.NOM\nmed\tmed\tPP\tPP\nolika\tolik\tJJ\tJJ.POS.UTR+NEU.PLU.IND+DEF.NOM\nuppl\u00e5telseform\tuppl\u00e5telseform\tNN\tNN.UTR.SIN.IND.NOM\noch\toch\tKN\tKN\nolika\tolik\tJJ\tJJ.POS.UTR+NEU.PLU.IND+DEF.NOM\n\u00e5lder\t\u00e5lder\tNN\tNN.UTR.SIN.IND.NOM\nkommer\tkomma\tVB\tVB.PRS.AKT\nf\u00f6r\u00e4ndringar\tf\u00f6r\u00e4ndring\tNN\tNN.UTR.PLU.IND.NOM\natt\tatt\tIE\tIE\nf\u00f6resl\u00e5s\tf\u00f6resl\u00e5\tVB\tVB.INF.SFO\ni\ti\tPP\tPP\nr\u00e4ntebidragssystemet\tr\u00e4ntebidragssystem\tNN\tNN.NEU.SIN.DEF.NOM\n.\t.\tMAD\tMAD\nArbetet\tarbete\tNN\tNN.NEU.SIN.DEF.NOM\nmed\tmed\tPP\tPP\nf\u00f6rnyelsen\tf\u00f6rnyelse\tNN\tNN.UTR.SIN.DEF.NOM\nav\tav\tPP\tPP\nbyggnadslagstiftningen\tbyggnadslagstiftning\tNN\tNN.UTR.SIN.DEF.NOM\nges\tge\tVB\tVB.PRS.SFO\nh\u00f6g\th\u00f6g\tJJ\tJJ.POS.UTR.SIN.IND.NOM\nprioritet\tprioritet\tNN\tNN.UTR.SIN.IND.NOM\n.\t.\tMAD\tMAD","page_number":7,"speaker_note_id":"missing","num_tokens":29,"num_words":29},{"u_id":"i-5YNQxUfp1fCmCLqsC8wH5M","who":"unknown","prev_id":null,"next_id":null,"paragraphs":["Ytterligare anstr\u00e4ngningar kommer att g\u00f6ras f\u00f6r att g\u00f6ra milj\u00f6skyddslagstiftningen effektivare . Nya best\u00e4mmelser kommer att f\u00f6resl\u00e5s om straff f\u00f6r milj\u00f6brott . Som ett led i olika \u00e5tg\u00e4rder mot f\u00f6rsurningen i naturen har en internationell konvention uppr\u00e4ttats r\u00f6rande spridning av luftf\u00f6roreningar . Vidare kommer beredskapen f\u00f6r att skydda v\u00e5ra kuster mot f\u00f6rorening av olja att f\u00f6rst\u00e4rkas ."],"annotation":"token\tlemma\tpos\txpos\nYtterligare\tytterlig\tJJ\tJJ.KOM.UTR+NEU.SIN+PLU.IND+DEF.NOM\nanstr\u00e4ngningar\tanstr\u00e4ngning\tNN\tNN.UTR.PLU.IND.NOM\nkommer\tkomma\tVB\tVB.PRS.AKT\natt\tatt\tIE\tIE\ng\u00f6ras\tg\u00f6ra\tVB\tVB.INF.SFO\nf\u00f6r\tf\u00f6r\tPP\tPP\natt\tatt\tIE\tIE\ng\u00f6ra\tg\u00f6ra\tVB\tVB.INF.AKT\nmilj\u00f6skyddslagstiftningen\tmilj\u00f6skyddslagstiftning\tNN\tNN.UTR.SIN.DEF.NOM\neffektivare\teffektiv\tJJ\tJJ.KOM.UTR+NEU.SIN+PLU.IND+DEF.NOM\n.\t.\tMAD\tMAD\nNya\tny\tJJ\tJJ.POS.UTR+NEU.PLU.IND+DEF.NOM\nbest\u00e4mmelser\tbest\u00e4mmelse\tNN\tNN.UTR.PLU.IND.NOM\nkommer\tkomma\tVB\tVB.PRS.AKT\natt\tatt\tIE\tIE\nf\u00f6resl\u00e5s\tf\u00f6resl\u00e5\tVB\tVB.INF.SFO\nom\tom\tPP\tPP\nstraff\tstraff\tNN\tNN.NEU.SIN.IND.NOM\nf\u00f6r\tf\u00f6r\tPP\tPP\nmilj\u00f6brott\tmilj\u00f6brott\tNN\tNN.NEU.SIN.IND.NOM\n.\t.\tMAD\tMAD\nSom\tsom\tKN\tKN\nett\ten\tDT\tDT.NEU.SIN.IND\nled\tled\tNN\tNN.NEU.SIN.IND.NOM\ni\ti\tPP\tPP\nolika\tolik\tJJ\tJJ.POS.UTR+NEU.PLU.IND+DEF.NOM\n\u00e5tg\u00e4rder\t\u00e5tg\u00e4rd\tNN\tNN.UTR.PLU.IND.NOM\nmot\tmot\tPP\tPP\nf\u00f6rsurningen\tf\u00f6rsurning\tNN\tNN.UTR.SIN.DEF.NOM\ni\ti\tPP\tPP\nnaturen\tnatur\tNN\tNN.UTR.SIN.DEF.NOM\nhar\tha\tVB\tVB.PRS.AKT\nen\ten\tDT\tDT.UTR.SIN.IND\ninternationell\tinternationell\tJJ\tJJ.POS.UTR.SIN.IND.NOM\nkonvention\tkonvention\tNN\tNN.UTR.SIN.IND.NOM\nuppr\u00e4ttats\tuppr\u00e4tta\tVB\tVB.SUP.SFO\nr\u00f6rande\tr\u00f6rande\tPP\tPP\nspridning\tspridning\tNN\tNN.UTR.SIN.IND.NOM\nav\tav\tPP\tPP\nluftf\u00f6roreningar\tluftf\u00f6rorening\tNN\tNN.UTR.PLU.IND.NOM\n.\t.\tMAD\tMAD\nVidare\tvidare\tAB\tAB.KOM\nkommer\tkomma\tVB\tVB.PRS.AKT\nberedskapen\tberedskap\tNN\tNN.UTR.SIN.DEF.NOM\nf\u00f6r\tf\u00f6r\tPP\tPP\natt\tatt\tIE\tIE\nskydda\tskydda\tVB\tVB.INF.AKT\nv\u00e5ra\tv\u00e5r\tPS\tPS.UTR+NEU.PLU.DEF\nkuster\tkust\tNN\tNN.UTR.PLU.IND.NOM\nmot\tmot\tPP\tPP\nf\u00f6rorening\tf\u00f6rorening\tNN\tNN.UTR.SIN.IND.NOM\nav\tav\tPP\tPP\nolja\tolja\tNN\tNN.UTR.SIN.IND.NOM\natt\tatt\tIE\tIE\nf\u00f6rst\u00e4rkas\tf\u00f6rst\u00e4rka\tVB\tVB.INF.SFO\n.\t.\tMAD\tMAD","page_number":7,"speaker_note_id":"missing","num_tokens":56,"num_words":56},{"u_id":"i-MsTE2uVbXst7MmHyF63oU6","who":"unknown","prev_id":null,"next_id":null,"paragraphs":["Den statliga skoladministrationen kommer att reformeras med sikte p\u00e5 decentralisering , f\u00f6renkling och minskning av antalet anst\u00e4llda . Str\u00e4van \u00e4r ocks\u00e5 att ge eleverna \u00f6kat ansvar f\u00f6r verksamheten i skolan . St\u00f6det till folkbildningsarbetet kommer att reformeras ."],"annotation":"token\tlemma\tpos\txpos\nDen\tden\tDT\tDT.UTR.SIN.DEF\nstatliga\tstatlig\tJJ\tJJ.POS.UTR+NEU.SIN.DEF.NOM\nskoladministrationen\tskoladministration\tNN\tNN.UTR.SIN.DEF.NOM\nkommer\tkomma\tVB\tVB.PRS.AKT\natt\tatt\tIE\tIE\nreformeras\treformera\tVB\tVB.INF.SFO\nmed\tmed\tPP\tPP\nsikte\tsikte\tNN\tNN.NEU.SIN.IND.NOM\np\u00e5\tp\u00e5\tPP\tPP\ndecentralisering\tdecentralisering\tNN\tNN.UTR.SIN.IND.NOM\n,\t,\tMID\tMID\nf\u00f6renkling\tf\u00f6renkling\tNN\tNN.UTR.SIN.IND.NOM\noch\toch\tKN\tKN\nminskning\tminskning\tNN\tNN.UTR.SIN.IND.NOM\nav\tav\tPP\tPP\nantalet\tantal\tNN\tNN.NEU.SIN.DEF.NOM\nanst\u00e4llda\tanst\u00e4lld\tNN\tNN.UTR.PLU.IND.NOM\n.\t.\tMAD\tMAD\nStr\u00e4van\tstr\u00e4van\tNN\tNN.UTR.SIN.IND.NOM\n\u00e4r\tvara\tVB\tVB.PRS.AKT\nocks\u00e5\tocks\u00e5\tAB\tAB\natt\tatt\tIE\tIE\nge\tge\tVB\tVB.INF.AKT\neleverna\telev\tNN\tNN.UTR.PLU.DEF.NOM\n\u00f6kat\t\u00f6ka\tVB\tVB.SUP.AKT\nansvar\tansvar\tNN\tNN.NEU.SIN.IND.NOM\nf\u00f6r\tf\u00f6r\tPP\tPP\nverksamheten\tverksamhet\tNN\tNN.UTR.SIN.DEF.NOM\ni\ti\tPP\tPP\nskolan\tskola\tNN\tNN.UTR.SIN.DEF.NOM\n.\t.\tMAD\tMAD\nSt\u00f6det\tst\u00f6d\tNN\tNN.NEU.SIN.DEF.NOM\ntill\ttill\tPP\tPP\nfolkbildningsarbetet\tfolkbildningsarbete\tNN\tNN.NEU.SIN.DEF.NOM\nkommer\tkomma\tVB\tVB.PRS.AKT\natt\tatt\tIE\tIE\nreformeras\treformera\tVB\tVB.INF.SFO\n.\t.\tMAD\tMAD","page_number":7,"speaker_note_id":"missing","num_tokens":38,"num_words":38},{"u_id":"i-Ur91Wm3RHCmsbaMtJf5dEJ","who":"unknown","prev_id":null,"next_id":null,"paragraphs":["Ett program l\u00e4ggs under v\u00e5ren fram f\u00f6r verksamheten vid styrelsen f\u00f6r teknisk utveckling . Exportkreditgivningen enligt nuvarande system f\u00f6rl\u00e4ngs , n\u00e4r den nuvarande f\u00f6rs\u00f6ksperioden g\u00e5r ut ."],"annotation":"token\tlemma\tpos\txpos\nEtt\ten\tDT\tDT.NEU.SIN.IND\nprogram\tprogram\tNN\tNN.NEU.SIN.IND.NOM\nl\u00e4ggs\tl\u00e4gga\tVB\tVB.PRS.SFO\nunder\tunder\tPP\tPP\nv\u00e5ren\tv\u00e5r\tNN\tNN.UTR.SIN.DEF.NOM\nfram\tfram\tAB\tAB\nf\u00f6r\tf\u00f6r\tPP\tPP\nverksamheten\tverksamhet\tNN\tNN.UTR.SIN.DEF.NOM\nvid\tvid\tPP\tPP\nstyrelsen\tstyrelse\tNN\tNN.UTR.SIN.DEF.NOM\nf\u00f6r\tf\u00f6r\tPP\tPP\nteknisk\tteknisk\tJJ\tJJ.POS.UTR.SIN.IND.NOM\nutveckling\tutveckling\tNN\tNN.UTR.SIN.IND.NOM\n.\t.\tMAD\tMAD\nExportkreditgivningen\texportkreditgivning\tNN\tNN.UTR.SIN.DEF.NOM\nenligt\tenligt\tPP\tPP\nnuvarande\tnuvarande\tPC\tPC.PRS.UTR+NEU.SIN+PLU.IND+DEF.NOM\nsystem\tsystem\tNN\tNN.NEU.SIN.IND.NOM\nf\u00f6rl\u00e4ngs\tf\u00f6rl\u00e4nga\tVB\tVB.PRS.SFO\n,\t,\tMID\tMID\nn\u00e4r\tn\u00e4r\tHA\tHA\nden\tden\tDT\tDT.UTR.SIN.DEF\nnuvarande\tnuvarande\tPC\tPC.PRS.UTR+NEU.SIN+PLU.IND+DEF.NOM\nf\u00f6rs\u00f6ksperioden\tf\u00f6rs\u00f6ksperiod\tNN\tNN.UTR.SIN.DEF.NOM\ng\u00e5r\tg\u00e5\tVB\tVB.PRS.AKT\nut\tut\tPL\tPL\n.\t.\tMAD\tMAD","page_number":7,"speaker_note_id":"missing","num_tokens":27,"num_words":27},{"u_id":"i-2BzHjNN741qa6abbvSCdh9","who":"unknown","prev_id":null,"next_id":null,"paragraphs":["Fortsatta anstr\u00e4ngningar m\u00e5ste g\u00f6ras f\u00f6r att h\u00e5lla tillbaka oljeimporten och minska beroendet av importerade br\u00e4nslen . Regeringen avser att med hj\u00e4lp av bl . a . energibeskattningen uppr\u00e4tth\u00e5lla en s\u00e5dan prisniv\u00e5 att fortsatta sparinsatser stimuleras . Olika f\u00f6rslag l\u00e4ggs under riksm\u00f6tet fram i syfte att stimulera en snabbare utveckling av alternativa , inhemska och milj\u00f6v\u00e4nliga energik\u00e4llor ."],"annotation":"token\tlemma\tpos\txpos\nFortsatta\tfortsatt\tPC\tPC.PRF.UTR+NEU.PLU.IND+DEF.NOM\nanstr\u00e4ngningar\tanstr\u00e4ngning\tNN\tNN.UTR.PLU.IND.NOM\nm\u00e5ste\tm\u00e5ste\tVB\tVB.PRS.AKT\ng\u00f6ras\tg\u00f6ra\tVB\tVB.INF.SFO\nf\u00f6r\tf\u00f6r\tPP\tPP\natt\tatt\tIE\tIE\nh\u00e5lla\th\u00e5lla\tVB\tVB.INF.AKT\ntillbaka\ttillbaka\tPL\tPL\noljeimporten\toljeimport\tNN\tNN.UTR.SIN.DEF.NOM\noch\toch\tKN\tKN\nminska\tminska\tVB\tVB.INF.AKT\nberoendet\tberoende\tNN\tNN.NEU.SIN.DEF.NOM\nav\tav\tPP\tPP\nimporterade\timporterad\tPC\tPC.PRF.UTR+NEU.PLU.IND+DEF.NOM\nbr\u00e4nslen\tbr\u00e4nsle\tNN\tNN.NEU.PLU.IND.NOM\n.\t.\tMAD\tMAD\nRegeringen\tregering\tNN\tNN.UTR.SIN.DEF.NOM\navser\tavse\tVB\tVB.PRS.AKT\natt\tatt\tIE\tIE\nmed\tmed\tPP\tPP\nhj\u00e4lp\thj\u00e4lp\tNN\tNN.UTR.SIN.IND.NOM\nav\tav\tPP\tPP\nbl\tbl\tNN\tNN.AN\n.\t.\tMAD\tMAD\na\ta\tNN\tNN.NEU.SIN.IND.NOM\n.\t.\tMID\tMID\nenergibeskattningen\tenergibeskattning\tNN\tNN.UTR.SIN.DEF.NOM\nuppr\u00e4tth\u00e5lla\tuppr\u00e4tth\u00e5lla\tVB\tVB.INF.AKT\nen\ten\tDT\tDT.UTR.SIN.IND\ns\u00e5dan\ts\u00e5dan\tJJ\tJJ.POS.UTR.SIN.IND.NOM\nprisniv\u00e5\tprisniv\u00e5\tNN\tNN.UTR.SIN.IND.NOM\natt\tatt\tSN\tSN\nfortsatta\tfortsatt\tPC\tPC.PRF.UTR+NEU.PLU.IND+DEF.NOM\nsparinsatser\tsparinsats\tNN\tNN.UTR.PLU.IND.NOM\nstimuleras\tstimulera\tVB\tVB.PRS.SFO\n.\t.\tMAD\tMAD\nOlika\tolik\tJJ\tJJ.POS.UTR+NEU.PLU.IND+DEF.NOM\nf\u00f6rslag\tf\u00f6rslag\tNN\tNN.NEU.PLU.IND.NOM\nl\u00e4ggs\tl\u00e4gga\tVB\tVB.PRS.SFO\nunder\tunder\tPP\tPP\nriksm\u00f6tet\triksm\u00f6te\tNN\tNN.NEU.SIN.DEF.NOM\nfram\tfram\tAB\tAB\ni\ti\tPP\tPP\nsyfte\tsyfte\tNN\tNN.NEU.SIN.IND.NOM\natt\tatt\tIE\tIE\nstimulera\tstimulera\tVB\tVB.INF.AKT\nen\ten\tDT\tDT.UTR.SIN.IND\nsnabbare\tsnabb\tJJ\tJJ.KOM.UTR+NEU.SIN+PLU.IND+DEF.NOM\nutveckling\tutveckling\tNN\tNN.UTR.SIN.IND.NOM\nav\tav\tPP\tPP\nalternativa\talternativ\tJJ\tJJ.POS.UTR+NEU.PLU.IND+DEF.NOM\n,\t,\tMID\tMID\ninhemska\tinhemsk\tJJ\tJJ.POS.UTR+NEU.PLU.IND+DEF.NOM\noch\toch\tKN\tKN\nmilj\u00f6v\u00e4nliga\tmilj\u00f6v\u00e4nlig\tJJ\tJJ.POS.UTR+NEU.PLU.IND+DEF.NOM\nenergik\u00e4llor\tenergik\u00e4lla\tNN\tNN.UTR.PLU.IND.NOM\n.\t.\tMAD\tMAD","page_number":7,"speaker_note_id":"missing","num_tokens":57,"num_words":57},{"u_id":"i-UYo38Y1jYPDPcgaiTQpWKq","who":"unknown","prev_id":null,"next_id":null,"paragraphs":["F\u00f6rslag ang\u00e5ende inr\u00e4ttandet av en s. k. oljeers\u00e4ttningsfond kommer att f\u00f6rel\u00e4ggas riksdagen redan i h\u00f6st . Senare under riksm\u00f6tet kommer riktlinjer att l\u00e4ggas fram f\u00f6r energipolitiken till \u00e5r 1990 . I samband h\u00e4rmed redovisas ocks\u00e5 ett f\u00f6rslag till nytt energiforskningsprogram ."],"annotation":"token\tlemma\tpos\txpos\nF\u00f6rslag\tf\u00f6rslag\tNN\tNN.NEU.SIN.IND.NOM\nang\u00e5ende\tang\u00e5ende\tPP\tPP\ninr\u00e4ttandet\tinr\u00e4ttande\tNN\tNN.NEU.SIN.DEF.NOM\nav\tav\tPP\tPP\nen\ten\tDT\tDT.UTR.SIN.IND\ns.\ts\tNN\tNN.AN\nk.\tk\u00f6nkt\tJJ\tJJ.POS.UTR.SIN.IND.NOM\noljeers\u00e4ttningsfond\toljeers\u00e4ttningsfond\tNN\tNN.UTR.SIN.IND.NOM\nkommer\tkomma\tVB\tVB.PRS.AKT\natt\tatt\tIE\tIE\nf\u00f6rel\u00e4ggas\tf\u00f6rel\u00e4gga\tVB\tVB.INF.SFO\nriksdagen\triksdag\tNN\tNN.UTR.SIN.DEF.NOM\nredan\tredan\tAB\tAB\ni\ti\tPP\tPP\nh\u00f6st\th\u00f6st\tNN\tNN.UTR.SIN.IND.NOM\n.\t.\tMAD\tMAD\nSenare\tsent\tAB\tAB.KOM\nunder\tunder\tPP\tPP\nriksm\u00f6tet\triksm\u00f6te\tNN\tNN.NEU.SIN.DEF.NOM\nkommer\tkomma\tVB\tVB.PRS.AKT\nriktlinjer\triktlinje\tNN\tNN.UTR.PLU.IND.NOM\natt\tatt\tIE\tIE\nl\u00e4ggas\tl\u00e4gga\tVB\tVB.INF.SFO\nfram\tfram\tPL\tPL\nf\u00f6r\tf\u00f6r\tPP\tPP\nenergipolitiken\tenergipolitik\tNN\tNN.UTR.SIN.DEF.NOM\ntill\ttill\tPP\tPP\n\u00e5r\t\u00e5r\tNN\tNN.NEU.SIN.IND.NOM\n1990\t1990\tRG\tRG.NOM\n.\t.\tMAD\tMAD\nI\ti\tPP\tPP\nsamband\tsamband\tNN\tNN.NEU.SIN.IND.NOM\nh\u00e4rmed\th\u00e4rmed\tAB\tAB\nredovisas\tredovisa\tVB\tVB.PRS.SFO\nocks\u00e5\tocks\u00e5\tAB\tAB\nett\ten\tDT\tDT.NEU.SIN.IND\nf\u00f6rslag\tf\u00f6rslag\tNN\tNN.NEU.SIN.IND.NOM\ntill\ttill\tPP\tPP\nnytt\tny\tJJ\tJJ.POS.NEU.SIN.IND.NOM\nenergiforskningsprogram\tenergiforskningsprogram\tNN\tNN.NEU.SIN.IND.NOM\n.\t.\tMAD\tMAD","page_number":7,"speaker_note_id":"missing","num_tokens":41,"num_words":41},{"u_id":"i-TPZNXbyXyocRgBqXKFb1tJ","who":"unknown","prev_id":null,"next_id":null,"paragraphs":["P\u00e5 det trafikpolitiska omr\u00e5det kommer regeringen att f\u00f6resl\u00e5 \u00f6kade investeringar inom SJ . F\u00f6r att successivt eliminera SJ:s underskott genomf\u00f6rs en strukturplan . Vissa taxeh\u00f6jningar kommer att bli n\u00f6dv\u00e4ndiga , men l\u00e5gprislinjen bibeh\u00e5lls . Underh\u00e5llet av v\u00e4gar prioriteras framf\u00f6r nybyggnation ."],"annotation":"token\tlemma\tpos\txpos\nP\u00e5\tp\u00e5\tPP\tPP\ndet\tden\tDT\tDT.NEU.SIN.DEF\ntrafikpolitiska\ttrafikpolitisk\tJJ\tJJ.POS.UTR+NEU.SIN.DEF.NOM\nomr\u00e5det\tomr\u00e5de\tNN\tNN.NEU.SIN.DEF.NOM\nkommer\tkomma\tVB\tVB.PRS.AKT\nregeringen\tregering\tNN\tNN.UTR.SIN.DEF.NOM\natt\tatt\tIE\tIE\nf\u00f6resl\u00e5\tf\u00f6resl\u00e5\tVB\tVB.INF.AKT\n\u00f6kade\t\u00f6kad\tPC\tPC.PRF.UTR+NEU.PLU.IND+DEF.NOM\ninvesteringar\tinvestering\tNN\tNN.UTR.PLU.IND.NOM\ninom\tinom\tPP\tPP\nSJ\tSJ\tPM\tPM.NOM\n.\t.\tMAD\tMAD\nF\u00f6r\tf\u00f6r\tPP\tPP\natt\tatt\tIE\tIE\nsuccessivt\tsuccessivt\tAB\tAB.POS\neliminera\teliminera\tVB\tVB.INF.AKT\nSJ:s\tSJ\tPM\tPM.GEN\nunderskott\tunderskott\tNN\tNN.NEU.SIN.IND.NOM\ngenomf\u00f6rs\tgenomf\u00f6ra\tVB\tVB.PRS.SFO\nen\ten\tDT\tDT.UTR.SIN.IND\nstrukturplan\tstrukturplan\tNN\tNN.UTR.SIN.IND.NOM\n.\t.\tMAD\tMAD\nVissa\tviss\tJJ\tJJ.POS.UTR+NEU.PLU.IND+DEF.NOM\ntaxeh\u00f6jningar\ttaxeh\u00f6jning\tNN\tNN.UTR.PLU.IND.NOM\nkommer\tkomma\tVB\tVB.PRS.AKT\natt\tatt\tIE\tIE\nbli\tbli\tVB\tVB.INF.AKT\nn\u00f6dv\u00e4ndiga\tn\u00f6dv\u00e4ndig\tJJ\tJJ.POS.UTR+NEU.PLU.IND+DEF.NOM\n,\t,\tMID\tMID\nmen\tmen\tKN\tKN\nl\u00e5gprislinjen\tl\u00e5gprislinje\tNN\tNN.UTR.SIN.DEF.NOM\nbibeh\u00e5lls\tbibeh\u00e5lla\tVB\tVB.PRS.SFO\n.\t.\tMAD\tMAD\nUnderh\u00e5llet\tunderh\u00e5ll\tNN\tNN.NEU.SIN.DEF.NOM\nav\tav\tPP\tPP\nv\u00e4gar\tv\u00e4g\tNN\tNN.UTR.PLU.IND.NOM\nprioriteras\tprioritera\tVB\tVB.PRS.SFO\nframf\u00f6r\tframf\u00f6r\tPP\tPP\nnybyggnation\tnybyggnation\tNN\tNN.UTR.SIN.IND.NOM\n.\t.\tMAD\tMAD","page_number":8,"speaker_note_id":"missing","num_tokens":41,"num_words":41},{"u_id":"i-FQzr7ywFbhtb6EZSuC6usP","who":"unknown","prev_id":null,"next_id":null,"paragraphs":["Regeringen kommer att forts\u00e4tta att bek\u00e4mpa byr\u00e5krati och kr\u00e5ngel . St\u00f6rre vikt m\u00e5ste f\u00e4stas vid myndigheternas service och v\u00e4gledning till allm\u00e4nheten . Arbetet f\u00f6r decentralisering och n\u00e4rdemokrati kommer ytterligare att prioriteras . M\u00f6jligheterna till samh\u00e4llsekonomiska besparingar kan d\u00e4rmed tas till vara inom olika verksamhetsomr\u00e5den . F\u00f6rslag kommer att l\u00e4ggas fram om att begr\u00e4nsa s\u00e5dan statlig normgivning som medf\u00f6r \u00f6kade kostnader f\u00f6r kommuner och landstingskommuner . \u00c5tg\u00e4rder kommer ocks\u00e5 att vidtas f\u00f6r att underl\u00e4tta folkr\u00f6relsernas arbete ."],"annotation":"token\tlemma\tpos\txpos\nRegeringen\tregering\tNN\tNN.UTR.SIN.DEF.NOM\nkommer\tkomma\tVB\tVB.PRS.AKT\natt\tatt\tIE\tIE\nforts\u00e4tta\tforts\u00e4tta\tVB\tVB.INF.AKT\natt\tatt\tIE\tIE\nbek\u00e4mpa\tbek\u00e4mpa\tVB\tVB.INF.AKT\nbyr\u00e5krati\tbyr\u00e5krati\tNN\tNN.UTR.SIN.IND.NOM\noch\toch\tKN\tKN\nkr\u00e5ngel\tkr\u00e5ngel\tNN\tNN.NEU.SIN.IND.NOM\n.\t.\tMAD\tMAD\nSt\u00f6rre\tstor\tJJ\tJJ.KOM.UTR+NEU.SIN+PLU.IND+DEF.NOM\nvikt\tvikt\tNN\tNN.UTR.SIN.IND.NOM\nm\u00e5ste\tm\u00e5ste\tVB\tVB.PRS.AKT\nf\u00e4stas\tf\u00e4sta\tVB\tVB.INF.SFO\nvid\tvid\tPP\tPP\nmyndigheternas\tmyndighet\tNN\tNN.UTR.PLU.DEF.GEN\nservice\tservice\tNN\tNN.UTR.SIN.IND.NOM\noch\toch\tKN\tKN\nv\u00e4gledning\tv\u00e4gledning\tNN\tNN.UTR.SIN.IND.NOM\ntill\ttill\tPP\tPP\nallm\u00e4nheten\tallm\u00e4nhet\tNN\tNN.UTR.SIN.DEF.NOM\n.\t.\tMAD\tMAD\nArbetet\tarbete\tNN\tNN.NEU.SIN.DEF.NOM\nf\u00f6r\tf\u00f6r\tPP\tPP\ndecentralisering\tdecentralisering\tNN\tNN.UTR.SIN.IND.NOM\noch\toch\tKN\tKN\nn\u00e4rdemokrati\tn\u00e4rdemokrati\tNN\tNN.UTR.SIN.IND.NOM\nkommer\tkomma\tVB\tVB.PRS.AKT\nytterligare\tytterligt\tAB\tAB.KOM\natt\tatt\tIE\tIE\nprioriteras\tprioritera\tVB\tVB.INF.SFO\n.\t.\tMAD\tMAD\nM\u00f6jligheterna\tm\u00f6jlighet\tNN\tNN.UTR.PLU.DEF.NOM\ntill\ttill\tPP\tPP\nsamh\u00e4llsekonomiska\tsamh\u00e4llsekonomisk\tJJ\tJJ.POS.UTR+NEU.PLU.IND+DEF.NOM\nbesparingar\tbesparing\tNN\tNN.UTR.PLU.IND.NOM\nkan\tkunna\tVB\tVB.PRS.AKT\nd\u00e4rmed\td\u00e4rmed\tAB\tAB\ntas\tta\tVB\tVB.INF.SFO\ntill\ttill\tPP\tPP\nvara\tvara\tNN\tNN.-.-.-.-\ninom\tinom\tPP\tPP\nolika\tolik\tJJ\tJJ.POS.UTR+NEU.PLU.IND+DEF.NOM\nverksamhetsomr\u00e5den\tverksamhetsomr\u00e5de\tNN\tNN.NEU.PLU.IND.NOM\n.\t.\tMAD\tMAD\nF\u00f6rslag\tf\u00f6rslag\tNN\tNN.NEU.PLU.IND.NOM\nkommer\tkomma\tVB\tVB.PRS.AKT\natt\tatt\tIE\tIE\nl\u00e4ggas\tl\u00e4gga\tVB\tVB.INF.SFO\nfram\tfram\tPL\tPL\nom\tom\tPP\tPP\natt\tatt\tIE\tIE\nbegr\u00e4nsa\tbegr\u00e4nsa\tVB\tVB.INF.AKT\ns\u00e5dan\ts\u00e5dan\tJJ\tJJ.POS.UTR.SIN.IND.NOM\nstatlig\tstatlig\tJJ\tJJ.POS.UTR.SIN.IND.NOM\nnormgivning\tnormgivning\tNN\tNN.UTR.SIN.IND.NOM\nsom\tsom\tHP\tHP.-.-.-\nmedf\u00f6r\tmedf\u00f6ra\tVB\tVB.PRS.AKT\n\u00f6kade\t\u00f6kad\tPC\tPC.PRF.UTR+NEU.PLU.IND+DEF.NOM\nkostnader\tkostnad\tNN\tNN.UTR.PLU.IND.NOM\nf\u00f6r\tf\u00f6r\tPP\tPP\nkommuner\tkommun\tNN\tNN.UTR.PLU.IND.NOM\noch\toch\tKN\tKN\nlandstingskommuner\tlandstingskommun\tNN\tNN.UTR.PLU.IND.NOM\n.\t.\tMAD\tMAD\n\u00c5tg\u00e4rder\t\u00e5tg\u00e4rd\tNN\tNN.UTR.PLU.IND.NOM\nkommer\tkomma\tVB\tVB.PRS.AKT\nocks\u00e5\tocks\u00e5\tAB\tAB\natt\tatt\tIE\tIE\nvidtas\tvidta\tVB\tVB.INF.SFO\nf\u00f6r\tf\u00f6r\tPP\tPP\natt\tatt\tIE\tIE\nunderl\u00e4tta\tunderl\u00e4tta\tVB\tVB.INF.AKT\nfolkr\u00f6relsernas\tfolkr\u00f6relse\tNN\tNN.UTR.PLU.DEF.GEN\narbete\tarbete\tNN\tNN.NEU.SIN.IND.NOM\n.\t.\tMAD\tMAD","page_number":8,"speaker_note_id":"missing","num_tokens":76,"num_words":76},{"u_id":"i-3hymV1izUxWDys64tgdqno","who":"unknown","prev_id":null,"next_id":null,"paragraphs":["I nuvarande situation med budgetrestriktioner , ompr\u00f6vning av verksamhet och nya arbetsr\u00e4ttsliga f\u00f6ruts\u00e4ttningar st\u00e4lls stora krav p\u00e5 statsf\u00f6rvaltningens personal . Som ett led i den \u00f6kade utbildningsverksamheten har en f\u00f6rs\u00f6ksverksamhet med utbildning av h\u00f6gre chefer nyligen p\u00e5b\u00f6rjats . Ett nytt handlingsprogram kommer att utarbetas f\u00f6r j\u00e4mst\u00e4lldhetsarbetet inom statsf\u00f6rvaltningen ."],"annotation":"token\tlemma\tpos\txpos\nI\ti\tPP\tPP\nnuvarande\tnuvarande\tPC\tPC.PRS.UTR+NEU.SIN+PLU.IND+DEF.NOM\nsituation\tsituation\tNN\tNN.UTR.SIN.IND.NOM\nmed\tmed\tPP\tPP\nbudgetrestriktioner\tbudgetrestriktion\tNN\tNN.UTR.PLU.IND.NOM\n,\t,\tMID\tMID\nompr\u00f6vning\tompr\u00f6vning\tNN\tNN.UTR.SIN.IND.NOM\nav\tav\tPP\tPP\nverksamhet\tverksamhet\tNN\tNN.UTR.SIN.IND.NOM\noch\toch\tKN\tKN\nnya\tny\tJJ\tJJ.POS.UTR+NEU.PLU.IND+DEF.NOM\narbetsr\u00e4ttsliga\tarbetsr\u00e4ttslig\tJJ\tJJ.POS.UTR+NEU.PLU.IND+DEF.NOM\nf\u00f6ruts\u00e4ttningar\tf\u00f6ruts\u00e4ttning\tNN\tNN.UTR.PLU.IND.NOM\nst\u00e4lls\tst\u00e4lla\tVB\tVB.PRS.SFO\nstora\tstor\tJJ\tJJ.POS.UTR+NEU.PLU.IND+DEF.NOM\nkrav\tkrav\tNN\tNN.NEU.PLU.IND.NOM\np\u00e5\tp\u00e5\tPP\tPP\nstatsf\u00f6rvaltningens\tstatsf\u00f6rvaltning\tNN\tNN.UTR.SIN.DEF.GEN\npersonal\tpersonal\tNN\tNN.UTR.SIN.IND.NOM\n.\t.\tMAD\tMAD\nSom\tsom\tKN\tKN\nett\ten\tDT\tDT.NEU.SIN.IND\nled\tled\tNN\tNN.NEU.SIN.IND.NOM\ni\ti\tPP\tPP\nden\tden\tDT\tDT.UTR.SIN.DEF\n\u00f6kade\t\u00f6kad\tPC\tPC.PRF.UTR+NEU.SIN.DEF.NOM\nutbildningsverksamheten\tutbildningsverksamhet\tNN\tNN.UTR.SIN.DEF.NOM\nhar\tha\tVB\tVB.PRS.AKT\nen\ten\tDT\tDT.UTR.SIN.IND\nf\u00f6rs\u00f6ksverksamhet\tf\u00f6rs\u00f6ksverksamhet\tNN\tNN.UTR.SIN.IND.NOM\nmed\tmed\tPP\tPP\nutbildning\tutbildning\tNN\tNN.UTR.SIN.IND.NOM\nav\tav\tPP\tPP\nh\u00f6gre\th\u00f6g\tJJ\tJJ.KOM.UTR+NEU.SIN+PLU.IND+DEF.NOM\nchefer\tchef\tNN\tNN.UTR.PLU.IND.NOM\nnyligen\tnyligen\tAB\tAB\np\u00e5b\u00f6rjats\tp\u00e5b\u00f6rja\tVB\tVB.SUP.SFO\n.\t.\tMAD\tMAD\nEtt\ten\tDT\tDT.NEU.SIN.IND\nnytt\tny\tJJ\tJJ.POS.NEU.SIN.IND.NOM\nhandlingsprogram\thandlingsprogram\tNN\tNN.NEU.SIN.IND.NOM\nkommer\tkomma\tVB\tVB.PRS.AKT\natt\tatt\tIE\tIE\nutarbetas\tutarbeta\tVB\tVB.INF.SFO\nf\u00f6r\tf\u00f6r\tPP\tPP\nj\u00e4mst\u00e4lldhetsarbetet\tj\u00e4mst\u00e4lldhetsarbete\tNN\tNN.NEU.SIN.DEF.NOM\ninom\tinom\tPP\tPP\nstatsf\u00f6rvaltningen\tstatsf\u00f6rvaltning\tNN\tNN.UTR.SIN.DEF.NOM\n.\t.\tMAD\tMAD","page_number":8,"speaker_note_id":"missing","num_tokens":49,"num_words":49},{"u_id":"i-XKHVygSMupJzzynhY2iac3","who":"unknown","prev_id":null,"next_id":null,"paragraphs":["Arbetet med att f\u00f6rdjupa den kommunala demokratin och finna former f\u00f6r en vidgad l\u00e4nsdemokrati forts\u00e4tter . Fr\u00e5gor om kommundelningar kommer att pr\u00f6vas i positiv anda i de fall s\u00e5dana framst\u00e4llningar \u00e4r f\u00f6rankrade i en bred folkopinion ."],"annotation":"token\tlemma\tpos\txpos\nArbetet\tarbete\tNN\tNN.NEU.SIN.DEF.NOM\nmed\tmed\tPP\tPP\natt\tatt\tIE\tIE\nf\u00f6rdjupa\tf\u00f6rdjupa\tVB\tVB.INF.AKT\nden\tden\tDT\tDT.UTR.SIN.DEF\nkommunala\tkommunal\tJJ\tJJ.POS.UTR+NEU.SIN.DEF.NOM\ndemokratin\tdemokrati\tNN\tNN.UTR.SIN.DEF.NOM\noch\toch\tKN\tKN\nfinna\tfinna\tVB\tVB.INF.AKT\nformer\tform\tNN\tNN.UTR.PLU.IND.NOM\nf\u00f6r\tf\u00f6r\tPP\tPP\nen\ten\tDT\tDT.UTR.SIN.IND\nvidgad\tvidgad\tPC\tPC.PRF.UTR.SIN.IND.NOM\nl\u00e4nsdemokrati\tl\u00e4nsdemokrati\tNN\tNN.UTR.SIN.IND.NOM\nforts\u00e4tter\tforts\u00e4tta\tVB\tVB.PRS.AKT\n.\t.\tMAD\tMAD\nFr\u00e5gor\tfr\u00e5ga\tNN\tNN.UTR.PLU.IND.NOM\nom\tom\tPP\tPP\nkommundelningar\tkommundelning\tNN\tNN.UTR.PLU.IND.NOM\nkommer\tkomma\tVB\tVB.PRS.AKT\natt\tatt\tIE\tIE\npr\u00f6vas\tpr\u00f6va\tVB\tVB.INF.SFO\ni\ti\tPP\tPP\npositiv\tpositiv\tJJ\tJJ.POS.UTR.SIN.IND.NOM\nanda\tanda\tNN\tNN.UTR.SIN.IND.NOM\ni\ti\tPP\tPP\nde\tden\tDT\tDT.UTR+NEU.PLU.DEF\nfall\tfall\tNN\tNN.NEU.PLU.IND.NOM\ns\u00e5dana\ts\u00e5dan\tJJ\tJJ.POS.UTR+NEU.PLU.IND.NOM\nframst\u00e4llningar\tframst\u00e4llning\tNN\tNN.UTR.PLU.IND.NOM\n\u00e4r\tvara\tVB\tVB.PRS.AKT\nf\u00f6rankrade\tf\u00f6rankrad\tPC\tPC.PRF.UTR+NEU.PLU.IND+DEF.NOM\ni\ti\tPP\tPP\nen\ten\tDT\tDT.UTR.SIN.IND\nbred\tbred\tJJ\tJJ.POS.UTR.SIN.IND.NOM\nfolkopinion\tfolkopinion\tNN\tNN.UTR.SIN.IND.NOM\n.\t.\tMAD\tMAD","page_number":8,"speaker_note_id":"missing","num_tokens":37,"num_words":37},{"u_id":"i-BJMEGwxAW1DuVGTMcs9FSZ","who":"unknown","prev_id":null,"next_id":null,"paragraphs":["Utredningsarbetet om svenska kyrkan och staten drivs vidare i syfte att n\u00e5 bred enighet ."],"annotation":"token\tlemma\tpos\txpos\nUtredningsarbetet\tutredningsarbete\tNN\tNN.NEU.SIN.DEF.NOM\nom\tom\tPP\tPP\nsvenska\tsvensk\tJJ\tJJ.POS.UTR+NEU.SIN.DEF.NOM\nkyrkan\tkyrka\tNN\tNN.UTR.SIN.DEF.NOM\noch\toch\tKN\tKN\nstaten\tstat\tNN\tNN.UTR.SIN.DEF.NOM\ndrivs\tdriva\tVB\tVB.PRS.SFO\nvidare\tvitt\tAB\tAB.KOM\ni\ti\tPP\tPP\nsyfte\tsyfte\tNN\tNN.NEU.SIN.IND.NOM\natt\tatt\tIE\tIE\nn\u00e5\tn\u00e5\tVB\tVB.INF.AKT\nbred\tbred\tJJ\tJJ.POS.UTR.SIN.IND.NOM\nenighet\tenighet\tNN\tNN.UTR.SIN.IND.NOM\n.\t.\tMAD\tMAD","page_number":8,"speaker_note_id":"missing","num_tokens":15,"num_words":15},{"u_id":"i-BHUvBdbk1Tsd846jRxN3z5","who":"unknown","prev_id":null,"next_id":null,"paragraphs":["Kampen mot den organiserade och ekonomiska brottsligheten kommer att ytterligare intensifieras . Det \u00e4r s\u00e4rskilt angel\u00e4get att med olika medel bek\u00e4mpa narkotikabrottsligheten . Sk\u00e4rpta straff f\u00f6resl\u00e5s inf\u00f6rda f\u00f6r grova narkotikabrott i syfte att bl . a . minska den v\u00e4xande internationella kriminaliteten . ;"],"annotation":"token\tlemma\tpos\txpos\nKampen\tkamp\tNN\tNN.UTR.SIN.DEF.NOM\nmot\tmot\tPP\tPP\nden\tden\tDT\tDT.UTR.SIN.DEF\norganiserade\torganiserad\tPC\tPC.PRF.UTR+NEU.SIN.DEF.NOM\noch\toch\tKN\tKN\nekonomiska\tekonomisk\tJJ\tJJ.POS.UTR+NEU.SIN.DEF.NOM\nbrottsligheten\tbrottslighet\tNN\tNN.UTR.SIN.DEF.NOM\nkommer\tkomma\tVB\tVB.PRS.AKT\natt\tatt\tIE\tIE\nytterligare\tytterligt\tAB\tAB.KOM\nintensifieras\tintensifiera\tVB\tVB.INF.SFO\n.\t.\tMID\tMID\nDet\tdet\tPN\tPN.NEU.SIN.DEF.SUB+OBJ\n\u00e4r\tvara\tVB\tVB.PRS.AKT\ns\u00e4rskilt\ts\u00e4rskilt\tAB\tAB\nangel\u00e4get\tangel\u00e4gen\tJJ\tJJ.POS.NEU.SIN.IND.NOM\natt\tatt\tIE\tIE\nmed\tmed\tPP\tPP\nolika\tolik\tJJ\tJJ.POS.UTR+NEU.PLU.IND+DEF.NOM\nmedel\tmedel\tNN\tNN.NEU.PLU.IND.NOM\nbek\u00e4mpa\tbek\u00e4mpa\tVB\tVB.INF.AKT\nnarkotikabrottsligheten\tnarkotikabrottslighet\tNN\tNN.UTR.SIN.DEF.NOM\n.\t.\tMAD\tMAD\nSk\u00e4rpta\tsk\u00e4rpt\tPC\tPC.PRF.UTR+NEU.PLU.IND+DEF.NOM\nstraff\tstraff\tNN\tNN.NEU.PLU.IND.NOM\nf\u00f6resl\u00e5s\tf\u00f6resl\u00e5\tVB\tVB.PRS.SFO\ninf\u00f6rda\tinf\u00f6rd\tPC\tPC.PRF.UTR+NEU.PLU.IND+DEF.NOM\nf\u00f6r\tf\u00f6r\tPP\tPP\ngrova\tgrov\tJJ\tJJ.POS.UTR+NEU.PLU.IND+DEF.NOM\nnarkotikabrott\tnarkotikabrott\tNN\tNN.NEU.PLU.IND.NOM\ni\ti\tPP\tPP\nsyfte\tsyfte\tNN\tNN.NEU.SIN.IND.NOM\natt\tatt\tIE\tIE\nbl\tbl\tNN\tNN.AN\n.\t.\tMAD\tMAD\na\ta\tNN\tNN.NEU.SIN.IND.NOM\n.\t.\tMAD\tMAD\nminska\tminska\tVB\tVB.INF.AKT\nden\tden\tDT\tDT.UTR.SIN.DEF\nv\u00e4xande\tv\u00e4xande\tPC\tPC.PRS.UTR+NEU.SIN+PLU.IND+DEF.NOM\ninternationella\tinternationell\tJJ\tJJ.POS.UTR+NEU.SIN.DEF.NOM\nkriminaliteten\tkriminalitet\tNN\tNN.UTR.SIN.DEF.NOM\n.\t.\tMAD\tMAD\n;\t;\tMAD\tMAD","page_number":8,"speaker_note_id":"missing","num_tokens":44,"num_words":44},{"u_id":"i-BVDd5uFVtQAyZNLHXsqK9a","who":"unknown","prev_id":null,"next_id":null,"paragraphs":["Inom ramen f\u00f6r en reformering av polisv\u00e4sendet kommer bl . a . att f\u00f6resl\u00e5s att det regionala och lokala inflytandet \u00f6kar . De politiskt valda polisstyrelserna f\u00e5r ett bredare ansvarsomr\u00e5de ."],"annotation":"token\tlemma\tpos\txpos\nInom\tinom\tPP\tPP\nramen\tram\tNN\tNN.UTR.SIN.DEF.NOM\nf\u00f6r\tf\u00f6r\tPP\tPP\nen\ten\tDT\tDT.UTR.SIN.IND\nreformering\treformering\tNN\tNN.UTR.SIN.IND.NOM\nav\tav\tPP\tPP\npolisv\u00e4sendet\tpolisv\u00e4sende\tNN\tNN.NEU.SIN.DEF.NOM\nkommer\tkomma\tVB\tVB.PRS.AKT\nbl\tbl\tNN\tNN.AN\n.\t.\tMAD\tMAD\na\ta\tNN\tNN.NEU.SIN.IND.NOM\n.\t.\tMAD\tMAD\natt\tatt\tIE\tIE\nf\u00f6resl\u00e5s\tf\u00f6resl\u00e5\tVB\tVB.INF.SFO\natt\tatt\tSN\tSN\ndet\tden\tDT\tDT.NEU.SIN.DEF\nregionala\tregional\tJJ\tJJ.POS.UTR+NEU.SIN.DEF.NOM\noch\toch\tKN\tKN\nlokala\tlokal\tJJ\tJJ.POS.UTR+NEU.SIN.DEF.NOM\ninflytandet\tinflytande\tNN\tNN.NEU.SIN.DEF.NOM\n\u00f6kar\t\u00f6ka\tVB\tVB.PRS.AKT\n.\t.\tMAD\tMAD\nDe\tden\tDT\tDT.UTR+NEU.PLU.DEF\npolitiskt\tpolitiskt\tAB\tAB.POS\nvalda\tvald\tPC\tPC.PRF.UTR+NEU.PLU.IND+DEF.NOM\npolisstyrelserna\tpolisstyrelse\tNN\tNN.UTR.PLU.DEF.NOM\nf\u00e5r\tf\u00e5\tVB\tVB.PRS.AKT\nett\ten\tDT\tDT.NEU.SIN.IND\nbredare\tbred\tJJ\tJJ.KOM.UTR+NEU.SIN+PLU.IND+DEF.NOM\nansvarsomr\u00e5de\tansvarsomr\u00e5de\tNN\tNN.NEU.SIN.IND.NOM\n.\t.\tMAD\tMAD","page_number":8,"speaker_note_id":"missing","num_tokens":31,"num_words":31},{"u_id":"i-Jk6HvXMqeRj8JHS6y12GM3","who":"unknown","prev_id":null,"next_id":null,"paragraphs":["Svensk s\u00e4kerhetspolitik har som m\u00e5l att bevara v\u00e5rt lands sj\u00e4lvst\u00e4ndighet och demokratiska samh\u00e4llsordning ."],"annotation":"token\tlemma\tpos\txpos\nSvensk\tsvensk\tJJ\tJJ.POS.UTR.SIN.IND.NOM\ns\u00e4kerhetspolitik\ts\u00e4kerhetspolitik\tNN\tNN.UTR.SIN.IND.NOM\nhar\tha\tVB\tVB.PRS.AKT\nsom\tsom\tKN\tKN\nm\u00e5l\tm\u00e5l\tNN\tNN.NEU.SIN.IND.NOM\natt\tatt\tIE\tIE\nbevara\tbevara\tVB\tVB.INF.AKT\nv\u00e5rt\tv\u00e5r\tPS\tPS.NEU.SIN.DEF\nlands\tland\tNN\tNN.NEU.SIN.IND.GEN\nsj\u00e4lvst\u00e4ndighet\tsj\u00e4lvst\u00e4ndighet\tNN\tNN.UTR.SIN.IND.NOM\noch\toch\tKN\tKN\ndemokratiska\tdemokratisk\tJJ\tJJ.POS.UTR+NEU.SIN.DEF.NOM\nsamh\u00e4llsordning\tsamh\u00e4llsordning\tNN\tNN.UTR.SIN.IND.NOM\n.\t.\tMAD\tMAD","page_number":8,"speaker_note_id":"missing","num_tokens":14,"num_words":14},{"u_id":"i-DU2H16eSWf9mV5DEZzefMm","who":"unknown","prev_id":null,"next_id":null,"paragraphs":["I en tid av mots\u00e4ttningar mellan stormakterna m\u00e5ste str\u00e4van vara att fr\u00e4mja fred , internationell avsp\u00e4nning , mellanfolkligt samarbete och nedrustning . Av s\u00e4rskild vikt \u00e4r att verka f\u00f6r minskade rustningar i Europa ."],"annotation":"token\tlemma\tpos\txpos\nI\ti\tPP\tPP\nen\ten\tDT\tDT.UTR.SIN.IND\ntid\ttid\tNN\tNN.UTR.SIN.IND.NOM\nav\tav\tPP\tPP\nmots\u00e4ttningar\tmots\u00e4ttning\tNN\tNN.UTR.PLU.IND.NOM\nmellan\tmellan\tPP\tPP\nstormakterna\tstormakt\tNN\tNN.UTR.PLU.DEF.NOM\nm\u00e5ste\tm\u00e5ste\tVB\tVB.PRS.AKT\nstr\u00e4van\tstr\u00e4van\tNN\tNN.UTR.SIN.DEF.NOM\nvara\tvara\tVB\tVB.INF.AKT\natt\tatt\tIE\tIE\nfr\u00e4mja\tfr\u00e4mja\tVB\tVB.INF.AKT\nfred\tfred\tNN\tNN.UTR.SIN.IND.NOM\n,\t,\tMID\tMID\ninternationell\tinternationell\tJJ\tJJ.POS.UTR.SIN.IND.NOM\navsp\u00e4nning\tavsp\u00e4nning\tNN\tNN.UTR.SIN.IND.NOM\n,\t,\tMID\tMID\nmellanfolkligt\tmellanfolklig\tJJ\tJJ.POS.NEU.SIN.IND.NOM\nsamarbete\tsamarbete\tNN\tNN.NEU.SIN.IND.NOM\noch\toch\tKN\tKN\nnedrustning\tnedrustning\tNN\tNN.UTR.SIN.IND.NOM\n.\t.\tMAD\tMAD\nAv\tav\tPP\tPP\ns\u00e4rskild\ts\u00e4rskild\tPC\tPC.PRF.UTR.SIN.IND.NOM\nvikt\tvikt\tNN\tNN.UTR.SIN.IND.NOM\n\u00e4r\tvara\tVB\tVB.PRS.AKT\natt\tatt\tIE\tIE\nverka\tverka\tVB\tVB.INF.AKT\nf\u00f6r\tf\u00f6r\tPP\tPP\nminskade\tminskad\tPC\tPC.PRF.UTR+NEU.PLU.IND+DEF.NOM\nrustningar\trustning\tNN\tNN.UTR.PLU.IND.NOM\ni\ti\tPP\tPP\nEuropa\tEuropa\tPM\tPM.NOM\n.\t.\tMAD\tMAD","page_number":8,"speaker_note_id":"missing","num_tokens":34,"num_words":34},{"u_id":"i-5FMrUCBuS6rxZ4qqCiwL9V","who":"unknown","prev_id":null,"next_id":null,"paragraphs":["Det nordiska samarbetet vidareutvecklas . F\u00f6rbindelserna med Europa f\u00f6rdjupas . Ett fortsatt starkt st\u00f6d kommer att ges till F\u00f6renta nationerna ."],"annotation":"token\tlemma\tpos\txpos\nDet\tden\tDT\tDT.NEU.SIN.DEF\nnordiska\tnordisk\tJJ\tJJ.POS.UTR+NEU.SIN.DEF.NOM\nsamarbetet\tsamarbete\tNN\tNN.NEU.SIN.DEF.NOM\nvidareutvecklas\tvidareutveckla\tVB\tVB.PRS.SFO\n.\t.\tMAD\tMAD\nF\u00f6rbindelserna\tf\u00f6rbindelse\tNN\tNN.UTR.PLU.DEF.NOM\nmed\tmed\tPP\tPP\nEuropa\tEuropa\tPM\tPM.NOM\nf\u00f6rdjupas\tf\u00f6rdjupa\tVB\tVB.PRS.SFO\n.\t.\tMAD\tMAD\nEtt\ten\tDT\tDT.NEU.SIN.IND\nfortsatt\tfortsatt\tPC\tPC.PRF.NEU.SIN.IND.NOM\nstarkt\tstark\tJJ\tJJ.POS.NEU.SIN.IND.NOM\nst\u00f6d\tst\u00f6d\tNN\tNN.NEU.SIN.IND.NOM\nkommer\tkomma\tVB\tVB.PRS.AKT\natt\tatt\tIE\tIE\nges\tge\tVB\tVB.INF.SFO\ntill\ttill\tPP\tPP\nF\u00f6renta\tf\u00f6rent\tJJ\tJJ.POS.UTR+NEU.PLU.IND+DEF.NOM\nnationerna\tnation\tNN\tNN.UTR.PLU.DEF.NOM\n.\t.\tMAD\tMAD","page_number":8,"speaker_note_id":"missing","num_tokens":21,"num_words":21},{"u_id":"i-HxRXMbYkdoF382JpyJro6K","who":"unknown","prev_id":null,"next_id":null,"paragraphs":["Regeringen kommer att forts\u00e4tta anstr\u00e4ngningarna att s\u00f6ka bidra till att internationellt \u00f6ka respekten f\u00f6r m\u00e4nskliga frioch r\u00e4ttigheter , motarbeta rasism och hj\u00e4lpa v\u00e4xande flyktingskaror . Ett viktigt m\u00e5l \u00e4r ocks\u00e5 att fr\u00e4mja internationell hush\u00e5llning med knappa resurser och motverka milj\u00f6f\u00f6rst\u00f6ring ."],"annotation":"token\tlemma\tpos\txpos\nRegeringen\tregering\tNN\tNN.UTR.SIN.DEF.NOM\nkommer\tkomma\tVB\tVB.PRS.AKT\natt\tatt\tIE\tIE\nforts\u00e4tta\tforts\u00e4tta\tVB\tVB.INF.AKT\nanstr\u00e4ngningarna\tanstr\u00e4ngning\tNN\tNN.UTR.PLU.DEF.NOM\natt\tatt\tIE\tIE\ns\u00f6ka\ts\u00f6ka\tVB\tVB.INF.AKT\nbidra\tbidra\tVB\tVB.INF.AKT\ntill\ttill\tPP\tPP\natt\tatt\tIE\tIE\ninternationellt\tinternationellt\tAB\tAB.POS\n\u00f6ka\t\u00f6ka\tVB\tVB.INF.AKT\nrespekten\trespekt\tNN\tNN.UTR.SIN.DEF.NOM\nf\u00f6r\tf\u00f6r\tPP\tPP\nm\u00e4nskliga\tm\u00e4nsklig\tJJ\tJJ.POS.UTR+NEU.PLU.IND+DEF.NOM\nfrioch\tfrioch\tJJ\tJJ.POS.UTR+NEU.PLU.IND+DEF.NOM\nr\u00e4ttigheter\tr\u00e4ttighet\tNN\tNN.UTR.PLU.IND.NOM\n,\t,\tMID\tMID\nmotarbeta\tmotarbeta\tVB\tVB.INF.AKT\nrasism\trasism\tNN\tNN.UTR.SIN.IND.NOM\noch\toch\tKN\tKN\nhj\u00e4lpa\thj\u00e4lpa\tVB\tVB.INF.AKT\nv\u00e4xande\tv\u00e4xande\tPC\tPC.PRS.UTR+NEU.SIN+PLU.IND+DEF.NOM\nflyktingskaror\tflyktingskara\tNN\tNN.UTR.PLU.IND.NOM\n.\t.\tMAD\tMAD\nEtt\ten\tDT\tDT.NEU.SIN.IND\nviktigt\tviktig\tJJ\tJJ.POS.NEU.SIN.IND.NOM\nm\u00e5l\tm\u00e5l\tNN\tNN.NEU.SIN.IND.NOM\n\u00e4r\tvara\tVB\tVB.PRS.AKT\nocks\u00e5\tocks\u00e5\tAB\tAB\natt\tatt\tIE\tIE\nfr\u00e4mja\tfr\u00e4mja\tVB\tVB.INF.AKT\ninternationell\tinternationell\tJJ\tJJ.POS.UTR.SIN.IND.NOM\nhush\u00e5llning\thush\u00e5llning\tNN\tNN.UTR.SIN.IND.NOM\nmed\tmed\tPP\tPP\nknappa\tknapp\tJJ\tJJ.POS.UTR+NEU.PLU.IND+DEF.NOM\nresurser\tresurs\tNN\tNN.UTR.PLU.IND.NOM\noch\toch\tKN\tKN\nmotverka\tmotverka\tVB\tVB.INF.AKT\nmilj\u00f6f\u00f6rst\u00f6ring\tmilj\u00f6f\u00f6rst\u00f6ring\tNN\tNN.UTR.SIN.IND.NOM\n.\t.\tMAD\tMAD","page_number":8,"speaker_note_id":"missing","num_tokens":41,"num_words":41},{"u_id":"i-HPqvYqWDggMXRvjEm19gV4","who":"unknown","prev_id":null,"next_id":null,"paragraphs":["Ekonomisk \u00e5tstramning undandrar inte de rika industril\u00e4ndernas f\u00f6rplik-"],"annotation":"token\tlemma\tpos\txpos\nEkonomisk\tekonomisk\tJJ\tJJ.POS.UTR.SIN.IND.NOM\n\u00e5tstramning\t\u00e5tstramning\tNN\tNN.UTR.SIN.IND.NOM\nundandrar\tundandra\tVB\tVB.PRS.AKT\ninte\tinte\tAB\tAB\nde\tden\tDT\tDT.UTR+NEU.PLU.DEF\nrika\trik\tJJ\tJJ.POS.UTR+NEU.PLU.IND+DEF.NOM\nindustril\u00e4ndernas\tindustriland\tNN\tNN.NEU.PLU.DEF.GEN\nf\u00f6rplik-\tf\u00f6rplik\tNN\tNN.UTR.-.-.SMS","page_number":8,"speaker_note_id":"missing","num_tokens":8,"num_words":8},{"u_id":"i-TPsbM5r7FUxgKAB9ge2tu9","who":"unknown","prev_id":null,"next_id":null,"paragraphs":["telser mot u-l\u00e4nderna . Enprocentsm\u00e5let ligger fast . Denna politik utg\u00f6r ett led i v\u00e5r str\u00e4van att bist\u00e5 u-l\u00e4nderna att h\u00e4va sig ur sin fattigdom ."],"annotation":"token\tlemma\tpos\txpos\ntelser\ttelse\tNN\tNN.UTR.PLU.IND.NOM\nmot\tmot\tPP\tPP\nu-l\u00e4nderna\tu-land\tNN\tNN.NEU.PLU.DEF.NOM\n.\t.\tMAD\tMAD\nEnprocentsm\u00e5let\tenprocentsm\u00e5l\tNN\tNN.NEU.SIN.DEF.NOM\nligger\tligga\tVB\tVB.PRS.AKT\nfast\tfast\tPL\tPL\n.\t.\tMAD\tMAD\nDenna\tdenna\tDT\tDT.UTR.SIN.DEF\npolitik\tpolitik\tNN\tNN.UTR.SIN.IND.NOM\nutg\u00f6r\tutg\u00f6ra\tVB\tVB.PRS.AKT\nett\ten\tDT\tDT.NEU.SIN.IND\nled\tled\tNN\tNN.NEU.SIN.IND.NOM\ni\ti\tPP\tPP\nv\u00e5r\tv\u00e5r\tPS\tPS.UTR.SIN.DEF\nstr\u00e4van\tstr\u00e4van\tNN\tNN.UTR.SIN.IND.NOM\natt\tatt\tIE\tIE\nbist\u00e5\tbist\u00e5\tVB\tVB.INF.AKT\nu-l\u00e4nderna\tu-land\tNN\tNN.NEU.PLU.DEF.NOM\natt\tatt\tIE\tIE\nh\u00e4va\th\u00e4va\tVB\tVB.INF.AKT\nsig\tsig\tPN\tPN.UTR+NEU.SIN+PLU.DEF.OBJ\nur\tur\tPP\tPP\nsin\tsin\tPS\tPS.UTR.SIN.DEF\nfattigdom\tfattigdom\tNN\tNN.UTR.SIN.IND.NOM\n.\t.\tMAD\tMAD","page_number":9,"speaker_note_id":"missing","num_tokens":26,"num_words":26},{"u_id":"i-JD9yJqoJJiXqbNgw5MwWGb","who":"unknown","prev_id":null,"next_id":null,"paragraphs":["F\u00f6rsvarspolitiken ligger fast . Tillsammans med den alliansfria utrikespolitiken utg\u00f6r den Sveriges bidrag till tryggheten och stabiliteten i det nordiska omr\u00e5det . Fred och avsp\u00e4nning i detta omr\u00e5de \u00e4r till gagn f\u00f6r hela Europa ."],"annotation":"token\tlemma\tpos\txpos\nF\u00f6rsvarspolitiken\tf\u00f6rsvarspolitik\tNN\tNN.UTR.SIN.DEF.NOM\nligger\tligga\tVB\tVB.PRS.AKT\nfast\tfast\tPL\tPL\n.\t.\tMID\tMID\nTillsammans\ttillsammans\tAB\tAB\nmed\tmed\tPP\tPP\nden\tden\tDT\tDT.UTR.SIN.DEF\nalliansfria\talliansfri\tJJ\tJJ.POS.UTR+NEU.SIN.DEF.NOM\nutrikespolitiken\tutrikespolitik\tNN\tNN.UTR.SIN.DEF.NOM\nutg\u00f6r\tutg\u00f6ra\tVB\tVB.PRS.AKT\nden\tden\tDT\tDT.UTR.SIN.DEF\nSveriges\tSverige\tPM\tPM.GEN\nbidrag\tbidrag\tNN\tNN.NEU.SIN.IND.NOM\ntill\ttill\tPP\tPP\ntryggheten\ttrygghet\tNN\tNN.UTR.SIN.DEF.NOM\noch\toch\tKN\tKN\nstabiliteten\tstabilitet\tNN\tNN.UTR.SIN.DEF.NOM\ni\ti\tPP\tPP\ndet\tden\tDT\tDT.NEU.SIN.DEF\nnordiska\tnordisk\tJJ\tJJ.POS.UTR+NEU.SIN.DEF.NOM\nomr\u00e5det\tomr\u00e5de\tNN\tNN.NEU.SIN.DEF.NOM\n.\t.\tMAD\tMAD\nFred\tFred\tNN\tNN.UTR.SIN.IND.NOM\noch\toch\tKN\tKN\navsp\u00e4nning\tavsp\u00e4nning\tNN\tNN.UTR.SIN.IND.NOM\ni\ti\tPP\tPP\ndetta\tdenna\tDT\tDT.NEU.SIN.DEF\nomr\u00e5de\tomr\u00e5de\tNN\tNN.NEU.SIN.IND.NOM\n\u00e4r\tvara\tVB\tVB.PRS.AKT\ntill\ttill\tPP\tPP\ngagn\tgagn\tNN\tNN.NEU.SIN.IND.NOM\nf\u00f6r\tf\u00f6r\tPP\tPP\nhela\thel\tJJ\tJJ.POS.UTR+NEU.SIN.DEF.NOM\nEuropa\tEuropa\tPM\tPM.NOM\n.\t.\tMAD\tMAD","page_number":9,"speaker_note_id":"missing","num_tokens":35,"num_words":35},{"u_id":"i-97UuBLc2yy2Rkc2qanMsBY","who":"unknown","prev_id":null,"next_id":null,"paragraphs":["1977 \u00e5rs f\u00f6rsvarsbeslut fullf\u00f6ljs . De statsfinansiellt motiverade besparingarna kommer inte att inkr\u00e4kta p\u00e5 f\u00f6rsvarets beredskap och styrka . Ett nytt l\u00e5ngsiktigt f\u00f6rsvarsbeslut f\u00f6rbereds avseende tiden fr. o. m . 1982 . Arbetet med flygplansfr\u00e5gan forts\u00e4tter i enlighet med riksdagens intentioner ."],"annotation":"token\tlemma\tpos\txpos\n1977\t1977\tRG\tRG.NOM\n\u00e5rs\t\u00e5r\tNN\tNN.NEU.SIN.IND.GEN\nf\u00f6rsvarsbeslut\tf\u00f6rsvarsbeslut\tNN\tNN.NEU.SIN.IND.NOM\nfullf\u00f6ljs\tfullf\u00f6lja\tVB\tVB.PRS.SFO\n.\t.\tMAD\tMAD\nDe\tden\tDT\tDT.UTR+NEU.PLU.DEF\nstatsfinansiellt\tstatsfinansiellt\tAB\tAB.POS\nmotiverade\tmotiverad\tPC\tPC.PRF.UTR+NEU.PLU.IND+DEF.NOM\nbesparingarna\tbesparing\tNN\tNN.UTR.PLU.DEF.NOM\nkommer\tkomma\tVB\tVB.PRS.AKT\ninte\tinte\tAB\tAB\natt\tatt\tIE\tIE\ninkr\u00e4kta\tinkr\u00e4kta\tVB\tVB.INF.AKT\np\u00e5\tp\u00e5\tPP\tPP\nf\u00f6rsvarets\tf\u00f6rsvar\tNN\tNN.NEU.SIN.DEF.GEN\nberedskap\tberedskap\tNN\tNN.UTR.SIN.IND.NOM\noch\toch\tKN\tKN\nstyrka\tstyrka\tNN\tNN.UTR.SIN.IND.NOM\n.\t.\tMAD\tMAD\nEtt\ten\tDT\tDT.NEU.SIN.IND\nnytt\tny\tJJ\tJJ.POS.NEU.SIN.IND.NOM\nl\u00e5ngsiktigt\tl\u00e5ngsiktig\tJJ\tJJ.POS.NEU.SIN.IND.NOM\nf\u00f6rsvarsbeslut\tf\u00f6rsvarsbeslut\tNN\tNN.NEU.SIN.IND.NOM\nf\u00f6rbereds\tf\u00f6rbereda\tVB\tVB.PRS.SFO\navseende\tavseende\tPC\tPC.PRS.UTR+NEU.SIN+PLU.IND+DEF.NOM\ntiden\ttid\tNN\tNN.UTR.SIN.DEF.NOM\nfr.\tfr\tNN\tNN.AN\no.\to\tNN\tNN.AN\nm\tm\tNN\tNN.AN\n.\t.\tMAD\tMAD\n1982\t1982\tRG\tRG.NOM\n.\t.\tMAD\tMAD\nArbetet\tarbete\tNN\tNN.NEU.SIN.DEF.NOM\nmed\tmed\tPP\tPP\nflygplansfr\u00e5gan\tflygplansfr\u00e5ga\tNN\tNN.UTR.SIN.DEF.NOM\nforts\u00e4tter\tforts\u00e4tta\tVB\tVB.PRS.AKT\ni\ti\tPP\tPP\nenlighet\tenlighet\tNN\tNN.UTR.SIN.IND.NOM\nmed\tmed\tPP\tPP\nriksdagens\triksdag\tNN\tNN.UTR.SIN.DEF.GEN\nintentioner\tintention\tNN\tNN.UTR.PLU.IND.NOM\n.\t.\tMAD\tMAD","page_number":9,"speaker_note_id":"missing","num_tokens":42,"num_words":42},{"u_id":"i-FfjLkhDmP6UQ9YprKXev9G","who":"unknown","prev_id":null,"next_id":null,"paragraphs":["Regeringens och riksdagens mest angel\u00e4gna uppgift \u00e4r , som jag redan understrukit , att \u00e5stadkomma en stabilisering av ekonomin . Endast h\u00e4rigenom \u00e4r det m\u00f6jligt att s\u00e4kerst\u00e4lla grundl\u00e4ggande f\u00f6ruts\u00e4ttningar f\u00f6r v\u00e4lf\u00e4rd och trygghet i framtiden ."],"annotation":"token\tlemma\tpos\txpos\nRegeringens\tregering\tNN\tNN.UTR.SIN.DEF.GEN\noch\toch\tKN\tKN\nriksdagens\triksdag\tNN\tNN.UTR.SIN.DEF.GEN\nmest\tmycket\tAB\tAB.SUV\nangel\u00e4gna\tangel\u00e4gen\tJJ\tJJ.POS.UTR+NEU.SIN.DEF.NOM\nuppgift\tuppgift\tNN\tNN.UTR.SIN.IND.NOM\n\u00e4r\tvara\tVB\tVB.PRS.AKT\n,\t,\tMID\tMID\nsom\tsom\tHA\tHA\njag\tjag\tPN\tPN.UTR.SIN.DEF.SUB\nredan\tredan\tAB\tAB\nunderstrukit\tunderstryka\tVB\tVB.SUP.AKT\n,\t,\tMID\tMID\natt\tatt\tIE\tIE\n\u00e5stadkomma\t\u00e5stadkomma\tVB\tVB.INF.AKT\nen\ten\tDT\tDT.UTR.SIN.IND\nstabilisering\tstabilisering\tNN\tNN.UTR.SIN.IND.NOM\nav\tav\tPP\tPP\nekonomin\tekonomi\tNN\tNN.UTR.SIN.DEF.NOM\n.\t.\tMID\tMID\nEndast\tendast\tAB\tAB\nh\u00e4rigenom\th\u00e4rigenom\tAB\tAB\n\u00e4r\tvara\tVB\tVB.PRS.AKT\ndet\tdet\tPN\tPN.NEU.SIN.DEF.SUB+OBJ\nm\u00f6jligt\tm\u00f6jlig\tJJ\tJJ.POS.NEU.SIN.IND.NOM\natt\tatt\tIE\tIE\ns\u00e4kerst\u00e4lla\ts\u00e4kerst\u00e4lla\tVB\tVB.INF.AKT\ngrundl\u00e4ggande\tgrundl\u00e4ggande\tPC\tPC.PRS.UTR+NEU.SIN+PLU.IND+DEF.NOM\nf\u00f6ruts\u00e4ttningar\tf\u00f6ruts\u00e4ttning\tNN\tNN.UTR.PLU.IND.NOM\nf\u00f6r\tf\u00f6r\tPP\tPP\nv\u00e4lf\u00e4rd\tv\u00e4lf\u00e4rd\tNN\tNN.UTR.SIN.IND.NOM\noch\toch\tKN\tKN\ntrygghet\ttrygghet\tNN\tNN.UTR.SIN.IND.NOM\ni\ti\tPP\tPP\nframtiden\tframtid\tNN\tNN.UTR.SIN.DEF.NOM\n.\t.\tMAD\tMAD","page_number":9,"speaker_note_id":"missing","num_tokens":36,"num_words":36},{"u_id":"i-4ZYYWJ4WQTc2UCc5Mg53ia","who":"unknown","prev_id":null,"next_id":null,"paragraphs":["Resurserna m\u00e5ste under de n\u00e4rmaste \u00e5ren framf\u00f6r allt satsas p\u00e5 investeringar f\u00f6r framtiden och insatser f\u00f6r de s\u00e4mst st\u00e4llda ."],"annotation":"token\tlemma\tpos\txpos\nResurserna\tresurs\tNN\tNN.UTR.PLU.DEF.NOM\nm\u00e5ste\tm\u00e5ste\tVB\tVB.PRS.AKT\nunder\tunder\tPP\tPP\nde\tden\tDT\tDT.UTR+NEU.PLU.DEF\nn\u00e4rmaste\tn\u00e4ra\tJJ\tJJ.SUV.UTR+NEU.SIN+PLU.DEF.NOM\n\u00e5ren\t\u00e5r\tNN\tNN.NEU.PLU.DEF.NOM\nframf\u00f6r\tframf\u00f6r\tPP\tPP\nallt\tallt\tPN\tPN.NEU.SIN.IND.SUB+OBJ\nsatsas\tsatsa\tVB\tVB.INF.SFO\np\u00e5\tp\u00e5\tPP\tPP\ninvesteringar\tinvestering\tNN\tNN.UTR.PLU.IND.NOM\nf\u00f6r\tf\u00f6r\tPP\tPP\nframtiden\tframtid\tNN\tNN.UTR.SIN.DEF.NOM\noch\toch\tKN\tKN\ninsatser\tinsats\tNN\tNN.UTR.PLU.IND.NOM\nf\u00f6r\tf\u00f6r\tPP\tPP\nde\tden\tDT\tDT.UTR+NEU.PLU.DEF\ns\u00e4mst\td\u00e5lig\tAB\tAB.SUV\nst\u00e4llda\tst\u00e4lld\tPC\tPC.PRF.UTR+NEU.PLU.IND+DEF.NOM\n.\t.\tMAD\tMAD","page_number":9,"speaker_note_id":"missing","num_tokens":20,"num_words":20},{"u_id":"i-XZgGoMXmMrHUuWqCzA1aQ1","who":"unknown","prev_id":null,"next_id":null,"paragraphs":["Det fordrar en fast ekonomisk politik och solidaritet mellan olika folkgrupper . M\u00f6jligheterna att g\u00f6ra nya \u00e5taganden \u00e4r begr\u00e4nsade och blir i h\u00f6g grad beroende av hur internationell och svensk ekonomi utvecklas ."],"annotation":"token\tlemma\tpos\txpos\nDet\tdet\tPN\tPN.NEU.SIN.DEF.SUB+OBJ\nfordrar\tfordra\tVB\tVB.PRS.AKT\nen\ten\tDT\tDT.UTR.SIN.IND\nfast\tfast\tJJ\tJJ.POS.UTR.SIN.IND.NOM\nekonomisk\tekonomisk\tJJ\tJJ.POS.UTR.SIN.IND.NOM\npolitik\tpolitik\tNN\tNN.UTR.SIN.IND.NOM\noch\toch\tKN\tKN\nsolidaritet\tsolidaritet\tNN\tNN.UTR.SIN.IND.NOM\nmellan\tmellan\tPP\tPP\nolika\tolik\tJJ\tJJ.POS.UTR+NEU.PLU.IND+DEF.NOM\nfolkgrupper\tfolkgrupp\tNN\tNN.UTR.PLU.IND.NOM\n.\t.\tMAD\tMAD\nM\u00f6jligheterna\tm\u00f6jlighet\tNN\tNN.UTR.PLU.DEF.NOM\natt\tatt\tIE\tIE\ng\u00f6ra\tg\u00f6ra\tVB\tVB.INF.AKT\nnya\tny\tJJ\tJJ.POS.UTR+NEU.PLU.IND+DEF.NOM\n\u00e5taganden\t\u00e5tagande\tNN\tNN.NEU.PLU.IND.NOM\n\u00e4r\tvara\tVB\tVB.PRS.AKT\nbegr\u00e4nsade\tbegr\u00e4nsad\tPC\tPC.PRF.UTR+NEU.PLU.IND+DEF.NOM\noch\toch\tKN\tKN\nblir\tbli\tVB\tVB.PRS.AKT\ni\ti\tPP\tPP\nh\u00f6g\th\u00f6g\tJJ\tJJ.POS.UTR.SIN.IND.NOM\ngrad\tgrad\tNN\tNN.UTR.SIN.IND.NOM\nberoende\tberoende\tPC\tPC.PRS.UTR+NEU.SIN+PLU.IND+DEF.NOM\nav\tav\tPP\tPP\nhur\thur\tHA\tHA\ninternationell\tinternationell\tJJ\tJJ.POS.UTR.SIN.IND.NOM\noch\toch\tKN\tKN\nsvensk\tsvensk\tJJ\tJJ.POS.UTR.SIN.IND.NOM\nekonomi\tekonomi\tNN\tNN.UTR.SIN.IND.NOM\nutvecklas\tutveckla\tVB\tVB.PRS.SFO\n.\t.\tMAD\tMAD","page_number":9,"speaker_note_id":"missing","num_tokens":33,"num_words":33},{"u_id":"i-TUJibiUBdVSjc9AMrtQbdG","who":"unknown","prev_id":null,"next_id":null,"paragraphs":["Sverige har b\u00e4ttre f\u00f6ruts\u00e4ttningar \u00e4n de flesta andra l\u00e4nder att m\u00f6ta dagens problem och att trygga morgondagens v\u00e4lf\u00e4rd . Svenskt n\u00e4ringsliv \u00e4r i grunden starkt . Den tekniska kompetensen \u00e4r h\u00f6g . Det finns en utvecklad tradition av samarbete inom samh\u00e4lle och arbetsliv . Samarbetet underl\u00e4ttas av att de sociala skillnaderna \u00e4r sm\u00e5 ."],"annotation":"token\tlemma\tpos\txpos\nSverige\tSverige\tPM\tPM.NOM\nhar\tha\tVB\tVB.PRS.AKT\nb\u00e4ttre\tgod\tJJ\tJJ.KOM.UTR+NEU.SIN+PLU.IND+DEF.NOM\nf\u00f6ruts\u00e4ttningar\tf\u00f6ruts\u00e4ttning\tNN\tNN.UTR.PLU.IND.NOM\n\u00e4n\t\u00e4n\tKN\tKN\nde\tden\tDT\tDT.UTR+NEU.PLU.DEF\nflesta\tfler\tJJ\tJJ.SUV.UTR+NEU.PLU.DEF.NOM\nandra\tannan\tJJ\tJJ.POS.UTR+NEU.PLU.IND+DEF.NOM\nl\u00e4nder\tland\tNN\tNN.NEU.PLU.IND.NOM\natt\tatt\tIE\tIE\nm\u00f6ta\tm\u00f6ta\tVB\tVB.INF.AKT\ndagens\tdag\tNN\tNN.UTR.SIN.DEF.GEN\nproblem\tproblem\tNN\tNN.NEU.PLU.IND.NOM\noch\toch\tKN\tKN\natt\tatt\tIE\tIE\ntrygga\ttrygga\tVB\tVB.INF.AKT\nmorgondagens\tmorgondag\tNN\tNN.UTR.SIN.DEF.GEN\nv\u00e4lf\u00e4rd\tv\u00e4lf\u00e4rd\tNN\tNN.UTR.SIN.IND.NOM\n.\t.\tMAD\tMAD\nSvenskt\tsvensk\tJJ\tJJ.POS.NEU.SIN.IND.NOM\nn\u00e4ringsliv\tn\u00e4ringsliv\tNN\tNN.NEU.SIN.IND.NOM\n\u00e4r\tvara\tVB\tVB.PRS.AKT\ni\ti\tPP\tPP\ngrunden\tgrund\tNN\tNN.UTR.SIN.DEF.NOM\nstarkt\tstarkt\tAB\tAB.POS\n.\t.\tMAD\tMAD\nDen\tden\tDT\tDT.UTR.SIN.DEF\ntekniska\tteknisk\tJJ\tJJ.POS.UTR+NEU.SIN.DEF.NOM\nkompetensen\tkompetens\tNN\tNN.UTR.SIN.DEF.NOM\n\u00e4r\tvara\tVB\tVB.PRS.AKT\nh\u00f6g\th\u00f6g\tJJ\tJJ.POS.UTR.SIN.IND.NOM\n.\t.\tMID\tMID\nDet\tdet\tPN\tPN.NEU.SIN.DEF.SUB+OBJ\nfinns\tfinnas\tVB\tVB.PRS.SFO\nen\ten\tDT\tDT.UTR.SIN.IND\nutvecklad\tutvecklad\tPC\tPC.PRF.UTR.SIN.IND.NOM\ntradition\ttradition\tNN\tNN.UTR.SIN.IND.NOM\nav\tav\tPP\tPP\nsamarbete\tsamarbete\tNN\tNN.NEU.SIN.IND.NOM\ninom\tinom\tPP\tPP\nsamh\u00e4lle\tsamh\u00e4lle\tNN\tNN.NEU.SIN.IND.NOM\noch\toch\tKN\tKN\narbetsliv\tarbetsliv\tNN\tNN.NEU.SIN.IND.NOM\n.\t.\tMAD\tMAD\nSamarbetet\tsamarbete\tNN\tNN.NEU.SIN.DEF.NOM\nunderl\u00e4ttas\tunderl\u00e4tta\tVB\tVB.PRS.SFO\nav\tav\tPP\tPP\natt\tatt\tSN\tSN\nde\tden\tDT\tDT.UTR+NEU.PLU.DEF\nsociala\tsocial\tJJ\tJJ.POS.UTR+NEU.PLU.IND+DEF.NOM\nskillnaderna\tskillnad\tNN\tNN.UTR.PLU.DEF.NOM\n\u00e4r\tvara\tVB\tVB.PRS.AKT\nsm\u00e5\tliten\tJJ\tJJ.POS.UTR+NEU.PLU.IND+DEF.NOM\n.\t.\tMAD\tMAD","page_number":9,"speaker_note_id":"missing","num_tokens":54,"num_words":54},{"u_id":"i-DYGE8gMeMsgg8WXEKiXyKV","who":"unknown","prev_id":null,"next_id":null,"paragraphs":["Det \u00e4r angel\u00e4get med en \u00f6ppen redovisning av problemen . De utmaningar Sverige st\u00e5r inf\u00f6r under de kommande \u00e5ren kr\u00e4ver b\u00e5de en bred insikt om de verkliga sv\u00e5righeterna och en best\u00e4md vilja till ansvarstagande och samf\u00f6rst\u00e5nd fr\u00e5n alla grupper i v\u00e5rt land ."],"annotation":"token\tlemma\tpos\txpos\nDet\tdet\tPN\tPN.NEU.SIN.DEF.SUB+OBJ\n\u00e4r\tvara\tVB\tVB.PRS.AKT\nangel\u00e4get\tangel\u00e4gen\tJJ\tJJ.POS.NEU.SIN.IND.NOM\nmed\tmed\tPP\tPP\nen\ten\tDT\tDT.UTR.SIN.IND\n\u00f6ppen\t\u00f6ppen\tJJ\tJJ.POS.UTR.SIN.IND.NOM\nredovisning\tredovisning\tNN\tNN.UTR.SIN.IND.NOM\nav\tav\tPP\tPP\nproblemen\tproblem\tNN\tNN.NEU.PLU.DEF.NOM\n.\t.\tMAD\tMAD\nDe\tden\tDT\tDT.UTR+NEU.PLU.DEF\nutmaningar\tutmaning\tNN\tNN.UTR.PLU.IND.NOM\nSverige\tSverige\tPM\tPM.NOM\nst\u00e5r\tst\u00e5\tVB\tVB.PRS.AKT\ninf\u00f6r\tinf\u00f6r\tPP\tPP\nunder\tunder\tPP\tPP\nde\tden\tDT\tDT.UTR+NEU.PLU.DEF\nkommande\tkommande\tPC\tPC.PRS.UTR+NEU.SIN+PLU.IND+DEF.NOM\n\u00e5ren\t\u00e5r\tNN\tNN.NEU.PLU.DEF.NOM\nkr\u00e4ver\tkr\u00e4va\tVB\tVB.PRS.AKT\nb\u00e5de\tb\u00e5de\tKN\tKN\nen\ten\tDT\tDT.UTR.SIN.IND\nbred\tbred\tJJ\tJJ.POS.UTR.SIN.IND.NOM\ninsikt\tinsikt\tNN\tNN.UTR.SIN.IND.NOM\nom\tom\tPP\tPP\nde\tden\tDT\tDT.UTR+NEU.PLU.DEF\nverkliga\tverklig\tJJ\tJJ.POS.UTR+NEU.PLU.IND+DEF.NOM\nsv\u00e5righeterna\tsv\u00e5righet\tNN\tNN.UTR.PLU.DEF.NOM\noch\toch\tKN\tKN\nen\ten\tDT\tDT.UTR.SIN.IND\nbest\u00e4md\tbest\u00e4md\tPC\tPC.PRF.UTR.SIN.IND.NOM\nvilja\tvilja\tNN\tNN.UTR.SIN.IND.NOM\ntill\ttill\tPP\tPP\nansvarstagande\tansvarstagande\tNN\tNN.NEU.SIN.IND.NOM\noch\toch\tKN\tKN\nsamf\u00f6rst\u00e5nd\tsamf\u00f6rst\u00e5nd\tNN\tNN.NEU.SIN.IND.NOM\nfr\u00e5n\tfr\u00e5n\tPP\tPP\nalla\tall\tDT\tDT.UTR+NEU.PLU.IND+DEF\ngrupper\tgrupp\tNN\tNN.UTR.PLU.IND.NOM\ni\ti\tPP\tPP\nv\u00e5rt\tv\u00e5r\tPS\tPS.NEU.SIN.DEF\nland\tland\tNN\tNN.NEU.SIN.IND.NOM\n.\t.\tMAD\tMAD","page_number":9,"speaker_note_id":"missing","num_tokens":43,"num_words":43}]