[{"u_id":"i-WQdLbMLDQisPVMTkGRwSoJ","who":"unknown","prev_id":null,"next_id":null,"paragraphs":["Svenska m\u00e4n och kvinnor , valda ombud f\u00f6r Sveriges folk !"],"annotation":"token\tlemma\tpos\txpos\nSvenska\tsvensk\tJJ\tJJ.POS.UTR+NEU.PLU.IND+DEF.NOM\nm\u00e4n\tman\tNN\tNN.UTR.PLU.IND.NOM\noch\toch\tKN\tKN\nkvinnor\tkvinna\tNN\tNN.UTR.PLU.IND.NOM\n,\t,\tMID\tMID\nvalda\tvald\tPC\tPC.PRF.UTR+NEU.PLU.IND+DEF.NOM\nombud\tombud\tNN\tNN.NEU.PLU.IND.NOM\nf\u00f6r\tf\u00f6r\tPP\tPP\nSveriges\tSverige\tPM\tPM.GEN\nfolk\tfolk\tNN\tNN.NEU.SIN.IND.NOM\n!\t!\tMAD\tMAD","page_number":6,"speaker_note_id":"missing","num_tokens":11,"num_words":11},{"u_id":"i-FQhBDbWZEe6axdTGfpVKRX","who":"unknown","prev_id":null,"next_id":null,"paragraphs":["Jag h\u00e4lsar Eder v\u00e4lkomna till Edert ansvarsfulla arbete . Jag erinrar om de ingripande \u00e4ndringar i riksdagsval och Riksdagens arbetsformer , som under \u00e5r 1970 blivit grundlagsf\u00e4sta ."],"annotation":"token\tlemma\tpos\txpos\nJag\tjag\tPN\tPN.UTR.SIN.DEF.SUB\nh\u00e4lsar\th\u00e4lsa\tVB\tVB.PRS.AKT\nEder\teder\tPM\tPM.NOM\nv\u00e4lkomna\tv\u00e4lkomna\tVB\tVB.INF.AKT\ntill\ttill\tPP\tPP\nEdert\teder\tPS\tPS.NEU.SIN.DEF\nansvarsfulla\tansvarsfull\tJJ\tJJ.POS.UTR+NEU.SIN.DEF.NOM\narbete\tarbete\tNN\tNN.NEU.SIN.IND.NOM\n.\t.\tMID\tMID\nJag\tjag\tPN\tPN.UTR.SIN.DEF.SUB\nerinrar\terinra\tVB\tVB.PRS.AKT\nom\tom\tPP\tPP\nde\tden\tDT\tDT.UTR+NEU.PLU.DEF\ningripande\tingripande\tPC\tPC.PRS.UTR+NEU.SIN+PLU.IND+DEF.NOM\n\u00e4ndringar\t\u00e4ndring\tNN\tNN.UTR.PLU.IND.NOM\ni\ti\tPP\tPP\nriksdagsval\triksdagsval\tNN\tNN.NEU.SIN.IND.NOM\noch\toch\tKN\tKN\nRiksdagens\triksdag\tNN\tNN.UTR.SIN.DEF.GEN\narbetsformer\tarbetsform\tNN\tNN.UTR.PLU.IND.NOM\n,\t,\tMID\tMID\nsom\tsom\tHP\tHP.-.-.-\nunder\tunder\tPP\tPP\n\u00e5r\t\u00e5r\tNN\tNN.NEU.SIN.IND.NOM\n1970\t1970\tRG\tRG.NOM\nblivit\tbliva\tVB\tVB.SUP.AKT\ngrundlagsf\u00e4sta\tgrundlagsf\u00e4sta\tNN\tNN.UTR.SIN.IND.NOM\n.\t.\tMAD\tMAD","page_number":6,"speaker_note_id":"missing","num_tokens":28,"num_words":28},{"u_id":"i-Nybx6AZfsYtQBMtbf7dhJr","who":"unknown","prev_id":null,"next_id":null,"paragraphs":["Sveriges f\u00f6rh\u00e5llande till fr\u00e4mmande makter \u00e4r gott ."],"annotation":"token\tlemma\tpos\txpos\nSveriges\tSverige\tPM\tPM.GEN\nf\u00f6rh\u00e5llande\tf\u00f6rh\u00e5llande\tNN\tNN.NEU.SIN.IND.NOM\ntill\ttill\tPP\tPP\nfr\u00e4mmande\tfr\u00e4mmande\tJJ\tJJ.POS.UTR+NEU.SIN+PLU.IND+DEF.NOM\nmakter\tmakt\tNN\tNN.UTR.PLU.IND.NOM\n\u00e4r\tvara\tVB\tVB.PRS.AKT\ngott\tgod\tJJ\tJJ.POS.NEU.SIN.IND.NOM\n.\t.\tMAD\tMAD","page_number":6,"speaker_note_id":"missing","num_tokens":8,"num_words":8},{"u_id":"i-JwRwZdR3KgY8jW68bCDACH","who":"unknown","prev_id":null,"next_id":null,"paragraphs":["F\u00f6rbindelserna mellan V\u00e4stoch \u00d6steuropa ha under det g\u00e5ngna \u00e5ret f\u00f6rb\u00e4ttrats . Undertecknandet av f\u00f6rdragen mellan F\u00f6rbundsrepubliken Tyskland och Sovjetunionen respektive Polen st\u00e4rker f\u00f6rhoppningarna om avsp\u00e4nning , samf\u00f6rst\u00e5nd och samarbete . Berlin-fr\u00e5gan \u00e4r alltj\u00e4mt f\u00f6rem\u00e5l f\u00f6r \u00f6verl\u00e4ggningar mellan de fyra ber\u00f6rda stormakterna . Sverige st\u00f6der f\u00f6rslaget om en v\u00e4l f\u00f6rberedd konferens om s\u00e4kerhet och samarbete i Europa ."],"annotation":"token\tlemma\tpos\txpos\nF\u00f6rbindelserna\tf\u00f6rbindelse\tNN\tNN.UTR.PLU.DEF.NOM\nmellan\tmellan\tPP\tPP\nV\u00e4stoch\tV\u00e4stoch\tPM\tPM.NOM\n\u00d6steuropa\t\u00d6steuropa\tPM\tPM.NOM\nha\tha\tVB\tVB.INF.AKT\nunder\tunder\tPP\tPP\ndet\tden\tDT\tDT.NEU.SIN.DEF\ng\u00e5ngna\tg\u00e5ngen\tJJ\tJJ.POS.UTR+NEU.SIN.DEF.NOM\n\u00e5ret\t\u00e5r\tNN\tNN.NEU.SIN.DEF.NOM\nf\u00f6rb\u00e4ttrats\tf\u00f6rb\u00e4ttra\tVB\tVB.SUP.SFO\n.\t.\tMAD\tMAD\nUndertecknandet\tundertecknande\tNN\tNN.NEU.SIN.DEF.NOM\nav\tav\tPP\tPP\nf\u00f6rdragen\tf\u00f6rdrag\tNN\tNN.NEU.PLU.DEF.NOM\nmellan\tmellan\tPP\tPP\nF\u00f6rbundsrepubliken\tf\u00f6rbundsrepublik\tNN\tNN.UTR.SIN.DEF.NOM\nTyskland\tTyskland\tPM\tPM.NOM\noch\toch\tKN\tKN\nSovjetunionen\tSovjetunionen\tPM\tPM.NOM\nrespektive\trespektive\tAB\tAB\nPolen\tPolen\tPM\tPM.NOM\nst\u00e4rker\tst\u00e4rka\tVB\tVB.PRS.AKT\nf\u00f6rhoppningarna\tf\u00f6rhoppning\tNN\tNN.UTR.PLU.DEF.NOM\nom\tom\tPP\tPP\navsp\u00e4nning\tavsp\u00e4nning\tNN\tNN.UTR.SIN.IND.NOM\n,\t,\tMID\tMID\nsamf\u00f6rst\u00e5nd\tsamf\u00f6rst\u00e5nd\tNN\tNN.NEU.SIN.IND.NOM\noch\toch\tKN\tKN\nsamarbete\tsamarbete\tNN\tNN.NEU.SIN.IND.NOM\n.\t.\tMAD\tMAD\nBerlin-fr\u00e5gan\tBerlin-fr\u00e5ga\tNN\tNN.UTR.SIN.DEF.NOM\n\u00e4r\tvara\tVB\tVB.PRS.AKT\nalltj\u00e4mt\talltj\u00e4mt\tAB\tAB\nf\u00f6rem\u00e5l\tf\u00f6rem\u00e5l\tNN\tNN.NEU.SIN.IND.NOM\nf\u00f6r\tf\u00f6r\tPP\tPP\n\u00f6verl\u00e4ggningar\t\u00f6verl\u00e4ggning\tNN\tNN.UTR.PLU.IND.NOM\nmellan\tmellan\tPP\tPP\nde\tden\tDT\tDT.UTR+NEU.PLU.DEF\nfyra\tfyra\tRG\tRG.NOM\nber\u00f6rda\tber\u00f6rd\tPC\tPC.PRF.UTR+NEU.PLU.IND+DEF.NOM\nstormakterna\tstormakt\tNN\tNN.UTR.PLU.DEF.NOM\n.\t.\tMAD\tMAD\nSverige\tSverige\tPM\tPM.NOM\nst\u00f6der\tst\u00f6da\tVB\tVB.PRS.AKT\nf\u00f6rslaget\tf\u00f6rslag\tNN\tNN.NEU.SIN.DEF.NOM\nom\tom\tPP\tPP\nen\ten\tDT\tDT.UTR.SIN.IND\nv\u00e4l\tv\u00e4l\tAB\tAB.POS\nf\u00f6rberedd\tf\u00f6rberedd\tPC\tPC.PRF.UTR.SIN.IND.NOM\nkonferens\tkonferens\tNN\tNN.UTR.SIN.IND.NOM\nom\tom\tPP\tPP\ns\u00e4kerhet\ts\u00e4kerhet\tNN\tNN.UTR.SIN.IND.NOM\noch\toch\tKN\tKN\nsamarbete\tsamarbete\tNN\tNN.NEU.SIN.IND.NOM\ni\ti\tPP\tPP\nEuropa\tEuropa\tPM\tPM.NOM\n.\t.\tMAD\tMAD","page_number":6,"speaker_note_id":"missing","num_tokens":57,"num_words":57},{"u_id":"i-SvgRqjJahHao1ACtQ845qm","who":"unknown","prev_id":null,"next_id":null,"paragraphs":["Konflikten i Mellersta \u00d6stern inger alltj\u00e4mt oro . Kriget i Indokina har under det g\u00e5ngna \u00e5ret utvidgats till nya omr\u00e5den . F\u00f6renta Staterna och Sovjetunionen forts\u00e4tta sina samtal om begr\u00e4nsning av strategiska vapen . F\u00f6renta Nationernas generalf\u00f6rsamling har antagit ett f\u00f6rslag om f\u00f6rbud mot placering av massf\u00f6rst\u00f6relsevapen p\u00e5 havsbottnen . Arbetet vid nedrustningskonferensen fullf\u00f6ljes , varvid Sveriges str\u00e4van s\u00e4rskilt \u00e4r att uppn\u00e5 fullst\u00e4ndigt provstopp p\u00e5 k\u00e4rnvapenomr\u00e5det och totalf\u00f6rbud mot biologiska och kemiska vapen ."],"annotation":"token\tlemma\tpos\txpos\nKonflikten\tkonflikt\tNN\tNN.UTR.SIN.DEF.NOM\ni\ti\tPP\tPP\nMellersta\tmellerst\tJJ\tJJ.SUV.UTR+NEU.SIN+PLU.DEF.NOM\n\u00d6stern\t\u00d6stern\tPM\tPM.NOM\ninger\tinge\tVB\tVB.PRS.AKT\nalltj\u00e4mt\talltj\u00e4mt\tAB\tAB\noro\toro\tNN\tNN.UTR.SIN.IND.NOM\n.\t.\tMAD\tMAD\nKriget\tkrig\tNN\tNN.NEU.SIN.DEF.NOM\ni\ti\tPP\tPP\nIndokina\tIndokina\tPM\tPM.NOM\nhar\tha\tVB\tVB.PRS.AKT\nunder\tunder\tPP\tPP\ndet\tden\tDT\tDT.NEU.SIN.DEF\ng\u00e5ngna\tg\u00e5ngen\tJJ\tJJ.POS.UTR+NEU.SIN.DEF.NOM\n\u00e5ret\t\u00e5r\tNN\tNN.NEU.SIN.DEF.NOM\nutvidgats\tutvidga\tVB\tVB.SUP.SFO\ntill\ttill\tPP\tPP\nnya\tny\tJJ\tJJ.POS.UTR+NEU.PLU.IND+DEF.NOM\nomr\u00e5den\tomr\u00e5de\tNN\tNN.NEU.PLU.IND.NOM\n.\t.\tMAD\tMAD\nF\u00f6renta\tf\u00f6rent\tJJ\tJJ.POS.UTR+NEU.PLU.IND+DEF.NOM\nStaterna\tstat\tNN\tNN.UTR.PLU.DEF.NOM\noch\toch\tKN\tKN\nSovjetunionen\tSovjetunionen\tPM\tPM.NOM\nforts\u00e4tta\tforts\u00e4tta\tVB\tVB.INF.AKT\nsina\tsin\tPS\tPS.UTR+NEU.PLU.DEF\nsamtal\tsamtal\tNN\tNN.NEU.PLU.IND.NOM\nom\tom\tPP\tPP\nbegr\u00e4nsning\tbegr\u00e4nsning\tNN\tNN.UTR.SIN.IND.NOM\nav\tav\tPP\tPP\nstrategiska\tstrategisk\tJJ\tJJ.POS.UTR+NEU.PLU.IND+DEF.NOM\nvapen\tvapen\tNN\tNN.NEU.PLU.IND.NOM\n.\t.\tMAD\tMAD\nF\u00f6renta\tf\u00f6rent\tJJ\tJJ.POS.UTR+NEU.PLU.IND+DEF.NOM\nNationernas\tnation\tNN\tNN.UTR.PLU.DEF.GEN\ngeneralf\u00f6rsamling\tgeneralf\u00f6rsamling\tNN\tNN.UTR.SIN.IND.NOM\nhar\tha\tVB\tVB.PRS.AKT\nantagit\tanta\tVB\tVB.SUP.AKT\nett\ten\tDT\tDT.NEU.SIN.IND\nf\u00f6rslag\tf\u00f6rslag\tNN\tNN.NEU.SIN.IND.NOM\nom\tom\tPP\tPP\nf\u00f6rbud\tf\u00f6rbud\tNN\tNN.NEU.SIN.IND.NOM\nmot\tmot\tPP\tPP\nplacering\tplacering\tNN\tNN.UTR.SIN.IND.NOM\nav\tav\tPP\tPP\nmassf\u00f6rst\u00f6relsevapen\tmassf\u00f6rst\u00f6relsevapen\tNN\tNN.NEU.PLU.IND.NOM\np\u00e5\tp\u00e5\tPP\tPP\nhavsbottnen\thavsbotten\tNN\tNN.UTR.SIN.DEF.NOM\n.\t.\tMAD\tMAD\nArbetet\tarbete\tNN\tNN.NEU.SIN.DEF.NOM\nvid\tvid\tPP\tPP\nnedrustningskonferensen\tnedrustningskonferens\tNN\tNN.UTR.SIN.DEF.NOM\nfullf\u00f6ljes\tfullf\u00f6lja\tVB\tVB.PRS.SFO\n,\t,\tMID\tMID\nvarvid\tvarvid\tHA\tHA\nSveriges\tSverige\tPM\tPM.GEN\nstr\u00e4van\tstr\u00e4van\tNN\tNN.UTR.SIN.IND.NOM\ns\u00e4rskilt\ts\u00e4rskilt\tAB\tAB\n\u00e4r\tvara\tVB\tVB.PRS.AKT\natt\tatt\tIE\tIE\nuppn\u00e5\tuppn\u00e5\tVB\tVB.INF.AKT\nfullst\u00e4ndigt\tfullst\u00e4ndig\tJJ\tJJ.POS.NEU.SIN.IND.NOM\nprovstopp\tprovstopp\tNN\tNN.NEU.SIN.IND.NOM\np\u00e5\tp\u00e5\tPP\tPP\nk\u00e4rnvapenomr\u00e5det\tk\u00e4rnvapenomr\u00e5de\tNN\tNN.NEU.SIN.DEF.NOM\noch\toch\tKN\tKN\ntotalf\u00f6rbud\ttotalf\u00f6rbud\tNN\tNN.NEU.SIN.IND.NOM\nmot\tmot\tPP\tPP\nbiologiska\tbiologisk\tJJ\tJJ.POS.UTR+NEU.PLU.IND+DEF.NOM\noch\toch\tKN\tKN\nkemiska\tkemisk\tJJ\tJJ.POS.UTR+NEU.PLU.IND+DEF.NOM\nvapen\tvapen\tNN\tNN.NEU.PLU.IND.NOM\n.\t.\tMAD\tMAD","page_number":6,"speaker_note_id":"missing","num_tokens":74,"num_words":74},{"u_id":"i-E3MN4JpDhoaXeQS7rAdVn1","who":"unknown","prev_id":null,"next_id":null,"paragraphs":["F\u00f6renta Nationerna ha fastst\u00e4llt en strategi f\u00f6r det internationella utvecklingssamarbetet under 1970-talet , vilket proklamerats som det andra utvecklings\u00e5rtiondet . Sveriges medverkan understrykes genom en fortsatt stark h\u00f6jning av anslagen till internationellt utvecklingssamarbete ."],"annotation":"token\tlemma\tpos\txpos\nF\u00f6renta\tf\u00f6rent\tJJ\tJJ.POS.UTR+NEU.PLU.IND+DEF.NOM\nNationerna\tnation\tNN\tNN.UTR.PLU.DEF.NOM\nha\tha\tVB\tVB.INF.AKT\nfastst\u00e4llt\tfastst\u00e4lla\tVB\tVB.SUP.AKT\nen\ten\tDT\tDT.UTR.SIN.IND\nstrategi\tstrategi\tNN\tNN.UTR.SIN.IND.NOM\nf\u00f6r\tf\u00f6r\tPP\tPP\ndet\tden\tDT\tDT.NEU.SIN.DEF\ninternationella\tinternationell\tJJ\tJJ.POS.UTR+NEU.SIN.DEF.NOM\nutvecklingssamarbetet\tutvecklingssamarbete\tNN\tNN.NEU.SIN.DEF.NOM\nunder\tunder\tPP\tPP\n1970-talet\t1970-tal\tNN\tNN.NEU.SIN.DEF.NOM\n,\t,\tMID\tMID\nvilket\tvilket\tHP\tHP.NEU.SIN.IND\nproklamerats\tproklamera\tVB\tVB.SUP.SFO\nsom\tsom\tKN\tKN\ndet\tden\tDT\tDT.NEU.SIN.DEF\nandra\tannan\tJJ\tJJ.POS.UTR+NEU.SIN.DEF.NOM\nutvecklings\u00e5rtiondet\tutvecklings\u00e5rtionde\tNN\tNN.NEU.SIN.DEF.NOM\n.\t.\tMAD\tMAD\nSveriges\tSverige\tPM\tPM.GEN\nmedverkan\tmedverkan\tNN\tNN.UTR.SIN.IND.NOM\nunderstrykes\tunderstryka\tVB\tVB.PRS.SFO\ngenom\tgenom\tPP\tPP\nen\ten\tDT\tDT.UTR.SIN.IND\nfortsatt\tfortsatt\tPC\tPC.PRF.UTR.SIN.IND.NOM\nstark\tstark\tJJ\tJJ.POS.UTR.SIN.IND.NOM\nh\u00f6jning\th\u00f6jning\tNN\tNN.UTR.SIN.IND.NOM\nav\tav\tPP\tPP\nanslagen\tanslag\tNN\tNN.NEU.PLU.DEF.NOM\ntill\ttill\tPP\tPP\ninternationellt\tinternationell\tJJ\tJJ.POS.NEU.SIN.IND.NOM\nutvecklingssamarbete\tutvecklingssamarbete\tNN\tNN.NEU.SIN.IND.NOM\n.\t.\tMAD\tMAD","page_number":6,"speaker_note_id":"missing","num_tokens":34,"num_words":34},{"u_id":"i-Qx9atcAoFD94ZkEor8eLf3","who":"unknown","prev_id":null,"next_id":null,"paragraphs":["En friare handel och \u00f6kat ekonomiskt samarbete mellan staterna ligger i v\u00e5rt lands intresse . Sverige har nyligen inlett \u00f6verl\u00e4ggningar med de Europeiska gemenskaperna om deltagande i ett utvidgat europeiskt ekonomiskt samarbete . Fr\u00e5n svensk sida efterstr\u00e4vas f\u00f6rbindelser med gemenskaperna i former som \u00e4ro f\u00f6renliga med neutralitetspolitiken . Vi \u00f6nska en uppg\u00f6relse , som ger oss m\u00f6jligheter att bevara det nordiska samarbetet och att forts\u00e4tta en politik f\u00f6r ekonomisk och social utj\u00e4mning ."],"annotation":"token\tlemma\tpos\txpos\nEn\ten\tDT\tDT.UTR.SIN.IND\nfriare\tfri\tJJ\tJJ.KOM.UTR+NEU.SIN+PLU.IND+DEF.NOM\nhandel\thandel\tNN\tNN.UTR.SIN.IND.NOM\noch\toch\tKN\tKN\n\u00f6kat\t\u00f6kad\tPC\tPC.PRF.NEU.SIN.IND.NOM\nekonomiskt\tekonomisk\tJJ\tJJ.POS.NEU.SIN.IND.NOM\nsamarbete\tsamarbete\tNN\tNN.NEU.SIN.IND.NOM\nmellan\tmellan\tPP\tPP\nstaterna\tstat\tNN\tNN.UTR.PLU.DEF.NOM\nligger\tligga\tVB\tVB.PRS.AKT\ni\ti\tPP\tPP\nv\u00e5rt\tv\u00e5r\tPS\tPS.NEU.SIN.DEF\nlands\tland\tNN\tNN.NEU.SIN.IND.GEN\nintresse\tintresse\tNN\tNN.NEU.SIN.IND.NOM\n.\t.\tMAD\tMAD\nSverige\tSverige\tPM\tPM.NOM\nhar\tha\tVB\tVB.PRS.AKT\nnyligen\tnyligen\tAB\tAB\ninlett\tinleda\tVB\tVB.SUP.AKT\n\u00f6verl\u00e4ggningar\t\u00f6verl\u00e4ggning\tNN\tNN.UTR.PLU.IND.NOM\nmed\tmed\tPP\tPP\nde\tden\tDT\tDT.UTR+NEU.PLU.DEF\nEuropeiska\teuropeisk\tJJ\tJJ.POS.UTR+NEU.PLU.IND+DEF.NOM\ngemenskaperna\tgemenskap\tNN\tNN.UTR.PLU.DEF.NOM\nom\tom\tPP\tPP\ndeltagande\tdeltagande\tNN\tNN.NEU.SIN.IND.NOM\ni\ti\tPP\tPP\nett\ten\tDT\tDT.NEU.SIN.IND\nutvidgat\tutvidgad\tPC\tPC.PRF.NEU.SIN.IND.NOM\neuropeiskt\teuropeisk\tJJ\tJJ.POS.NEU.SIN.IND.NOM\nekonomiskt\tekonomisk\tJJ\tJJ.POS.NEU.SIN.IND.NOM\nsamarbete\tsamarbete\tNN\tNN.NEU.SIN.IND.NOM\n.\t.\tMAD\tMAD\nFr\u00e5n\tfr\u00e5n\tPP\tPP\nsvensk\tsvensk\tJJ\tJJ.POS.UTR.SIN.IND.NOM\nsida\tsida\tNN\tNN.UTR.SIN.IND.NOM\nefterstr\u00e4vas\tefterstr\u00e4va\tVB\tVB.PRS.SFO\nf\u00f6rbindelser\tf\u00f6rbindelse\tNN\tNN.UTR.PLU.IND.NOM\nmed\tmed\tPP\tPP\ngemenskaperna\tgemenskap\tNN\tNN.UTR.PLU.DEF.NOM\ni\ti\tPP\tPP\nformer\tform\tNN\tNN.UTR.PLU.IND.NOM\nsom\tsom\tHP\tHP.-.-.-\n\u00e4ro\tvara\tVB\tVB.PRS.AKT\nf\u00f6renliga\tf\u00f6renlig\tJJ\tJJ.POS.UTR+NEU.PLU.IND+DEF.NOM\nmed\tmed\tPP\tPP\nneutralitetspolitiken\tneutralitetspolitik\tNN\tNN.UTR.SIN.DEF.NOM\n.\t.\tMID\tMID\nVi\tvi\tPN\tPN.UTR.PLU.DEF.SUB\n\u00f6nska\t\u00f6nska\tVB\tVB.PRS.AKT\nen\ten\tDT\tDT.UTR.SIN.IND\nuppg\u00f6relse\tuppg\u00f6relse\tNN\tNN.UTR.SIN.IND.NOM\n,\t,\tMID\tMID\nsom\tsom\tHP\tHP.-.-.-\nger\tge\tVB\tVB.PRS.AKT\noss\tvi\tPN\tPN.UTR.PLU.DEF.OBJ\nm\u00f6jligheter\tm\u00f6jlighet\tNN\tNN.UTR.PLU.IND.NOM\natt\tatt\tIE\tIE\nbevara\tbevara\tVB\tVB.INF.AKT\ndet\tden\tDT\tDT.NEU.SIN.DEF\nnordiska\tnordisk\tJJ\tJJ.POS.UTR+NEU.SIN.DEF.NOM\nsamarbetet\tsamarbete\tNN\tNN.NEU.SIN.DEF.NOM\noch\toch\tKN\tKN\natt\tatt\tIE\tIE\nforts\u00e4tta\tforts\u00e4tta\tVB\tVB.INF.AKT\nen\ten\tDT\tDT.UTR.SIN.IND\npolitik\tpolitik\tNN\tNN.UTR.SIN.IND.NOM\nf\u00f6r\tf\u00f6r\tPP\tPP\nekonomisk\tekonomisk\tJJ\tJJ.POS.UTR.SIN.IND.NOM\noch\toch\tKN\tKN\nsocial\tsocial\tJJ\tJJ.POS.UTR.SIN.IND.NOM\nutj\u00e4mning\tutj\u00e4mning\tNN\tNN.UTR.SIN.IND.NOM\n.\t.\tMAD\tMAD","page_number":6,"speaker_note_id":"missing","num_tokens":73,"num_words":73},{"u_id":"i-4nVVadb8PywrNy6FtA8iYc","who":"unknown","prev_id":null,"next_id":null,"paragraphs":["Den ekonomiska utvecklingen i v\u00e5rt land har under det g\u00e5ngna \u00e5ret"],"annotation":"token\tlemma\tpos\txpos\nDen\tden\tDT\tDT.UTR.SIN.DEF\nekonomiska\tekonomisk\tJJ\tJJ.POS.UTR+NEU.SIN.DEF.NOM\nutvecklingen\tutveckling\tNN\tNN.UTR.SIN.DEF.NOM\ni\ti\tPP\tPP\nv\u00e5rt\tv\u00e5r\tPS\tPS.NEU.SIN.DEF\nland\tland\tNN\tNN.NEU.SIN.IND.NOM\nhar\tha\tVB\tVB.PRS.AKT\nunder\tunder\tPP\tPP\ndet\tden\tDT\tDT.NEU.SIN.DEF\ng\u00e5ngna\tg\u00e5ngen\tJJ\tJJ.POS.UTR+NEU.SIN.DEF.NOM\n\u00e5ret\t\u00e5r\tNN\tNN.NEU.SIN.DEF.NOM","page_number":6,"speaker_note_id":"missing","num_tokens":11,"num_words":11},{"u_id":"i-PUu3Z5soBfDVo1mNimoJYW","who":"unknown","prev_id":null,"next_id":null,"paragraphs":["pr\u00e4glats av fortsatt god tillv\u00e4xt av v\u00e5ra samlade resurser . Syssels\u00e4ttningen har varit h\u00f6g och industrins produktion och investeringar ha p\u00e5tagligt \u00f6kat . V\u00e5rt handelsutbyte med andra l\u00e4nder har kraftigt \u00f6kat i omfattning . Samtidigt h\u00e4rmed ha emellertid p\u00e5frestningar p\u00e5 bytesbalansen uppst\u00e5tt . Dessa ha m\u00f6tts med en stram ekonomisk politik ."],"annotation":"token\tlemma\tpos\txpos\npr\u00e4glats\tpr\u00e4gla\tVB\tVB.SUP.SFO\nav\tav\tPP\tPP\nfortsatt\tfortsatt\tPC\tPC.PRF.UTR.SIN.IND.NOM\ngod\tgod\tJJ\tJJ.POS.UTR.SIN.IND.NOM\ntillv\u00e4xt\ttillv\u00e4xt\tNN\tNN.UTR.SIN.IND.NOM\nav\tav\tPP\tPP\nv\u00e5ra\tv\u00e5r\tPS\tPS.UTR+NEU.PLU.DEF\nsamlade\tsamlad\tPC\tPC.PRF.UTR+NEU.PLU.IND+DEF.NOM\nresurser\tresurs\tNN\tNN.UTR.PLU.IND.NOM\n.\t.\tMAD\tMAD\nSyssels\u00e4ttningen\tsyssels\u00e4ttning\tNN\tNN.UTR.SIN.DEF.NOM\nhar\tha\tVB\tVB.PRS.AKT\nvarit\tvara\tVB\tVB.SUP.AKT\nh\u00f6g\th\u00f6g\tJJ\tJJ.POS.UTR.SIN.IND.NOM\noch\toch\tKN\tKN\nindustrins\tindustri\tNN\tNN.UTR.SIN.DEF.GEN\nproduktion\tproduktion\tNN\tNN.UTR.SIN.IND.NOM\noch\toch\tKN\tKN\ninvesteringar\tinvestering\tNN\tNN.UTR.PLU.IND.NOM\nha\tha\tVB\tVB.INF.AKT\np\u00e5tagligt\tp\u00e5tagligt\tAB\tAB.POS\n\u00f6kat\t\u00f6ka\tVB\tVB.SUP.AKT\n.\t.\tMAD\tMAD\nV\u00e5rt\tv\u00e5r\tPS\tPS.NEU.SIN.DEF\nhandelsutbyte\thandelsutbyte\tNN\tNN.NEU.SIN.IND.NOM\nmed\tmed\tPP\tPP\nandra\tannan\tJJ\tJJ.POS.UTR+NEU.PLU.IND+DEF.NOM\nl\u00e4nder\tland\tNN\tNN.NEU.PLU.IND.NOM\nhar\tha\tVB\tVB.PRS.AKT\nkraftigt\tkraftigt\tAB\tAB.POS\n\u00f6kat\t\u00f6ka\tVB\tVB.SUP.AKT\ni\ti\tPP\tPP\nomfattning\tomfattning\tNN\tNN.UTR.SIN.IND.NOM\n.\t.\tMID\tMID\nSamtidigt\tsamtidigt\tAB\tAB\nh\u00e4rmed\th\u00e4rmed\tAB\tAB\nha\tha\tVB\tVB.INF.AKT\nemellertid\temellertid\tAB\tAB\np\u00e5frestningar\tp\u00e5frestning\tNN\tNN.UTR.PLU.IND.NOM\np\u00e5\tp\u00e5\tPP\tPP\nbytesbalansen\tbytesbalans\tNN\tNN.UTR.SIN.DEF.NOM\nuppst\u00e5tt\tuppst\u00e5\tVB\tVB.SUP.AKT\n.\t.\tMID\tMID\nDessa\tdessa\tPN\tPN.UTR+NEU.PLU.DEF.SUB+OBJ\nha\tha\tVB\tVB.INF.AKT\nm\u00f6tts\tm\u00f6tas\tVB\tVB.SUP.SFO\nmed\tmed\tPP\tPP\nen\ten\tDT\tDT.UTR.SIN.IND\nstram\tstram\tJJ\tJJ.POS.UTR.SIN.IND.NOM\nekonomisk\tekonomisk\tJJ\tJJ.POS.UTR.SIN.IND.NOM\npolitik\tpolitik\tNN\tNN.UTR.SIN.IND.NOM\n.\t.\tMAD\tMAD","page_number":7,"speaker_note_id":"missing","num_tokens":52,"num_words":52},{"u_id":"i-HqfvmmQesJKYpRahcNnU5n","who":"unknown","prev_id":null,"next_id":null,"paragraphs":["Det riksstatsf\u00f6rslag , som f\u00f6rel\u00e4gges Eder , inneb\u00e4r en ytterligare \u00e5tstramning av finanspolitiken . H\u00e4rigenom skapas f\u00f6ruts\u00e4ttningar f\u00f6r h\u00f6g investeringstakt inom v\u00e5rt lands industri , f\u00f6rb\u00e4ttrad balans i v\u00e5ra utrikes betalningar och m\u00f6jligheter till l\u00e4ttnad i den h\u00e5rda kreditpolitiken ."],"annotation":"token\tlemma\tpos\txpos\nDet\tden\tDT\tDT.NEU.SIN.DEF\nriksstatsf\u00f6rslag\triksstatsf\u00f6rslag\tNN\tNN.NEU.SIN.IND.NOM\n,\t,\tMID\tMID\nsom\tsom\tHP\tHP.-.-.-\nf\u00f6rel\u00e4gges\tf\u00f6rel\u00e4gga\tVB\tVB.PRS.SFO\nEder\teder\tPM\tPM.NOM\n,\t,\tMID\tMID\ninneb\u00e4r\tinneb\u00e4ra\tVB\tVB.PRS.AKT\nen\ten\tDT\tDT.UTR.SIN.IND\nytterligare\tytterlig\tJJ\tJJ.KOM.UTR+NEU.SIN+PLU.IND+DEF.NOM\n\u00e5tstramning\t\u00e5tstramning\tNN\tNN.UTR.SIN.IND.NOM\nav\tav\tPP\tPP\nfinanspolitiken\tfinanspolitik\tNN\tNN.UTR.SIN.DEF.NOM\n.\t.\tMID\tMID\nH\u00e4rigenom\th\u00e4rigenom\tAB\tAB\nskapas\tskapa\tVB\tVB.PRS.SFO\nf\u00f6ruts\u00e4ttningar\tf\u00f6ruts\u00e4ttning\tNN\tNN.UTR.PLU.IND.NOM\nf\u00f6r\tf\u00f6r\tPP\tPP\nh\u00f6g\th\u00f6g\tJJ\tJJ.POS.UTR.SIN.IND.NOM\ninvesteringstakt\tinvesteringstakt\tNN\tNN.UTR.SIN.IND.NOM\ninom\tinom\tPP\tPP\nv\u00e5rt\tv\u00e5r\tPS\tPS.NEU.SIN.DEF\nlands\tland\tNN\tNN.NEU.SIN.IND.GEN\nindustri\tindustri\tNN\tNN.UTR.SIN.IND.NOM\n,\t,\tMID\tMID\nf\u00f6rb\u00e4ttrad\tf\u00f6rb\u00e4ttrad\tPC\tPC.PRF.UTR.SIN.IND.NOM\nbalans\tbalans\tNN\tNN.UTR.SIN.IND.NOM\ni\ti\tPP\tPP\nv\u00e5ra\tv\u00e5r\tPS\tPS.UTR+NEU.PLU.DEF\nutrikes\tutrikes\tNN\tNN.UTR.PLU.IND.GEN\nbetalningar\tbetalning\tNN\tNN.UTR.PLU.IND.NOM\noch\toch\tKN\tKN\nm\u00f6jligheter\tm\u00f6jlighet\tNN\tNN.UTR.PLU.IND.NOM\ntill\ttill\tPP\tPP\nl\u00e4ttnad\tl\u00e4ttnad\tNN\tNN.UTR.SIN.IND.NOM\ni\ti\tPP\tPP\nden\tden\tDT\tDT.UTR.SIN.DEF\nh\u00e5rda\th\u00e5rd\tJJ\tJJ.POS.UTR+NEU.SIN.DEF.NOM\nkreditpolitiken\tkreditpolitik\tNN\tNN.UTR.SIN.DEF.NOM\n.\t.\tMAD\tMAD","page_number":7,"speaker_note_id":"missing","num_tokens":40,"num_words":40},{"u_id":"i-TtBNbN3UUVRKuJXA8WSVTB","who":"unknown","prev_id":null,"next_id":null,"paragraphs":["Utgiftspr\u00f6vningen har varit restriktiv . Utrymme har likv\u00e4l skapats f\u00f6r fortsatta insatser f\u00f6r \u00f6kad j\u00e4mlikhet och trygghet ."],"annotation":"token\tlemma\tpos\txpos\nUtgiftspr\u00f6vningen\tUtgiftspr\u00f6vning\tNN\tNN.UTR.SIN.DEF.NOM\nhar\tha\tVB\tVB.PRS.AKT\nvarit\tvara\tVB\tVB.SUP.AKT\nrestriktiv\trestriktiv\tJJ\tJJ.POS.UTR.SIN.IND.NOM\n.\t.\tMAD\tMAD\nUtrymme\tutrymme\tNN\tNN.NEU.SIN.IND.NOM\nhar\tha\tVB\tVB.PRS.AKT\nlikv\u00e4l\tlikv\u00e4l\tAB\tAB\nskapats\tskapa\tVB\tVB.SUP.SFO\nf\u00f6r\tf\u00f6r\tPP\tPP\nfortsatta\tfortsatt\tPC\tPC.PRF.UTR+NEU.PLU.IND+DEF.NOM\ninsatser\tinsats\tNN\tNN.UTR.PLU.IND.NOM\nf\u00f6r\tf\u00f6r\tPP\tPP\n\u00f6kad\t\u00f6kad\tPC\tPC.PRF.UTR.SIN.IND.NOM\nj\u00e4mlikhet\tj\u00e4mlikhet\tNN\tNN.UTR.SIN.IND.NOM\noch\toch\tKN\tKN\ntrygghet\ttrygghet\tNN\tNN.UTR.SIN.IND.NOM\n.\t.\tMAD\tMAD","page_number":7,"speaker_note_id":"missing","num_tokens":18,"num_words":18},{"u_id":"i-9xqNTnDtDNLK2kaqt1njBd","who":"unknown","prev_id":null,"next_id":null,"paragraphs":["Arbetet med att utforma en fastare regionalpolitik f\u00f6r hela landet forts\u00e4tter . De vidtagna \u00e5tg\u00e4rderna f\u00f6r att utveckla n\u00e4ringslivet i syssels\u00e4ttningssvaga regioner skola fullf\u00f6ljas . I de stats\u00e4gda f\u00f6retagen i Norrbotten g\u00f6ras stora investeringar . Den h\u00f6gre tekniska utbildningen i Norrland p\u00e5b\u00f6rjas . Transportst\u00f6det fullf\u00f6ljes genom f\u00f6rslag om investeringar f\u00f6r \u00f6kad kapacitet hos Statens J\u00e4rnv\u00e4gar och om anskaffning av en ny statsisbrytare ."],"annotation":"token\tlemma\tpos\txpos\nArbetet\tarbete\tNN\tNN.NEU.SIN.DEF.NOM\nmed\tmed\tPP\tPP\natt\tatt\tIE\tIE\nutforma\tutforma\tVB\tVB.INF.AKT\nen\ten\tDT\tDT.UTR.SIN.IND\nfastare\tfast\tJJ\tJJ.KOM.UTR+NEU.SIN+PLU.IND+DEF.NOM\nregionalpolitik\tregionalpolitik\tNN\tNN.UTR.SIN.IND.NOM\nf\u00f6r\tf\u00f6r\tPP\tPP\nhela\thel\tJJ\tJJ.POS.UTR+NEU.SIN.DEF.NOM\nlandet\tland\tNN\tNN.NEU.SIN.DEF.NOM\nforts\u00e4tter\tforts\u00e4tta\tVB\tVB.PRS.AKT\n.\t.\tMAD\tMAD\nDe\tden\tDT\tDT.UTR+NEU.PLU.DEF\nvidtagna\tvidtagen\tPC\tPC.PRF.UTR+NEU.PLU.IND+DEF.NOM\n\u00e5tg\u00e4rderna\t\u00e5tg\u00e4rd\tNN\tNN.UTR.PLU.DEF.NOM\nf\u00f6r\tf\u00f6r\tPP\tPP\natt\tatt\tIE\tIE\nutveckla\tutveckla\tVB\tVB.INF.AKT\nn\u00e4ringslivet\tn\u00e4ringsliv\tNN\tNN.NEU.SIN.DEF.NOM\ni\ti\tPP\tPP\nsyssels\u00e4ttningssvaga\tsyssels\u00e4ttningssvag\tJJ\tJJ.POS.UTR+NEU.PLU.IND+DEF.NOM\nregioner\tregion\tNN\tNN.UTR.PLU.IND.NOM\nskola\tskola\tNN\tNN.UTR.SIN.IND.NOM\nfullf\u00f6ljas\tfullf\u00f6lja\tVB\tVB.INF.SFO\n.\t.\tMAD\tMAD\nI\ti\tPP\tPP\nde\tden\tDT\tDT.UTR+NEU.PLU.DEF\nstats\u00e4gda\tstats\u00e4gd\tPC\tPC.PRF.UTR+NEU.PLU.IND+DEF.NOM\nf\u00f6retagen\tf\u00f6retag\tNN\tNN.NEU.PLU.DEF.NOM\ni\ti\tPP\tPP\nNorrbotten\tNorrbotten\tPM\tPM.NOM\ng\u00f6ras\tg\u00f6ra\tVB\tVB.INF.SFO\nstora\tstor\tJJ\tJJ.POS.UTR+NEU.PLU.IND+DEF.NOM\ninvesteringar\tinvestering\tNN\tNN.UTR.PLU.IND.NOM\n.\t.\tMAD\tMAD\nDen\tden\tDT\tDT.UTR.SIN.DEF\nh\u00f6gre\th\u00f6g\tJJ\tJJ.KOM.UTR+NEU.SIN+PLU.IND+DEF.NOM\ntekniska\tteknisk\tJJ\tJJ.POS.UTR+NEU.SIN.DEF.NOM\nutbildningen\tutbildning\tNN\tNN.UTR.SIN.DEF.NOM\ni\ti\tPP\tPP\nNorrland\tNorrland\tPM\tPM.NOM\np\u00e5b\u00f6rjas\tp\u00e5b\u00f6rja\tVB\tVB.PRS.SFO\n.\t.\tMAD\tMAD\nTransportst\u00f6det\ttransportst\u00f6d\tNN\tNN.NEU.SIN.DEF.NOM\nfullf\u00f6ljes\tfullf\u00f6lja\tVB\tVB.PRS.SFO\ngenom\tgenom\tPP\tPP\nf\u00f6rslag\tf\u00f6rslag\tNN\tNN.NEU.SIN.IND.NOM\nom\tom\tPP\tPP\ninvesteringar\tinvestering\tNN\tNN.UTR.PLU.IND.NOM\nf\u00f6r\tf\u00f6r\tPP\tPP\n\u00f6kad\t\u00f6kad\tPC\tPC.PRF.UTR.SIN.IND.NOM\nkapacitet\tkapacitet\tNN\tNN.UTR.SIN.IND.NOM\nhos\thos\tPP\tPP\nStatens\tstat\tNN\tNN.UTR.SIN.DEF.GEN\nJ\u00e4rnv\u00e4gar\tj\u00e4rnv\u00e4g\tNN\tNN.UTR.PLU.IND.NOM\noch\toch\tKN\tKN\nom\tom\tPP\tPP\nanskaffning\tanskaffning\tNN\tNN.UTR.SIN.IND.NOM\nav\tav\tPP\tPP\nen\ten\tDT\tDT.UTR.SIN.IND\nny\tny\tJJ\tJJ.POS.UTR.SIN.IND.NOM\nstatsisbrytare\tstatsisbrytare\tNN\tNN.UTR.SIN.IND.NOM\n.\t.\tMAD\tMAD","page_number":7,"speaker_note_id":"missing","num_tokens":63,"num_words":63},{"u_id":"i-Vkah3mjawTZ5zeZvXfD5sc","who":"unknown","prev_id":null,"next_id":null,"paragraphs":["F\u00f6rslag kommer att framl\u00e4ggas om ett v\u00e4sentligt \u00f6kat statligt st\u00f6d till det norrl\u00e4ndska jordbruket . En ny renn\u00e4ringslag f\u00f6resl\u00e5s inf\u00f6rd ."],"annotation":"token\tlemma\tpos\txpos\nF\u00f6rslag\tf\u00f6rslag\tNN\tNN.NEU.SIN.IND.NOM\nkommer\tkomma\tVB\tVB.PRS.AKT\natt\tatt\tIE\tIE\nframl\u00e4ggas\tframl\u00e4gga\tVB\tVB.INF.SFO\nom\tom\tSN\tSN\nett\ten\tDT\tDT.NEU.SIN.IND\nv\u00e4sentligt\tv\u00e4sentligt\tAB\tAB.POS\n\u00f6kat\t\u00f6kad\tPC\tPC.PRF.NEU.SIN.IND.NOM\nstatligt\tstatlig\tJJ\tJJ.POS.NEU.SIN.IND.NOM\nst\u00f6d\tst\u00f6d\tNN\tNN.NEU.SIN.IND.NOM\ntill\ttill\tPP\tPP\ndet\tden\tDT\tDT.NEU.SIN.DEF\nnorrl\u00e4ndska\tnorrl\u00e4ndsk\tJJ\tJJ.POS.UTR+NEU.SIN.DEF.NOM\njordbruket\tjordbruk\tNN\tNN.NEU.SIN.DEF.NOM\n.\t.\tMAD\tMAD\nEn\ten\tDT\tDT.UTR.SIN.IND\nny\tny\tJJ\tJJ.POS.UTR.SIN.IND.NOM\nrenn\u00e4ringslag\trenn\u00e4ringslag\tNN\tNN.UTR.SIN.IND.NOM\nf\u00f6resl\u00e5s\tf\u00f6resl\u00e5\tVB\tVB.PRS.SFO\ninf\u00f6rd\tinf\u00f6rd\tPC\tPC.PRF.UTR.SIN.IND.NOM\n.\t.\tMAD\tMAD","page_number":7,"speaker_note_id":"missing","num_tokens":21,"num_words":21},{"u_id":"i-BZ4YFUEb6gkrzZvwwHbeXq","who":"unknown","prev_id":null,"next_id":null,"paragraphs":["F\u00f6rslag kommer att f\u00f6rel\u00e4ggas Eder om utflyttning av viss statlig verksamhet fr\u00e5n Stockholms-omr\u00e5det ."],"annotation":"token\tlemma\tpos\txpos\nF\u00f6rslag\tf\u00f6rslag\tNN\tNN.NEU.SIN.IND.NOM\nkommer\tkomma\tVB\tVB.PRS.AKT\natt\tatt\tIE\tIE\nf\u00f6rel\u00e4ggas\tf\u00f6rel\u00e4gga\tVB\tVB.INF.SFO\nEder\teder\tPM\tPM.NOM\nom\tom\tPP\tPP\nutflyttning\tutflyttning\tNN\tNN.UTR.SIN.IND.NOM\nav\tav\tPP\tPP\nviss\tviss\tJJ\tJJ.POS.UTR.SIN.IND.NOM\nstatlig\tstatlig\tJJ\tJJ.POS.UTR.SIN.IND.NOM\nverksamhet\tverksamhet\tNN\tNN.UTR.SIN.IND.NOM\nfr\u00e5n\tfr\u00e5n\tPP\tPP\nStockholms-omr\u00e5det\tStockholms-omr\u00e5de\tNN\tNN.NEU.SIN.DEF.NOM\n.\t.\tMAD\tMAD","page_number":7,"speaker_note_id":"missing","num_tokens":14,"num_words":14},{"u_id":"i-NLkPFjaog2fuH6Gi5vKgM9","who":"unknown","prev_id":null,"next_id":null,"paragraphs":["Resurserna inom arbetsmarknadspolitiken f\u00f6rst\u00e4rkas avsev\u00e4rt . Insatserna inriktas s\u00e4rskilt p\u00e5 att f\u00f6rb\u00e4ttra de \u00e4ldres och handikappades st\u00e4llning i arbetslivet ."],"annotation":"token\tlemma\tpos\txpos\nResurserna\tresurs\tNN\tNN.UTR.PLU.DEF.NOM\ninom\tinom\tPP\tPP\narbetsmarknadspolitiken\tarbetsmarknadspolitik\tNN\tNN.UTR.SIN.DEF.NOM\nf\u00f6rst\u00e4rkas\tf\u00f6rst\u00e4rka\tVB\tVB.PRS.SFO\navsev\u00e4rt\tavsev\u00e4rt\tAB\tAB.POS\n.\t.\tMAD\tMAD\nInsatserna\tinsats\tNN\tNN.UTR.PLU.DEF.NOM\ninriktas\tinrikta\tVB\tVB.PRS.SFO\ns\u00e4rskilt\ts\u00e4rskilt\tAB\tAB\np\u00e5\tp\u00e5\tPP\tPP\natt\tatt\tIE\tIE\nf\u00f6rb\u00e4ttra\tf\u00f6rb\u00e4ttra\tVB\tVB.INF.AKT\nde\tden\tDT\tDT.UTR+NEU.PLU.DEF\n\u00e4ldres\tgammal\tJJ\tJJ.POS.UTR+NEU.PLU.IND+DEF.GEN\noch\toch\tKN\tKN\nhandikappades\thandikappad\tPC\tPC.PRF.UTR+NEU.PLU.IND+DEF.GEN\nst\u00e4llning\tst\u00e4llning\tNN\tNN.UTR.SIN.IND.NOM\ni\ti\tPP\tPP\narbetslivet\tarbetsliv\tNN\tNN.NEU.SIN.DEF.NOM\n.\t.\tMAD\tMAD","page_number":7,"speaker_note_id":"missing","num_tokens":20,"num_words":20},{"u_id":"i-5T59gjkk833Hjm5aWh2c4T","who":"unknown","prev_id":null,"next_id":null,"paragraphs":["Olika \u00e5tg\u00e4rder f\u00f6resl\u00e5s f\u00f6r b\u00e4ttre arbetarskydd och f\u00f6rb\u00e4ttrade arbetsmilj\u00f6er , bland annat genom \u00f6kad utbildning av personal f\u00f6r h\u00e4lsov\u00e5rden inom f\u00f6retagen . F\u00f6rslag om inr\u00e4ttande av en arbetarskyddsfond kommer att f\u00f6rel\u00e4ggas Eder ."],"annotation":"token\tlemma\tpos\txpos\nOlika\tolik\tJJ\tJJ.POS.UTR+NEU.PLU.IND+DEF.NOM\n\u00e5tg\u00e4rder\t\u00e5tg\u00e4rd\tNN\tNN.UTR.PLU.IND.NOM\nf\u00f6resl\u00e5s\tf\u00f6resl\u00e5\tVB\tVB.PRS.SFO\nf\u00f6r\tf\u00f6r\tPP\tPP\nb\u00e4ttre\tgod\tJJ\tJJ.KOM.UTR+NEU.SIN+PLU.IND+DEF.NOM\narbetarskydd\tarbetarskydd\tNN\tNN.NEU.PLU.IND.NOM\noch\toch\tKN\tKN\nf\u00f6rb\u00e4ttrade\tf\u00f6rb\u00e4ttrad\tPC\tPC.PRF.UTR+NEU.PLU.IND+DEF.NOM\narbetsmilj\u00f6er\tarbetsmilj\u00f6\tNN\tNN.UTR.PLU.IND.NOM\n,\t,\tMID\tMID\nbland\tbland\tPP\tPP\nannat\tannat\tPN\tPN.NEU.SIN.IND.SUB+OBJ\ngenom\tgenom\tPP\tPP\n\u00f6kad\t\u00f6kad\tPC\tPC.PRF.UTR.SIN.IND.NOM\nutbildning\tutbildning\tNN\tNN.UTR.SIN.IND.NOM\nav\tav\tPP\tPP\npersonal\tpersonal\tNN\tNN.UTR.SIN.IND.NOM\nf\u00f6r\tf\u00f6r\tPP\tPP\nh\u00e4lsov\u00e5rden\th\u00e4lsov\u00e5rd\tNN\tNN.UTR.SIN.DEF.NOM\ninom\tinom\tPP\tPP\nf\u00f6retagen\tf\u00f6retag\tNN\tNN.NEU.PLU.DEF.NOM\n.\t.\tMAD\tMAD\nF\u00f6rslag\tf\u00f6rslag\tNN\tNN.NEU.SIN.IND.NOM\nom\tom\tPP\tPP\ninr\u00e4ttande\tinr\u00e4ttande\tNN\tNN.NEU.SIN.IND.NOM\nav\tav\tPP\tPP\nen\ten\tDT\tDT.UTR.SIN.IND\narbetarskyddsfond\tarbetarskyddsfond\tNN\tNN.UTR.SIN.IND.NOM\nkommer\tkomma\tVB\tVB.PRS.AKT\natt\tatt\tIE\tIE\nf\u00f6rel\u00e4ggas\tf\u00f6rel\u00e4gga\tVB\tVB.INF.SFO\nEder\teder\tPM\tPM.NOM\n.\t.\tMAD\tMAD","page_number":7,"speaker_note_id":"missing","num_tokens":33,"num_words":33},{"u_id":"i-Hv2LVdxq5hm1MEhS6xuCP1","who":"unknown","prev_id":null,"next_id":null,"paragraphs":["Folkpensionerna komma under \u00e5ret att h\u00f6jas . \u00d6kade anslag f\u00f6resl\u00e5s f\u00f6r social omv\u00e5rdnad \u00e5t \u00e5ldringar och handikappade . Resurserna f\u00f6r den f\u00f6rebyggande h\u00e4lsov\u00e5rden och den \u00f6ppna sjukv\u00e5rden komma att f\u00f6rst\u00e4rkas ."],"annotation":"token\tlemma\tpos\txpos\nFolkpensionerna\tfolkpension\tNN\tNN.UTR.PLU.DEF.NOM\nkomma\tkomma\tVB\tVB.INF.AKT\nunder\tunder\tPP\tPP\n\u00e5ret\t\u00e5r\tNN\tNN.NEU.SIN.DEF.NOM\natt\tatt\tIE\tIE\nh\u00f6jas\th\u00f6ja\tVB\tVB.INF.SFO\n.\t.\tMAD\tMAD\n\u00d6kade\t\u00f6kad\tPC\tPC.PRF.UTR+NEU.PLU.IND+DEF.NOM\nanslag\tanslag\tNN\tNN.NEU.PLU.IND.NOM\nf\u00f6resl\u00e5s\tf\u00f6resl\u00e5\tVB\tVB.PRS.SFO\nf\u00f6r\tf\u00f6r\tPP\tPP\nsocial\tsocial\tJJ\tJJ.POS.UTR.SIN.IND.NOM\nomv\u00e5rdnad\tomv\u00e5rdnad\tNN\tNN.UTR.SIN.IND.NOM\n\u00e5t\t\u00e5t\tPP\tPP\n\u00e5ldringar\t\u00e5ldring\tNN\tNN.UTR.PLU.IND.NOM\noch\toch\tKN\tKN\nhandikappade\thandikappad\tPC\tPC.PRF.UTR+NEU.PLU.IND+DEF.NOM\n.\t.\tMAD\tMAD\nResurserna\tresurs\tNN\tNN.UTR.PLU.DEF.NOM\nf\u00f6r\tf\u00f6r\tPP\tPP\nden\tden\tDT\tDT.UTR.SIN.DEF\nf\u00f6rebyggande\tf\u00f6rebyggande\tPC\tPC.PRS.UTR+NEU.SIN+PLU.IND+DEF.NOM\nh\u00e4lsov\u00e5rden\th\u00e4lsov\u00e5rd\tNN\tNN.UTR.SIN.DEF.NOM\noch\toch\tKN\tKN\nden\tden\tDT\tDT.UTR.SIN.DEF\n\u00f6ppna\t\u00f6ppen\tJJ\tJJ.POS.UTR+NEU.SIN.DEF.NOM\nsjukv\u00e5rden\tsjukv\u00e5rd\tNN\tNN.UTR.SIN.DEF.NOM\nkomma\tkomma\tVB\tVB.INF.AKT\natt\tatt\tIE\tIE\nf\u00f6rst\u00e4rkas\tf\u00f6rst\u00e4rka\tVB\tVB.INF.SFO\n.\t.\tMAD\tMAD","page_number":7,"speaker_note_id":"missing","num_tokens":31,"num_words":31},{"u_id":"i-T9mxYFgKHLKwPxMcdNohP4","who":"unknown","prev_id":null,"next_id":null,"paragraphs":["F\u00f6rslag om en livsmedelslag och om ny organisation f\u00f6r livsmedelskontrollen kommer att framl\u00e4ggas ."],"annotation":"token\tlemma\tpos\txpos\nF\u00f6rslag\tf\u00f6rslag\tNN\tNN.NEU.SIN.IND.NOM\nom\tom\tPP\tPP\nen\ten\tDT\tDT.UTR.SIN.IND\nlivsmedelslag\tlivsmedelslag\tNN\tNN.UTR.SIN.IND.NOM\noch\toch\tKN\tKN\nom\tom\tSN\tSN\nny\tny\tJJ\tJJ.POS.UTR.SIN.IND.NOM\norganisation\torganisation\tNN\tNN.UTR.SIN.IND.NOM\nf\u00f6r\tf\u00f6r\tPP\tPP\nlivsmedelskontrollen\tlivsmedelskontroll\tNN\tNN.UTR.SIN.DEF.NOM\nkommer\tkomma\tVB\tVB.PRS.AKT\natt\tatt\tIE\tIE\nframl\u00e4ggas\tframl\u00e4gga\tVB\tVB.INF.SFO\n.\t.\tMAD\tMAD","page_number":7,"speaker_note_id":"missing","num_tokens":14,"num_words":14},{"u_id":"i-LgS6MGtoojgUegBEkffMJ2","who":"unknown","prev_id":null,"next_id":null,"paragraphs":["Bostadsbyggandet kommer att h\u00e5llas p\u00e5 fortsatt h\u00f6g niv\u00e5 i enlighet med det program f\u00f6r en miljon nya bost\u00e4der , som statsmakterna fastst\u00e4llt f\u00f6r perioden 1965-1974 ."],"annotation":"token\tlemma\tpos\txpos\nBostadsbyggandet\tbostadsbyggande\tNN\tNN.NEU.SIN.DEF.NOM\nkommer\tkomma\tVB\tVB.PRS.AKT\natt\tatt\tIE\tIE\nh\u00e5llas\th\u00e5lla\tVB\tVB.INF.SFO\np\u00e5\tp\u00e5\tPP\tPP\nfortsatt\tfortsatt\tPC\tPC.PRF.UTR.SIN.IND.NOM\nh\u00f6g\th\u00f6g\tJJ\tJJ.POS.UTR.SIN.IND.NOM\nniv\u00e5\tniv\u00e5\tNN\tNN.UTR.SIN.IND.NOM\ni\ti\tPP\tPP\nenlighet\tenlighet\tNN\tNN.UTR.SIN.IND.NOM\nmed\tmed\tPP\tPP\ndet\tden\tDT\tDT.NEU.SIN.DEF\nprogram\tprogram\tNN\tNN.NEU.SIN.IND.NOM\nf\u00f6r\tf\u00f6r\tPP\tPP\nen\ten\tDT\tDT.UTR.SIN.IND\nmiljon\tmiljon\tNN\tNN.UTR.SIN.IND.NOM\nnya\tny\tJJ\tJJ.POS.UTR+NEU.PLU.IND+DEF.NOM\nbost\u00e4der\tbostad\tNN\tNN.UTR.PLU.IND.NOM\n,\t,\tMID\tMID\nsom\tsom\tHP\tHP.-.-.-\nstatsmakterna\tstatsmakt\tNN\tNN.UTR.PLU.DEF.NOM\nfastst\u00e4llt\tfastst\u00e4lla\tVB\tVB.SUP.AKT\nf\u00f6r\tf\u00f6r\tPP\tPP\nperioden\tperiod\tNN\tNN.UTR.SIN.DEF.NOM\n1965-1974\t1965-1974\tRG\tRG.NOM\n.\t.\tMAD\tMAD","page_number":7,"speaker_note_id":"missing","num_tokens":26,"num_words":26},{"u_id":"i-3x2JmxRHWpNLD1zqo2Qpbs","who":"unknown","prev_id":null,"next_id":null,"paragraphs":["F\u00f6rslag framl\u00e4gges om gynnsammare regler f\u00f6r bostadstill\u00e4gg till barnfamiljer med l\u00e5ga inkomster . Betydande anslagsh\u00f6jningar f\u00f6resl\u00e5s f\u00f6r att \u00f6ka antalet daghemsplatser . F\u00f6rskoll\u00e4rarutbildningen bygges ut ."],"annotation":"token\tlemma\tpos\txpos\nF\u00f6rslag\tf\u00f6rslag\tNN\tNN.NEU.SIN.IND.NOM\nframl\u00e4gges\tframl\u00e4gga\tVB\tVB.PRS.SFO\nom\tom\tPP\tPP\ngynnsammare\tgynnsam\tJJ\tJJ.KOM.UTR+NEU.SIN+PLU.IND+DEF.NOM\nregler\tregel\tNN\tNN.UTR.PLU.IND.NOM\nf\u00f6r\tf\u00f6r\tPP\tPP\nbostadstill\u00e4gg\tbostadstill\u00e4gg\tNN\tNN.NEU.SIN.IND.NOM\ntill\ttill\tPP\tPP\nbarnfamiljer\tbarnfamilj\tNN\tNN.UTR.PLU.IND.NOM\nmed\tmed\tPP\tPP\nl\u00e5ga\tl\u00e5g\tJJ\tJJ.POS.UTR+NEU.PLU.IND+DEF.NOM\ninkomster\tinkomst\tNN\tNN.UTR.PLU.IND.NOM\n.\t.\tMAD\tMAD\nBetydande\tbetydande\tPC\tPC.PRS.UTR+NEU.SIN+PLU.IND+DEF.NOM\nanslagsh\u00f6jningar\tanslagsh\u00f6jning\tNN\tNN.UTR.PLU.IND.NOM\nf\u00f6resl\u00e5s\tf\u00f6resl\u00e5\tVB\tVB.PRS.SFO\nf\u00f6r\tf\u00f6r\tPP\tPP\natt\tatt\tIE\tIE\n\u00f6ka\t\u00f6ka\tVB\tVB.INF.AKT\nantalet\tantal\tNN\tNN.NEU.SIN.DEF.NOM\ndaghemsplatser\tdaghemsplats\tNN\tNN.UTR.PLU.IND.NOM\n.\t.\tMAD\tMAD\nF\u00f6rskoll\u00e4rarutbildningen\tf\u00f6rskoll\u00e4rarutbildning\tNN\tNN.UTR.SIN.DEF.NOM\nbygges\tbygga\tVB\tVB.PRT.SFO\nut\tut\tPL\tPL\n.\t.\tMAD\tMAD","page_number":7,"speaker_note_id":"missing","num_tokens":26,"num_words":26},{"u_id":"i-W94Ucmqda9EJH2dnBFR7RQ","who":"unknown","prev_id":null,"next_id":null,"paragraphs":["F\u00f6r utbildningsv\u00e4sendet , forskningen och kultursektorn f\u00f6resl\u00e5s fortsatt utbyggnad . F\u00f6rslag om reformerad studieoch yrkesorientering inom skolv\u00e4sendet samt om \u00f6kade resurser f\u00f6r ungdomsorganisationernas verksamhet kommer att f\u00f6rel\u00e4ggas Eder ."],"annotation":"token\tlemma\tpos\txpos\nF\u00f6r\tf\u00f6r\tPP\tPP\nutbildningsv\u00e4sendet\tutbildningsv\u00e4sende\tNN\tNN.NEU.SIN.DEF.NOM\n,\t,\tMID\tMID\nforskningen\tforskning\tNN\tNN.UTR.SIN.DEF.NOM\noch\toch\tKN\tKN\nkultursektorn\tkultursektor\tNN\tNN.UTR.SIN.DEF.NOM\nf\u00f6resl\u00e5s\tf\u00f6resl\u00e5\tVB\tVB.PRS.SFO\nfortsatt\tfortsatt\tPC\tPC.PRF.UTR.SIN.IND.NOM\nutbyggnad\tutbyggnad\tNN\tNN.UTR.SIN.IND.NOM\n.\t.\tMAD\tMAD\nF\u00f6rslag\tf\u00f6rslag\tNN\tNN.NEU.SIN.IND.NOM\nom\tom\tPP\tPP\nreformerad\treformerad\tPC\tPC.PRF.UTR.SIN.IND.NOM\nstudieoch\tstudieoch\tJJ\tJJ.POS.UTR.SIN.IND.NOM\nyrkesorientering\tyrkesorientering\tNN\tNN.UTR.SIN.IND.NOM\ninom\tinom\tPP\tPP\nskolv\u00e4sendet\tskolv\u00e4sende\tNN\tNN.NEU.SIN.DEF.NOM\nsamt\tsamt\tKN\tKN\nom\tom\tSN\tSN\n\u00f6kade\t\u00f6kad\tPC\tPC.PRF.UTR+NEU.PLU.IND+DEF.NOM\nresurser\tresurs\tNN\tNN.UTR.PLU.IND.NOM\nf\u00f6r\tf\u00f6r\tPP\tPP\nungdomsorganisationernas\tungdomsorganisation\tNN\tNN.UTR.PLU.DEF.GEN\nverksamhet\tverksamhet\tNN\tNN.UTR.SIN.IND.NOM\nkommer\tkomma\tVB\tVB.PRS.AKT\natt\tatt\tIE\tIE\nf\u00f6rel\u00e4ggas\tf\u00f6rel\u00e4gga\tVB\tVB.INF.SFO\nEder\teder\tPM\tPM.NOM\n.\t.\tMAD\tMAD","page_number":7,"speaker_note_id":"missing","num_tokens":29,"num_words":29},{"u_id":"i-ABFTGvM4TnaS39n6WaMQSZ","who":"unknown","prev_id":null,"next_id":null,"paragraphs":["I syfte att fr\u00e4mja en allsidig opinionsbildning och en fri debatt kommer f\u00f6rslag om ett vidgat ekonomiskt st\u00f6d till pressen att f\u00f6rel\u00e4ggas Eder ."],"annotation":"token\tlemma\tpos\txpos\nI\ti\tPP\tPP\nsyfte\tsyfte\tNN\tNN.NEU.SIN.IND.NOM\natt\tatt\tIE\tIE\nfr\u00e4mja\tfr\u00e4mja\tVB\tVB.INF.AKT\nen\ten\tDT\tDT.UTR.SIN.IND\nallsidig\tallsidig\tJJ\tJJ.POS.UTR.SIN.IND.NOM\nopinionsbildning\topinionsbildning\tNN\tNN.UTR.SIN.IND.NOM\noch\toch\tKN\tKN\nen\ten\tDT\tDT.UTR.SIN.IND\nfri\tfri\tJJ\tJJ.POS.UTR.SIN.IND.NOM\ndebatt\tdebatt\tNN\tNN.UTR.SIN.IND.NOM\nkommer\tkomma\tVB\tVB.PRS.AKT\nf\u00f6rslag\tf\u00f6rslag\tNN\tNN.NEU.SIN.IND.NOM\nom\tom\tPP\tPP\nett\ten\tDT\tDT.NEU.SIN.IND\nvidgat\tvidgad\tPC\tPC.PRF.NEU.SIN.IND.NOM\nekonomiskt\tekonomisk\tJJ\tJJ.POS.NEU.SIN.IND.NOM\nst\u00f6d\tst\u00f6d\tNN\tNN.NEU.SIN.IND.NOM\ntill\ttill\tPP\tPP\npressen\tpress\tNN\tNN.UTR.SIN.DEF.NOM\natt\tatt\tIE\tIE\nf\u00f6rel\u00e4ggas\tf\u00f6rel\u00e4gga\tVB\tVB.INF.SFO\nEder\teder\tPM\tPM.NOM\n.\t.\tMAD\tMAD","page_number":7,"speaker_note_id":"missing","num_tokens":24,"num_words":24},{"u_id":"i-LsvkUG8rsvyWrAfsj8CBfG","who":"unknown","prev_id":null,"next_id":null,"paragraphs":["Nedkallande Guds v\u00e4lsignelse \u00f6ver Eder och Edert arbete f\u00f6rklarar jag 1971 \u00e5rs riksm\u00f6te \u00f6ppnat och f\u00f6rbliver med all Konungslig n\u00e5d och ynnest Eder st\u00e4dse v\u00e4lbev\u00e5gen ."],"annotation":"token\tlemma\tpos\txpos\nNedkallande\tnedkallande\tPC\tPC.PRS.UTR+NEU.SIN+PLU.IND+DEF.NOM\nGuds\tGud\tPM\tPM.GEN\nv\u00e4lsignelse\tv\u00e4lsignelse\tNN\tNN.UTR.SIN.IND.NOM\n\u00f6ver\t\u00f6ver\tPP\tPP\nEder\teder\tPM\tPM.NOM\noch\toch\tKN\tKN\nEdert\teder\tPS\tPS.NEU.SIN.DEF\narbete\tarbete\tNN\tNN.NEU.SIN.IND.NOM\nf\u00f6rklarar\tf\u00f6rklara\tVB\tVB.PRS.AKT\njag\tjag\tPN\tPN.UTR.SIN.DEF.SUB\n1971\t1971\tRG\tRG.NOM\n\u00e5rs\t\u00e5r\tNN\tNN.NEU.SIN.IND.GEN\nriksm\u00f6te\triksm\u00f6te\tNN\tNN.NEU.SIN.IND.NOM\n\u00f6ppnat\t\u00f6ppna\tVB\tVB.SUP.AKT\noch\toch\tKN\tKN\nf\u00f6rbliver\tf\u00f6rbliva\tVB\tVB.PRS.AKT\nmed\tmed\tPP\tPP\nall\tall\tDT\tDT.UTR.SIN.IND+DEF\nKonungslig\tkonungslig\tJJ\tJJ.POS.UTR.SIN.IND.NOM\nn\u00e5d\tn\u00e5d\tNN\tNN.UTR.SIN.IND.NOM\noch\toch\tKN\tKN\nynnest\tynnest\tNN\tNN.UTR.SIN.IND.NOM\nEder\teder\tPM\tPM.NOM\nst\u00e4dse\tst\u00e4dse\tJJ\tJJ.POS.UTR+NEU.SIN.DEF.NOM\nv\u00e4lbev\u00e5gen\tv\u00e4lbev\u00e5g\tNN\tNN.UTR.SIN.DEF.NOM\n.\t.\tMAD\tMAD","page_number":8,"speaker_note_id":"missing","num_tokens":26,"num_words":26},{"u_id":"i-P6NYGVJRBcq3HkN5dkN5sh","who":"Q1606431","prev_id":null,"next_id":"i-6YiaKTAmdbNoFjY1quFto7","paragraphs":["Eders Majest\u00e4t !"],"annotation":"token\tlemma\tpos\txpos\nEders\tEder\tPM\tPM.GEN\nMajest\u00e4t\tmajest\u00e4t\tNN\tNN.NEU.SIN.IND.NOM\n!\t!\tMAD\tMAD","page_number":8,"speaker_note_id":"i-3gGhneRp5MKBWsTy4CHUVE","num_tokens":3,"num_words":3},{"u_id":"i-KjdwdTnhWTb7HHt2TBjyEG","who":"Q1606431","prev_id":"i-P6NYGVJRBcq3HkN5dkN5sh","next_id":null,"paragraphs":["Enkammarriksdagen , som nu b\u00f6rjar sin f\u00f6rsta session , kommer att st\u00e4llas inf\u00f6r m\u00e5nga stora , betydelsefulla och sv\u00e5ra uppgifter . Den internationella situationen , som i h\u00f6g grad k\u00e4nnetecknas av konflikter och mots\u00e4ttningar , ger anledning till oro men ocks\u00e5 till vissa f\u00f6rhoppningar . Att n\u00e5gon l\u00f6sning ej kunnat \u00e5stadkommas av krisen i Mellersta \u00d6stern , trots betydande fredsanstr\u00e4ngningar , \u00e4r oroande liksom den utvidgning av Vietnamkriget till nya omr\u00e5den som \u00e4gt rum under det g\u00e5ngna \u00e5ret . De tecken till avsp\u00e4nning i Europa som \u00e4r m\u00e4rkbara och som \u00e4r ett resultat av de f\u00f6rb\u00e4ttrade f\u00f6rbindelserna mellan V\u00e4stoch \u00d6steuropa f\u00f6ljs av f\u00f6rhoppningar om att \u00f6verenskommelser skall kunna tr\u00e4ffas som leder fram till \u00f6kat samf\u00f6rst\u00e5nd ."],"annotation":"token\tlemma\tpos\txpos\nEnkammarriksdagen\tenkammarriksdag\tNN\tNN.UTR.SIN.DEF.NOM\n,\t,\tMID\tMID\nsom\tsom\tHP\tHP.-.-.-\nnu\tnu\tAB\tAB\nb\u00f6rjar\tb\u00f6rja\tVB\tVB.PRS.AKT\nsin\tsin\tPS\tPS.UTR.SIN.DEF\nf\u00f6rsta\tf\u00f6rsta\tRO\tRO.NOM\nsession\tsession\tNN\tNN.UTR.SIN.IND.NOM\n,\t,\tMID\tMID\nkommer\tkomma\tVB\tVB.PRS.AKT\natt\tatt\tIE\tIE\nst\u00e4llas\tst\u00e4lla\tVB\tVB.INF.SFO\ninf\u00f6r\tinf\u00f6r\tPP\tPP\nm\u00e5nga\tm\u00e5ngen\tJJ\tJJ.POS.UTR+NEU.PLU.IND+DEF.NOM\nstora\tstor\tJJ\tJJ.POS.UTR+NEU.PLU.IND+DEF.NOM\n,\t,\tMID\tMID\nbetydelsefulla\tbetydelsefull\tJJ\tJJ.POS.UTR+NEU.PLU.IND+DEF.NOM\noch\toch\tKN\tKN\nsv\u00e5ra\tsv\u00e5r\tJJ\tJJ.POS.UTR+NEU.PLU.IND+DEF.NOM\nuppgifter\tuppgift\tNN\tNN.UTR.PLU.IND.NOM\n.\t.\tMAD\tMAD\nDen\tden\tDT\tDT.UTR.SIN.DEF\ninternationella\tinternationell\tJJ\tJJ.POS.UTR+NEU.SIN.DEF.NOM\nsituationen\tsituation\tNN\tNN.UTR.SIN.DEF.NOM\n,\t,\tMID\tMID\nsom\tsom\tHP\tHP.-.-.-\ni\ti\tPP\tPP\nh\u00f6g\th\u00f6g\tJJ\tJJ.POS.UTR.SIN.IND.NOM\ngrad\tgrad\tNN\tNN.UTR.SIN.IND.NOM\nk\u00e4nnetecknas\tk\u00e4nneteckna\tVB\tVB.PRS.SFO\nav\tav\tPP\tPP\nkonflikter\tkonflikt\tNN\tNN.UTR.PLU.IND.NOM\noch\toch\tKN\tKN\nmots\u00e4ttningar\tmots\u00e4ttning\tNN\tNN.UTR.PLU.IND.NOM\n,\t,\tMID\tMID\nger\tge\tVB\tVB.PRS.AKT\nanledning\tanledning\tNN\tNN.UTR.SIN.IND.NOM\ntill\ttill\tPP\tPP\noro\toro\tNN\tNN.UTR.SIN.IND.NOM\nmen\tmen\tKN\tKN\nocks\u00e5\tocks\u00e5\tAB\tAB\ntill\ttill\tPP\tPP\nvissa\tviss\tJJ\tJJ.POS.UTR+NEU.PLU.IND+DEF.NOM\nf\u00f6rhoppningar\tf\u00f6rhoppning\tNN\tNN.UTR.PLU.IND.NOM\n.\t.\tMAD\tMAD\nAtt\tatt\tSN\tSN\nn\u00e5gon\tn\u00e5gon\tDT\tDT.UTR.SIN.IND\nl\u00f6sning\tl\u00f6sning\tNN\tNN.UTR.SIN.IND.NOM\nej\tej\tAB\tAB\nkunnat\tkunna\tVB\tVB.SUP.AKT\n\u00e5stadkommas\t\u00e5stadkomma\tVB\tVB.INF.SFO\nav\tav\tPP\tPP\nkrisen\tkris\tNN\tNN.UTR.SIN.DEF.NOM\ni\ti\tPP\tPP\nMellersta\tmellerst\tJJ\tJJ.SUV.UTR+NEU.SIN+PLU.DEF.NOM\n\u00d6stern\t\u00d6stern\tPM\tPM.NOM\n,\t,\tMID\tMID\ntrots\ttrots\tPP\tPP\nbetydande\tbetydande\tPC\tPC.PRS.UTR+NEU.SIN+PLU.IND+DEF.NOM\nfredsanstr\u00e4ngningar\tfredsanstr\u00e4ngning\tNN\tNN.UTR.PLU.IND.NOM\n,\t,\tMID\tMID\n\u00e4r\tvara\tVB\tVB.PRS.AKT\noroande\toroande\tPC\tPC.PRS.UTR+NEU.SIN+PLU.IND+DEF.NOM\nliksom\tliksom\tPP\tPP\nden\tden\tDT\tDT.UTR.SIN.DEF\nutvidgning\tutvidgning\tNN\tNN.UTR.SIN.IND.NOM\nav\tav\tPP\tPP\nVietnamkriget\tvietnamkrig\tNN\tNN.NEU.SIN.DEF.NOM\ntill\ttill\tPP\tPP\nnya\tny\tJJ\tJJ.POS.UTR+NEU.PLU.IND+DEF.NOM\nomr\u00e5den\tomr\u00e5de\tNN\tNN.NEU.PLU.IND.NOM\nsom\tsom\tHP\tHP.-.-.-\n\u00e4gt\t\u00e4ga\tVB\tVB.SUP.AKT\nrum\trum\tNN\tNN.NEU.SIN.IND.NOM\nunder\tunder\tPP\tPP\ndet\tden\tDT\tDT.NEU.SIN.DEF\ng\u00e5ngna\tg\u00e5ngen\tJJ\tJJ.POS.UTR+NEU.SIN.DEF.NOM\n\u00e5ret\t\u00e5r\tNN\tNN.NEU.SIN.DEF.NOM\n.\t.\tMAD\tMAD\nDe\tden\tDT\tDT.UTR+NEU.PLU.DEF\ntecken\ttecken\tNN\tNN.NEU.PLU.IND.NOM\ntill\ttill\tPP\tPP\navsp\u00e4nning\tavsp\u00e4nning\tNN\tNN.UTR.SIN.IND.NOM\ni\ti\tPP\tPP\nEuropa\tEuropa\tPM\tPM.NOM\nsom\tsom\tHP\tHP.-.-.-\n\u00e4r\tvara\tVB\tVB.PRS.AKT\nm\u00e4rkbara\tm\u00e4rkbar\tJJ\tJJ.POS.UTR+NEU.PLU.IND+DEF.NOM\noch\toch\tKN\tKN\nsom\tsom\tHP\tHP.-.-.-\n\u00e4r\tvara\tVB\tVB.PRS.AKT\nett\ten\tDT\tDT.NEU.SIN.IND\nresultat\tresultat\tNN\tNN.NEU.SIN.IND.NOM\nav\tav\tPP\tPP\nde\tden\tDT\tDT.UTR+NEU.PLU.DEF\nf\u00f6rb\u00e4ttrade\tf\u00f6rb\u00e4ttrad\tPC\tPC.PRF.UTR+NEU.PLU.IND+DEF.NOM\nf\u00f6rbindelserna\tf\u00f6rbindelse\tNN\tNN.UTR.PLU.DEF.NOM\nmellan\tmellan\tPP\tPP\nV\u00e4stoch\tV\u00e4stoch\tPM\tPM.NOM\n\u00d6steuropa\t\u00d6steuropa\tPM\tPM.NOM\nf\u00f6ljs\tf\u00f6lja\tVB\tVB.PRS.SFO\nav\tav\tPP\tPP\nf\u00f6rhoppningar\tf\u00f6rhoppning\tNN\tNN.UTR.PLU.IND.NOM\nom\tom\tPP\tPP\natt\tatt\tSN\tSN\n\u00f6verenskommelser\t\u00f6verenskommelse\tNN\tNN.UTR.PLU.IND.NOM\nskall\tska\tVB\tVB.PRS.AKT\nkunna\tkunna\tVB\tVB.INF.AKT\ntr\u00e4ffas\ttr\u00e4ffas\tVB\tVB.INF.SFO\nsom\tsom\tHP\tHP.-.-.-\nleder\tleda\tVB\tVB.PRS.AKT\nfram\tfram\tPL\tPL\ntill\ttill\tPP\tPP\n\u00f6kat\t\u00f6kad\tPC\tPC.PRF.NEU.SIN.IND.NOM\nsamf\u00f6rst\u00e5nd\tsamf\u00f6rst\u00e5nd\tNN\tNN.NEU.SIN.IND.NOM\n.\t.\tMAD\tMAD","page_number":8,"speaker_note_id":"i-3gGhneRp5MKBWsTy4CHUVE","num_tokens":116,"num_words":116},{"u_id":"i-L1PYygFAB6b2E9YnRbz5ML","who":"Q1606431","prev_id":"i-P6NYGVJRBcq3HkN5dkN5sh","next_id":null,"paragraphs":["V\u00e5r deklarerade vilja att verka f\u00f6r fred och samarbete b\u00f6r i forts\u00e4ttningen liksom hittills fr\u00e4mst inriktas p\u00e5 aktiv medverkan i F\u00f6renta nationernas arbete f\u00f6r fr\u00e4mjande av freden och f\u00f6r en begr\u00e4nsning av den milit\u00e4ra upprustningen ."],"annotation":"token\tlemma\tpos\txpos\nV\u00e5r\tv\u00e5r\tPS\tPS.UTR.SIN.DEF\ndeklarerade\tdeklarerad\tPC\tPC.PRF.UTR+NEU.SIN.DEF.NOM\nvilja\tvilja\tNN\tNN.UTR.SIN.IND.NOM\natt\tatt\tIE\tIE\nverka\tverka\tVB\tVB.INF.AKT\nf\u00f6r\tf\u00f6r\tPP\tPP\nfred\tfred\tNN\tNN.UTR.SIN.IND.NOM\noch\toch\tKN\tKN\nsamarbete\tsamarbete\tNN\tNN.NEU.SIN.IND.NOM\nb\u00f6r\tb\u00f6ra\tVB\tVB.PRS.AKT\ni\ti\tPP\tPP\nforts\u00e4ttningen\tforts\u00e4ttning\tNN\tNN.UTR.SIN.DEF.NOM\nliksom\tliksom\tPP\tPP\nhittills\thittills\tAB\tAB\nfr\u00e4mst\tfr\u00e4mst\tAB\tAB.SUV\ninriktas\tinrikta\tVB\tVB.INF.SFO\np\u00e5\tp\u00e5\tPP\tPP\naktiv\taktiv\tJJ\tJJ.POS.UTR.SIN.IND.NOM\nmedverkan\tmedverkan\tNN\tNN.UTR.SIN.IND.NOM\ni\ti\tPP\tPP\nF\u00f6renta\tf\u00f6rent\tJJ\tJJ.POS.UTR+NEU.PLU.IND+DEF.NOM\nnationernas\tnation\tNN\tNN.UTR.PLU.DEF.GEN\narbete\tarbete\tNN\tNN.NEU.SIN.IND.NOM\nf\u00f6r\tf\u00f6r\tPP\tPP\nfr\u00e4mjande\tfr\u00e4mjande\tNN\tNN.NEU.SIN.IND.NOM\nav\tav\tPP\tPP\nfreden\tfred\tNN\tNN.UTR.SIN.DEF.NOM\noch\toch\tKN\tKN\nf\u00f6r\tf\u00f6r\tPP\tPP\nen\ten\tDT\tDT.UTR.SIN.IND\nbegr\u00e4nsning\tbegr\u00e4nsning\tNN\tNN.UTR.SIN.IND.NOM\nav\tav\tPP\tPP\nden\tden\tDT\tDT.UTR.SIN.DEF\nmilit\u00e4ra\tmilit\u00e4r\tJJ\tJJ.POS.UTR+NEU.SIN.DEF.NOM\nupprustningen\tupprustning\tNN\tNN.UTR.SIN.DEF.NOM\n.\t.\tMAD\tMAD","page_number":8,"speaker_note_id":"i-3gGhneRp5MKBWsTy4CHUVE","num_tokens":36,"num_words":36},{"u_id":"i-5jvio8oUHWtvBeDPyR7cbY","who":"Q1606431","prev_id":"i-P6NYGVJRBcq3HkN5dkN5sh","next_id":null,"paragraphs":["F\u00f6rslaget om en h\u00f6jning av anslaget f\u00f6r internationellt utvecklingsarbete utg\u00f6r ett bevis p\u00e5 v\u00e5r vilja att fr\u00e4mja en fredlig utveckling samtidigt som det \u00e4r motiverat av humanit\u00e4ra sk\u00e4l ."],"annotation":"token\tlemma\tpos\txpos\nF\u00f6rslaget\tf\u00f6rslag\tNN\tNN.NEU.SIN.DEF.NOM\nom\tom\tPP\tPP\nen\ten\tDT\tDT.UTR.SIN.IND\nh\u00f6jning\th\u00f6jning\tNN\tNN.UTR.SIN.IND.NOM\nav\tav\tPP\tPP\nanslaget\tanslag\tNN\tNN.NEU.SIN.DEF.NOM\nf\u00f6r\tf\u00f6r\tPP\tPP\ninternationellt\tinternationell\tJJ\tJJ.POS.NEU.SIN.IND.NOM\nutvecklingsarbete\tutvecklingsarbete\tNN\tNN.NEU.SIN.IND.NOM\nutg\u00f6r\tutg\u00f6ra\tVB\tVB.PRS.AKT\nett\ten\tDT\tDT.NEU.SIN.IND\nbevis\tbevis\tNN\tNN.NEU.SIN.IND.NOM\np\u00e5\tp\u00e5\tPP\tPP\nv\u00e5r\tv\u00e5r\tPS\tPS.UTR.SIN.DEF\nvilja\tvilja\tNN\tNN.UTR.SIN.IND.NOM\natt\tatt\tIE\tIE\nfr\u00e4mja\tfr\u00e4mja\tVB\tVB.INF.AKT\nen\ten\tDT\tDT.UTR.SIN.IND\nfredlig\tfredlig\tJJ\tJJ.POS.UTR.SIN.IND.NOM\nutveckling\tutveckling\tNN\tNN.UTR.SIN.IND.NOM\nsamtidigt\tsamtidigt\tAB\tAB\nsom\tsom\tHA\tHA\ndet\tdet\tPN\tPN.NEU.SIN.DEF.SUB+OBJ\n\u00e4r\tvara\tVB\tVB.PRS.AKT\nmotiverat\tmotiverad\tPC\tPC.PRF.NEU.SIN.IND.NOM\nav\tav\tPP\tPP\nhumanit\u00e4ra\thumanit\u00e4r\tJJ\tJJ.POS.UTR+NEU.PLU.IND+DEF.NOM\nsk\u00e4l\tsk\u00e4l\tNN\tNN.NEU.PLU.IND.NOM\n.\t.\tMAD\tMAD","page_number":8,"speaker_note_id":"i-3gGhneRp5MKBWsTy4CHUVE","num_tokens":29,"num_words":29},{"u_id":"i-2WoehnwP8cLzubj63A6gzr","who":"Q1606431","prev_id":"i-P6NYGVJRBcq3HkN5dkN5sh","next_id":null,"paragraphs":["De f\u00f6r v\u00e5rt land betydelsefulla \u00f6verl\u00e4ggningarna med de Europeiska gemenskaperna om svenskt deltagande i ett utvidgat europeiskt ekonomiskt samarbete kommer s\u00e4kerligen att f\u00f6ljas med uppm\u00e4rksamhet och stort intresse av det svenska folket ."],"annotation":"token\tlemma\tpos\txpos\nDe\tde\tPN\tPN.UTR+NEU.PLU.DEF.SUB\nf\u00f6r\tf\u00f6r\tPP\tPP\nv\u00e5rt\tv\u00e5r\tPS\tPS.NEU.SIN.DEF\nland\tland\tNN\tNN.NEU.SIN.IND.NOM\nbetydelsefulla\tbetydelsefull\tJJ\tJJ.POS.UTR+NEU.PLU.IND+DEF.NOM\n\u00f6verl\u00e4ggningarna\t\u00f6verl\u00e4ggning\tNN\tNN.UTR.PLU.DEF.NOM\nmed\tmed\tPP\tPP\nde\tden\tDT\tDT.UTR+NEU.PLU.DEF\nEuropeiska\teuropeisk\tJJ\tJJ.POS.UTR+NEU.PLU.IND+DEF.NOM\ngemenskaperna\tgemenskap\tNN\tNN.UTR.PLU.DEF.NOM\nom\tom\tPP\tPP\nsvenskt\tsvensk\tJJ\tJJ.POS.NEU.SIN.IND.NOM\ndeltagande\tdeltagande\tNN\tNN.NEU.SIN.IND.NOM\ni\ti\tPP\tPP\nett\ten\tDT\tDT.NEU.SIN.IND\nutvidgat\tutvidgad\tPC\tPC.PRF.NEU.SIN.IND.NOM\neuropeiskt\teuropeisk\tJJ\tJJ.POS.NEU.SIN.IND.NOM\nekonomiskt\tekonomisk\tJJ\tJJ.POS.NEU.SIN.IND.NOM\nsamarbete\tsamarbete\tNN\tNN.NEU.SIN.IND.NOM\nkommer\tkomma\tVB\tVB.PRS.AKT\ns\u00e4kerligen\ts\u00e4kerligen\tAB\tAB\natt\tatt\tIE\tIE\nf\u00f6ljas\tf\u00f6lja\tVB\tVB.INF.SFO\nmed\tmed\tPP\tPP\nuppm\u00e4rksamhet\tuppm\u00e4rksamhet\tNN\tNN.UTR.SIN.IND.NOM\noch\toch\tKN\tKN\nstort\tstor\tJJ\tJJ.POS.NEU.SIN.IND.NOM\nintresse\tintresse\tNN\tNN.NEU.SIN.IND.NOM\nav\tav\tPP\tPP\ndet\tden\tDT\tDT.NEU.SIN.DEF\nsvenska\tsvensk\tJJ\tJJ.POS.UTR+NEU.SIN.DEF.NOM\nfolket\tfolk\tNN\tNN.NEU.SIN.DEF.NOM\n.\t.\tMAD\tMAD","page_number":8,"speaker_note_id":"i-3gGhneRp5MKBWsTy4CHUVE","num_tokens":33,"num_words":33},{"u_id":"i-3J3PvVHYi1FfzRVykxJPNN","who":"Q1606431","prev_id":"i-P6NYGVJRBcq3HkN5dkN5sh","next_id":null,"paragraphs":["Med tillfredsst\u00e4llelse kan konstateras att en fortsatt god tillv\u00e4xt av v\u00e5ra samlade resurser och en kraftig \u00f6kning av handelsutbytet med andra l\u00e4nder \u00e4gt rum under 1970 . Bytesbalansen har dock ej utvecklats p\u00e5 samma gynnsamma s\u00e4tt ."],"annotation":"token\tlemma\tpos\txpos\nMed\tmed\tPP\tPP\ntillfredsst\u00e4llelse\ttillfredsst\u00e4llelse\tNN\tNN.UTR.SIN.IND.NOM\nkan\tkunna\tVB\tVB.PRS.AKT\nkonstateras\tkonstatera\tVB\tVB.INF.SFO\natt\tatt\tSN\tSN\nen\ten\tDT\tDT.UTR.SIN.IND\nfortsatt\tfortsatt\tPC\tPC.PRF.UTR.SIN.IND.NOM\ngod\tgod\tJJ\tJJ.POS.UTR.SIN.IND.NOM\ntillv\u00e4xt\ttillv\u00e4xt\tNN\tNN.UTR.SIN.IND.NOM\nav\tav\tPP\tPP\nv\u00e5ra\tv\u00e5r\tPS\tPS.UTR+NEU.PLU.DEF\nsamlade\tsamlad\tPC\tPC.PRF.UTR+NEU.PLU.IND+DEF.NOM\nresurser\tresurs\tNN\tNN.UTR.PLU.IND.NOM\noch\toch\tKN\tKN\nen\ten\tDT\tDT.UTR.SIN.IND\nkraftig\tkraftig\tJJ\tJJ.POS.UTR.SIN.IND.NOM\n\u00f6kning\t\u00f6kning\tNN\tNN.UTR.SIN.IND.NOM\nav\tav\tPP\tPP\nhandelsutbytet\thandelsutbyte\tNN\tNN.NEU.SIN.DEF.NOM\nmed\tmed\tPP\tPP\nandra\tannan\tJJ\tJJ.POS.UTR+NEU.PLU.IND+DEF.NOM\nl\u00e4nder\tland\tNN\tNN.NEU.PLU.IND.NOM\n\u00e4gt\t\u00e4ga\tVB\tVB.SUP.AKT\nrum\trum\tNN\tNN.NEU.SIN.IND.NOM\nunder\tunder\tPP\tPP\n1970\t1970\tRG\tRG.NOM\n.\t.\tMAD\tMAD\nBytesbalansen\tbytesbalans\tNN\tNN.UTR.SIN.DEF.NOM\nhar\tha\tVB\tVB.PRS.AKT\ndock\tdock\tAB\tAB\nej\tej\tAB\tAB\nutvecklats\tutveckla\tVB\tVB.SUP.SFO\np\u00e5\tp\u00e5\tPP\tPP\nsamma\tsamma\tDT\tDT.UTR+NEU.SIN+PLU.IND\ngynnsamma\tgynnsam\tJJ\tJJ.POS.UTR+NEU.SIN.DEF.NOM\ns\u00e4tt\ts\u00e4tt\tNN\tNN.NEU.SIN.IND.NOM\n.\t.\tMAD\tMAD","page_number":8,"speaker_note_id":"i-3gGhneRp5MKBWsTy4CHUVE","num_tokens":37,"num_words":37},{"u_id":"i-RXd2Q9Z3gBPNiGMAuymY5r","who":"Q1606431","prev_id":"i-P6NYGVJRBcq3HkN5dkN5sh","next_id":null,"paragraphs":["Av h\u00f6g angel\u00e4genhetsgrad \u00e4r att l\u00e4ttnader av de h\u00e5rda kreditrestriktionerna kommer till st\u00e5nd , att industrins investeringar \u00f6kar och att bytesbalansen f\u00f6rb\u00e4ttras ."],"annotation":"token\tlemma\tpos\txpos\nAv\tav\tPP\tPP\nh\u00f6g\th\u00f6g\tJJ\tJJ.POS.UTR.SIN.IND.NOM\nangel\u00e4genhetsgrad\tangel\u00e4genhetsgrad\tNN\tNN.UTR.SIN.IND.NOM\n\u00e4r\tvara\tVB\tVB.PRS.AKT\natt\tatt\tSN\tSN\nl\u00e4ttnader\tl\u00e4ttnad\tNN\tNN.UTR.PLU.IND.NOM\nav\tav\tPP\tPP\nde\tden\tDT\tDT.UTR+NEU.PLU.DEF\nh\u00e5rda\th\u00e5rd\tJJ\tJJ.POS.UTR+NEU.PLU.IND+DEF.NOM\nkreditrestriktionerna\tkreditrestriktion\tNN\tNN.UTR.PLU.DEF.NOM\nkommer\tkomma\tVB\tVB.PRS.AKT\ntill\ttill\tPP\tPP\nst\u00e5nd\tst\u00e5nd\tNN\tNN.NEU.SIN.IND.NOM\n,\t,\tMID\tMID\natt\tatt\tSN\tSN\nindustrins\tindustri\tNN\tNN.UTR.SIN.DEF.GEN\ninvesteringar\tinvestering\tNN\tNN.UTR.PLU.IND.NOM\n\u00f6kar\t\u00f6ka\tVB\tVB.PRS.AKT\noch\toch\tKN\tKN\natt\tatt\tSN\tSN\nbytesbalansen\tbytesbalans\tNN\tNN.UTR.SIN.DEF.NOM\nf\u00f6rb\u00e4ttras\tf\u00f6rb\u00e4ttra\tVB\tVB.PRS.SFO\n.\t.\tMAD\tMAD","page_number":8,"speaker_note_id":"i-3gGhneRp5MKBWsTy4CHUVE","num_tokens":23,"num_words":23},{"u_id":"i-6YcUvBG8PMq4LBUqe3UeVg","who":"Q1606431","prev_id":"i-P6NYGVJRBcq3HkN5dkN5sh","next_id":null,"paragraphs":["\u00c4ven med en restriktiv utgiftspolitik \u00e4r det viktigt att \u00f6kade resurser st\u00e4lls till f\u00f6rfogande f\u00f6r en fortsatt regionalpolitik till st\u00f6d f\u00f6r syssels\u00e4ttningssvaga omr\u00e5den och f\u00f6r en aktiv arbetsmarknadspolitik . Det \u00e4r ocks\u00e5 angel\u00e4get med \u00f6kade insatser f\u00f6r folkpension\u00e4rer , handikappade och barnfamiljer med l\u00e5ga inkomster och att bostadsbyggandet kan h\u00e5llas p\u00e5 h\u00f6g niv\u00e5 ."],"annotation":"token\tlemma\tpos\txpos\n\u00c4ven\t\u00e4ven\tAB\tAB\nmed\tmed\tPP\tPP\nen\ten\tDT\tDT.UTR.SIN.IND\nrestriktiv\trestriktiv\tJJ\tJJ.POS.UTR.SIN.IND.NOM\nutgiftspolitik\tutgiftspolitik\tNN\tNN.UTR.SIN.IND.NOM\n\u00e4r\tvara\tVB\tVB.PRS.AKT\ndet\tdet\tPN\tPN.NEU.SIN.DEF.SUB+OBJ\nviktigt\tviktig\tJJ\tJJ.POS.NEU.SIN.IND.NOM\natt\tatt\tSN\tSN\n\u00f6kade\t\u00f6kad\tPC\tPC.PRF.UTR+NEU.PLU.IND+DEF.NOM\nresurser\tresurs\tNN\tNN.UTR.PLU.IND.NOM\nst\u00e4lls\tst\u00e4lla\tVB\tVB.PRS.SFO\ntill\ttill\tPP\tPP\nf\u00f6rfogande\tf\u00f6rfogande\tNN\tNN.NEU.SIN.IND.NOM\nf\u00f6r\tf\u00f6r\tPP\tPP\nen\ten\tDT\tDT.UTR.SIN.IND\nfortsatt\tfortsatt\tPC\tPC.PRF.UTR.SIN.IND.NOM\nregionalpolitik\tregionalpolitik\tNN\tNN.UTR.SIN.IND.NOM\ntill\ttill\tPP\tPP\nst\u00f6d\tst\u00f6d\tNN\tNN.NEU.SIN.IND.NOM\nf\u00f6r\tf\u00f6r\tPP\tPP\nsyssels\u00e4ttningssvaga\tsyssels\u00e4ttningssvag\tJJ\tJJ.POS.UTR+NEU.PLU.IND+DEF.NOM\nomr\u00e5den\tomr\u00e5de\tNN\tNN.NEU.PLU.IND.NOM\noch\toch\tKN\tKN\nf\u00f6r\tf\u00f6r\tPP\tPP\nen\ten\tDT\tDT.UTR.SIN.IND\naktiv\taktiv\tJJ\tJJ.POS.UTR.SIN.IND.NOM\narbetsmarknadspolitik\tarbetsmarknadspolitik\tNN\tNN.UTR.SIN.IND.NOM\n.\t.\tMID\tMID\nDet\tdet\tPN\tPN.NEU.SIN.DEF.SUB+OBJ\n\u00e4r\tvara\tVB\tVB.PRS.AKT\nocks\u00e5\tocks\u00e5\tAB\tAB\nangel\u00e4get\tangel\u00e4gen\tJJ\tJJ.POS.NEU.SIN.IND.NOM\nmed\tmed\tPP\tPP\n\u00f6kade\t\u00f6kad\tPC\tPC.PRF.UTR+NEU.PLU.IND+DEF.NOM\ninsatser\tinsats\tNN\tNN.UTR.PLU.IND.NOM\nf\u00f6r\tf\u00f6r\tPP\tPP\nfolkpension\u00e4rer\tfolkpension\u00e4r\tNN\tNN.UTR.PLU.IND.NOM\n,\t,\tMID\tMID\nhandikappade\thandikappad\tPC\tPC.PRF.UTR+NEU.PLU.IND+DEF.NOM\noch\toch\tKN\tKN\nbarnfamiljer\tbarnfamilj\tNN\tNN.UTR.PLU.IND.NOM\nmed\tmed\tPP\tPP\nl\u00e5ga\tl\u00e5g\tJJ\tJJ.POS.UTR+NEU.PLU.IND+DEF.NOM\ninkomster\tinkomst\tNN\tNN.UTR.PLU.IND.NOM\noch\toch\tKN\tKN\natt\tatt\tSN\tSN\nbostadsbyggandet\tbostadsbyggande\tNN\tNN.NEU.SIN.DEF.NOM\nkan\tkunna\tVB\tVB.PRS.AKT\nh\u00e5llas\th\u00e5lla\tVB\tVB.INF.SFO\np\u00e5\tp\u00e5\tPP\tPP\nh\u00f6g\th\u00f6g\tJJ\tJJ.POS.UTR.SIN.IND.NOM\nniv\u00e5\tniv\u00e5\tNN\tNN.UTR.SIN.IND.NOM\n.\t.\tMAD\tMAD","page_number":8,"speaker_note_id":"i-3gGhneRp5MKBWsTy4CHUVE","num_tokens":54,"num_words":54},{"u_id":"i-Q4j7CR25rJCofpwfe59SSY","who":"Q1606431","prev_id":"i-P6NYGVJRBcq3HkN5dkN5sh","next_id":null,"paragraphs":["Av stor betydelse \u00e4r \u00e4ven den fortsatta utbyggnaden av utbildningsv\u00e4sendet , forskningen och kultursektorn samt \u00f6kat st\u00f6d till ungdomsorganisationernas verksamhet ."],"annotation":"token\tlemma\tpos\txpos\nAv\tav\tPP\tPP\nstor\tstor\tJJ\tJJ.POS.UTR.SIN.IND.NOM\nbetydelse\tbetydelse\tNN\tNN.UTR.SIN.IND.NOM\n\u00e4r\tvara\tVB\tVB.PRS.AKT\n\u00e4ven\t\u00e4ven\tAB\tAB\nden\tden\tDT\tDT.UTR.SIN.DEF\nfortsatta\tfortsatt\tPC\tPC.PRF.UTR+NEU.SIN.DEF.NOM\nutbyggnaden\tutbyggnad\tNN\tNN.UTR.SIN.DEF.NOM\nav\tav\tPP\tPP\nutbildningsv\u00e4sendet\tutbildningsv\u00e4sende\tNN\tNN.NEU.SIN.DEF.NOM\n,\t,\tMID\tMID\nforskningen\tforskning\tNN\tNN.UTR.SIN.DEF.NOM\noch\toch\tKN\tKN\nkultursektorn\tkultursektor\tNN\tNN.UTR.SIN.DEF.NOM\nsamt\tsamt\tKN\tKN\n\u00f6kat\t\u00f6kad\tPC\tPC.PRF.NEU.SIN.IND.NOM\nst\u00f6d\tst\u00f6d\tNN\tNN.NEU.SIN.IND.NOM\ntill\ttill\tPP\tPP\nungdomsorganisationernas\tungdomsorganisation\tNN\tNN.UTR.PLU.DEF.GEN\nverksamhet\tverksamhet\tNN\tNN.UTR.SIN.IND.NOM\n.\t.\tMAD\tMAD","page_number":8,"speaker_note_id":"i-3gGhneRp5MKBWsTy4CHUVE","num_tokens":21,"num_words":21},{"u_id":"i-HEBeePUujf7feUwsdizvM7","who":"Q1606431","prev_id":"i-P6NYGVJRBcq3HkN5dkN5sh","next_id":null,"paragraphs":["\u00d6verg\u00e5ngen till den nya enkammarriksdagen kommer att inneb\u00e4ra v\u00e4sentliga f\u00f6r\u00e4ndringar av riksdagens verksamhet . Jag \u00e4r \u00f6vertygad om att arbetet kommer att bedrivas med st\u00f6rsta m\u00f6jliga effektivitet och likas\u00e5 om att riksdagen i medvetande om sitt stora ansvar i enlighet med"],"annotation":"token\tlemma\tpos\txpos\n\u00d6verg\u00e5ngen\t\u00f6verg\u00e5ng\tNN\tNN.UTR.SIN.DEF.NOM\ntill\ttill\tPP\tPP\nden\tden\tDT\tDT.UTR.SIN.DEF\nnya\tny\tJJ\tJJ.POS.UTR+NEU.SIN.DEF.NOM\nenkammarriksdagen\tenkammarriksdag\tNN\tNN.UTR.SIN.DEF.NOM\nkommer\tkomma\tVB\tVB.PRS.AKT\natt\tatt\tIE\tIE\ninneb\u00e4ra\tinneb\u00e4ra\tVB\tVB.INF.AKT\nv\u00e4sentliga\tv\u00e4sentlig\tJJ\tJJ.POS.UTR+NEU.PLU.IND+DEF.NOM\nf\u00f6r\u00e4ndringar\tf\u00f6r\u00e4ndring\tNN\tNN.UTR.PLU.IND.NOM\nav\tav\tPP\tPP\nriksdagens\triksdag\tNN\tNN.UTR.SIN.DEF.GEN\nverksamhet\tverksamhet\tNN\tNN.UTR.SIN.IND.NOM\n.\t.\tMAD\tMAD\nJag\tjag\tPN\tPN.UTR.SIN.DEF.SUB\n\u00e4r\tvara\tVB\tVB.PRS.AKT\n\u00f6vertygad\t\u00f6vertygad\tPC\tPC.PRF.UTR.SIN.IND.NOM\nom\tom\tPP\tPP\natt\tatt\tSN\tSN\narbetet\tarbete\tNN\tNN.NEU.SIN.DEF.NOM\nkommer\tkomma\tVB\tVB.PRS.AKT\natt\tatt\tIE\tIE\nbedrivas\tbedriva\tVB\tVB.INF.SFO\nmed\tmed\tPP\tPP\nst\u00f6rsta\tstor\tJJ\tJJ.SUV.UTR+NEU.SIN+PLU.DEF.NOM\nm\u00f6jliga\tm\u00f6jlig\tJJ\tJJ.POS.UTR+NEU.SIN.DEF.NOM\neffektivitet\teffektivitet\tNN\tNN.UTR.SIN.IND.NOM\noch\toch\tKN\tKN\nlikas\u00e5\tlikas\u00e5\tAB\tAB\nom\tom\tPP\tPP\natt\tatt\tSN\tSN\nriksdagen\triksdag\tNN\tNN.UTR.SIN.DEF.NOM\ni\ti\tPP\tPP\nmedvetande\tmedvetande\tNN\tNN.NEU.SIN.IND.NOM\nom\tom\tPP\tPP\nsitt\tsin\tPS\tPS.NEU.SIN.DEF\nstora\tstor\tJJ\tJJ.POS.UTR+NEU.SIN.DEF.NOM\nansvar\tansvar\tNN\tNN.NEU.SIN.IND.NOM\ni\ti\tPP\tPP\nenlighet\tenlighet\tNN\tNN.UTR.SIN.IND.NOM\nmed\tmed\tPP\tPP","page_number":8,"speaker_note_id":"i-3gGhneRp5MKBWsTy4CHUVE","num_tokens":41,"num_words":41},{"u_id":"i-YQgKbSMpxzuSBz3CjtQNtA","who":"Q1606431","prev_id":"i-P6NYGVJRBcq3HkN5dkN5sh","next_id":null,"paragraphs":["traditionerna fr\u00e5n tv\u00e5kammarriksdagen kommer att i positiv anda och med grundlighet pr\u00f6va av Eders Majest\u00e4t framlagda f\u00f6rslag ."],"annotation":"token\tlemma\tpos\txpos\ntraditionerna\ttradition\tNN\tNN.UTR.PLU.DEF.NOM\nfr\u00e5n\tfr\u00e5n\tPP\tPP\ntv\u00e5kammarriksdagen\ttv\u00e5kammarriksdag\tNN\tNN.UTR.SIN.DEF.NOM\nkommer\tkomma\tVB\tVB.PRS.AKT\natt\tatt\tIE\tIE\ni\ti\tPP\tPP\npositiv\tpositiv\tJJ\tJJ.POS.UTR.SIN.IND.NOM\nanda\tanda\tNN\tNN.UTR.SIN.IND.NOM\noch\toch\tKN\tKN\nmed\tmed\tPP\tPP\ngrundlighet\tgrundlighet\tNN\tNN.UTR.SIN.IND.NOM\npr\u00f6va\tpr\u00f6va\tVB\tVB.INF.AKT\nav\tav\tPP\tPP\nEders\tEder\tPM\tPM.GEN\nMajest\u00e4t\tmajest\u00e4t\tNN\tNN.NEU.SIN.IND.NOM\nframlagda\tframlagd\tPC\tPC.PRF.UTR+NEU.PLU.IND+DEF.NOM\nf\u00f6rslag\tf\u00f6rslag\tNN\tNN.NEU.SIN.IND.NOM\n.\t.\tMAD\tMAD","page_number":9,"speaker_note_id":"i-3gGhneRp5MKBWsTy4CHUVE","num_tokens":18,"num_words":18},{"u_id":"i-6YiaKTAmdbNoFjY1quFto7","who":"Q1606431","prev_id":"i-P6NYGVJRBcq3HkN5dkN5sh","next_id":null,"paragraphs":["Riksdagens ledam\u00f6ter betygar Eders Majest\u00e4t sin stora aktning och v\u00f6rdnad ."],"annotation":"token\tlemma\tpos\txpos\nRiksdagens\triksdag\tNN\tNN.UTR.SIN.DEF.GEN\nledam\u00f6ter\tledamot\tNN\tNN.UTR.PLU.IND.NOM\nbetygar\tbetyga\tVB\tVB.PRS.AKT\nEders\tEder\tPM\tPM.GEN\nMajest\u00e4t\tmajest\u00e4t\tNN\tNN.UTR.SIN.IND.NOM\nsin\tsin\tPS\tPS.UTR.SIN.DEF\nstora\tstor\tJJ\tJJ.POS.UTR+NEU.SIN.DEF.NOM\naktning\taktning\tNN\tNN.UTR.SIN.IND.NOM\noch\toch\tKN\tKN\nv\u00f6rdnad\tv\u00f6rdnad\tNN\tNN.UTR.SIN.IND.NOM\n.\t.\tMAD\tMAD","page_number":9,"speaker_note_id":"i-3gGhneRp5MKBWsTy4CHUVE","num_tokens":11,"num_words":11}]