[{"u_id":"i-d677f22b18382dff-0","who":"Q707581","prev_id":null,"next_id":"i-KxgH251ZJUPia3K3twipY","paragraphs":["\u00c4rade kammarledam\u00f6ter ! Jag h\u00e4lsar er v\u00e4lkomna till det f\u00f6rsta sammantr\u00e4det vid 1980 \/ 81 \u00e5rs riksm\u00f6te ."],"annotation":"token\tlemma\tpos\txpos\n\u00c4rade\t\u00e4rad\tPC\tPC.PRF.UTR+NEU.PLU.IND+DEF.NOM\nkammarledam\u00f6ter\tkammarledamot\tNN\tNN.UTR.PLU.IND.NOM\n!\t!\tMID\tMID\nJag\tjag\tPN\tPN.UTR.SIN.DEF.SUB\nh\u00e4lsar\th\u00e4lsa\tVB\tVB.PRS.AKT\ner\tni\tPN\tPN.UTR.PLU.DEF.OBJ\nv\u00e4lkomna\tv\u00e4lkommen\tJJ\tJJ.POS.UTR+NEU.PLU.IND+DEF.NOM\ntill\ttill\tPP\tPP\ndet\tden\tDT\tDT.NEU.SIN.DEF\nf\u00f6rsta\tf\u00f6rsta\tRO\tRO.NOM\nsammantr\u00e4det\tsammantr\u00e4d\tNN\tNN.NEU.SIN.DEF.NOM\nvid\tvid\tPP\tPP\n1980\t1980\tRG\tRG.NOM\n\/\t\/\tMID\tMID\n81\t81\tRG\tRG.NOM\n\u00e5rs\t\u00e5r\tNN\tNN.NEU.PLU.IND.GEN\nriksm\u00f6te\triksm\u00f6te\tNN\tNN.NEU.SIN.IND.NOM\n.\t.\tMAD\tMAD","page_number":5,"speaker_note_id":"i-XN9xPnavSm16xxVkAi9Bov","num_tokens":18,"num_words":18},{"u_id":"i-6KzWTytL3jMWrytbCKq5sA","who":"Q707581","prev_id":"i-d677f22b18382dff-0","next_id":null,"paragraphs":["Valpr\u00f6vningsn\u00e4mnden har vid sammantr\u00e4de denna dag granskat bevisen och d\u00e4rvid funnit , att de blivit utf\u00e4rdade i enlighet med 15 kap. 1$ vallagen ."],"annotation":"token\tlemma\tpos\txpos\nValpr\u00f6vningsn\u00e4mnden\tvalpr\u00f6vningsn\u00e4mnd\tNN\tNN.UTR.SIN.DEF.NOM\nhar\tha\tVB\tVB.PRS.AKT\nvid\tvid\tPP\tPP\nsammantr\u00e4de\tsammantr\u00e4de\tNN\tNN.NEU.SIN.IND.NOM\ndenna\tdenna\tDT\tDT.UTR.SIN.DEF\ndag\tdag\tNN\tNN.UTR.SIN.IND.NOM\ngranskat\tgranska\tVB\tVB.SUP.AKT\nbevisen\tbevis\tNN\tNN.NEU.PLU.DEF.NOM\noch\toch\tKN\tKN\nd\u00e4rvid\td\u00e4rvid\tAB\tAB\nfunnit\tfinna\tVB\tVB.SUP.AKT\n,\t,\tMID\tMID\natt\tatt\tSN\tSN\nde\tde\tPN\tPN.UTR+NEU.PLU.DEF.SUB\nblivit\tbliva\tVB\tVB.SUP.AKT\nutf\u00e4rdade\tutf\u00e4rdad\tPC\tPC.PRF.UTR+NEU.PLU.IND+DEF.NOM\ni\ti\tPP\tPP\nenlighet\tenlighet\tNN\tNN.UTR.SIN.IND.NOM\nmed\tmed\tPP\tPP\n15\t15\tRG\tRG.NOM\nkap.\tkap\tNN\tNN.AN\n1$\t1$\tRG\tRG.NOM\nvallagen\tvallag\tNN\tNN.UTR.SIN.DEF.NOM\n.\t.\tMAD\tMAD","page_number":5,"speaker_note_id":"i-XN9xPnavSm16xxVkAi9Bov","num_tokens":24,"num_words":24},{"u_id":"i-Dm8zdEaQ3gHj5KucntGwtM","who":"Q707581","prev_id":"i-d677f22b18382dff-0","next_id":null,"paragraphs":["Undertecknad anh\u00e5ller om tj\u00e4nstledighet fr\u00e5n riksdagsarbetet under tiden den 7-13 oktober 1980 f\u00f6r att fullg\u00f6ra uppdraget som medlem av FN-delegationen i New York . Stockholm den 18 september 1980 Bertil Zachrisson"],"annotation":"token\tlemma\tpos\txpos\nUndertecknad\tundertecknad\tPC\tPC.PRF.UTR.SIN.IND.NOM\nanh\u00e5ller\tanh\u00e5lla\tVB\tVB.PRS.AKT\nom\tom\tPP\tPP\ntj\u00e4nstledighet\ttj\u00e4nstledighet\tNN\tNN.UTR.SIN.IND.NOM\nfr\u00e5n\tfr\u00e5n\tPP\tPP\nriksdagsarbetet\triksdagsarbete\tNN\tNN.NEU.SIN.DEF.NOM\nunder\tunder\tPP\tPP\ntiden\ttid\tNN\tNN.UTR.SIN.DEF.NOM\nden\tden\tDT\tDT.UTR.SIN.DEF\n7-13\t7-13\tRG\tRG.NOM\noktober\toktober\tNN\tNN.UTR.SIN.IND.NOM\n1980\t1980\tRG\tRG.NOM\nf\u00f6r\tf\u00f6r\tPP\tPP\natt\tatt\tIE\tIE\nfullg\u00f6ra\tfullg\u00f6ra\tVB\tVB.INF.AKT\nuppdraget\tuppdrag\tNN\tNN.NEU.SIN.DEF.NOM\nsom\tsom\tKN\tKN\nmedlem\tmedlem\tNN\tNN.UTR.SIN.IND.NOM\nav\tav\tPP\tPP\nFN-delegationen\tFN-delegation\tNN\tNN.UTR.SIN.DEF.NOM\ni\ti\tPP\tPP\nNew\tNew\tPM\tPM.NOM\nYork\tYork\tPM\tPM.NOM\n.\t.\tMAD\tMAD\nStockholm\tStockholm\tPM\tPM.NOM\nden\tden\tDT\tDT.UTR.SIN.DEF\n18\t18\tRG\tRG.NOM\nseptember\tseptember\tNN\tNN.UTR.SIN.IND.NOM\n1980\t1980\tRG\tRG.NOM\nBertil\tBertil\tPM\tPM.NOM\nZachrisson\tZachrisson\tPM\tPM.NOM","page_number":6,"speaker_note_id":"i-XN9xPnavSm16xxVkAi9Bov","num_tokens":31,"num_words":31},{"u_id":"i-WAP24sYHaTkrJXUL1w632Y","who":"Q707581","prev_id":"i-d677f22b18382dff-0","next_id":null,"paragraphs":["H\u00e4rmed ans\u00f6ker jag om tj\u00e4nstledighet fr\u00e5n riksdagsuppdraget under tiden den 7 oktober-den 14 november 1980 f\u00f6r deltagande i FN:s generalf\u00f6rsamling som svensk delegat . Stockholm 1980-09-25 Mats Hellstr\u00f6m"],"annotation":"token\tlemma\tpos\txpos\nH\u00e4rmed\th\u00e4rmed\tAB\tAB\nans\u00f6ker\tans\u00f6ka\tVB\tVB.PRS.AKT\njag\tjag\tPN\tPN.UTR.SIN.DEF.SUB\nom\tom\tPP\tPP\ntj\u00e4nstledighet\ttj\u00e4nstledighet\tNN\tNN.UTR.SIN.IND.NOM\nfr\u00e5n\tfr\u00e5n\tPP\tPP\nriksdagsuppdraget\triksdagsuppdrag\tNN\tNN.NEU.SIN.DEF.NOM\nunder\tunder\tPP\tPP\ntiden\ttid\tNN\tNN.UTR.SIN.DEF.NOM\nden\tden\tDT\tDT.UTR.SIN.DEF\n7\t7:e\tRO\tRO.NOM\noktober-den\toktober-de\tNN\tNN.UTR.SIN.IND.NOM\n14\t14\tRG\tRG.NOM\nnovember\tnovember\tNN\tNN.UTR.SIN.IND.NOM\n1980\t1980\tRG\tRG.NOM\nf\u00f6r\tf\u00f6r\tPP\tPP\ndeltagande\tdeltagande\tNN\tNN.NEU.SIN.IND.NOM\ni\ti\tPP\tPP\nFN:s\tFN\tPM\tPM.GEN\ngeneralf\u00f6rsamling\tgeneralf\u00f6rsamling\tNN\tNN.UTR.SIN.IND.NOM\nsom\tsom\tKN\tKN\nsvensk\tsvensk\tJJ\tJJ.POS.UTR.SIN.IND.NOM\ndelegat\tdelegat\tNN\tNN.UTR.SIN.IND.NOM\n.\t.\tMAD\tMAD\nStockholm\tStockholm\tPM\tPM.NOM\n1980-09-25\t1980-09-25\tRG\tRG.NOM\nMats\tMats\tPM\tPM.NOM\nHellstr\u00f6m\tHellstr\u00f6m\tPM\tPM.NOM","page_number":6,"speaker_note_id":"i-XN9xPnavSm16xxVkAi9Bov","num_tokens":28,"num_words":28},{"u_id":"i-947QH5NrVvCHZjmptXf7Mh","who":"Q707581","prev_id":"i-d677f22b18382dff-0","next_id":null,"paragraphs":["Till riksdagen F\u00f6r deltagande i FN:s 35:e generalf\u00f6rsamling f\u00e5r jag h\u00e4rmed anh\u00e5lla om ledighet f\u00f6r tiden den 7 oktober-den 14 november 1980 . Stockholm den 11 september 1980 Rolf Clarkson"],"annotation":"token\tlemma\tpos\txpos\nTill\ttill\tPP\tPP\nriksdagen\triksdag\tNN\tNN.UTR.SIN.DEF.NOM\nF\u00f6r\tf\u00f6r\tPP\tPP\ndeltagande\tdeltagande\tNN\tNN.NEU.SIN.IND.NOM\ni\ti\tPP\tPP\nFN:s\tFN\tPM\tPM.GEN\n35:e\t35:e\tRO\tRO.NOM\ngeneralf\u00f6rsamling\tgeneralf\u00f6rsamling\tNN\tNN.UTR.SIN.IND.NOM\nf\u00e5r\tf\u00e5\tVB\tVB.PRS.AKT\njag\tjag\tPN\tPN.UTR.SIN.DEF.SUB\nh\u00e4rmed\th\u00e4rmed\tAB\tAB\nanh\u00e5lla\tanh\u00e5lla\tVB\tVB.INF.AKT\nom\tom\tPP\tPP\nledighet\tledighet\tNN\tNN.UTR.SIN.IND.NOM\nf\u00f6r\tf\u00f6r\tPP\tPP\ntiden\ttid\tNN\tNN.UTR.SIN.DEF.NOM\nden\tden\tDT\tDT.UTR.SIN.DEF\n7\t7:e\tRO\tRO.NOM\noktober-den\toktober-de\tNN\tNN.UTR.SIN.IND.NOM\n14\t14\tRG\tRG.NOM\nnovember\tnovember\tNN\tNN.UTR.SIN.IND.NOM\n1980\t1980\tRG\tRG.NOM\n.\t.\tMAD\tMAD\nStockholm\tStockholm\tPM\tPM.NOM\nden\tden\tDT\tDT.UTR.SIN.DEF\n11\t11\tRO\tRO.NOM\nseptember\tseptember\tNN\tNN.UTR.SIN.IND.NOM\n1980\t1980\tRG\tRG.NOM\nRolf\tRolf\tPM\tPM.NOM\nClarkson\tClarkson\tPM\tPM.NOM","page_number":7,"speaker_note_id":"i-XN9xPnavSm16xxVkAi9Bov","num_tokens":30,"num_words":30},{"u_id":"i-FW5AakCGFcRbAMSyxHmSUW","who":"Q707581","prev_id":"i-d677f22b18382dff-0","next_id":null,"paragraphs":["H\u00e4rmed anh\u00e5ller jag om ledighet fr\u00e5n riksdagsarbetet under tiden den 7-17 oktober f\u00f6r att delta i den svenska delegationen vid Unesco:s generalkonferens i Belgrad . G\u00f6teborg den 29 september 1980 Jan Bergqvist"],"annotation":"token\tlemma\tpos\txpos\nH\u00e4rmed\th\u00e4rmed\tAB\tAB\nanh\u00e5ller\tanh\u00e5lla\tVB\tVB.PRS.AKT\njag\tjag\tPN\tPN.UTR.SIN.DEF.SUB\nom\tom\tPP\tPP\nledighet\tledighet\tNN\tNN.UTR.SIN.IND.NOM\nfr\u00e5n\tfr\u00e5n\tPP\tPP\nriksdagsarbetet\triksdagsarbete\tNN\tNN.NEU.SIN.DEF.NOM\nunder\tunder\tPP\tPP\ntiden\ttid\tNN\tNN.UTR.SIN.DEF.NOM\nden\tden\tDT\tDT.UTR.SIN.DEF\n7-17\t7-17\tRG\tRG.NOM\noktober\toktober\tNN\tNN.UTR.SIN.IND.NOM\nf\u00f6r\tf\u00f6r\tPP\tPP\natt\tatt\tIE\tIE\ndelta\tdelta\tVB\tVB.INF.AKT\ni\ti\tPP\tPP\nden\tden\tDT\tDT.UTR.SIN.DEF\nsvenska\tsvensk\tJJ\tJJ.POS.UTR+NEU.SIN.DEF.NOM\ndelegationen\tdelegation\tNN\tNN.UTR.SIN.DEF.NOM\nvid\tvid\tPP\tPP\nUnesco:s\tUnesco:\tPM\tPM.GEN\ngeneralkonferens\tgeneralkonferens\tNN\tNN.UTR.SIN.IND.NOM\ni\ti\tPP\tPP\nBelgrad\tBelgrad\tPM\tPM.NOM\n.\t.\tMAD\tMAD\nG\u00f6teborg\tG\u00f6teborg\tPM\tPM.NOM\nden\tden\tDT\tDT.UTR.SIN.DEF\n29\t29\tRG\tRG.NOM\nseptember\tseptember\tNN\tNN.UTR.SIN.IND.NOM\n1980\t1980\tRG\tRG.NOM\nJan\tJan\tPM\tPM.NOM\nBergqvist\tBergqvist\tPM\tPM.NOM","page_number":7,"speaker_note_id":"i-XN9xPnavSm16xxVkAi9Bov","num_tokens":32,"num_words":32},{"u_id":"i-2ZW2k2jnuufgTSoBWAk2Hr","who":"Q707581","prev_id":"i-d677f22b18382dff-0","next_id":null,"paragraphs":["Till riksdagen P\u00e5 grund av utrikes resa anh\u00e5ller jag om ledighet fr\u00e5n riksdagen den 7 oktober . Stockholm den 3 oktober 1980 Christina Rogestam"],"annotation":"token\tlemma\tpos\txpos\nTill\ttill\tPP\tPP\nriksdagen\triksdag\tNN\tNN.UTR.SIN.DEF.NOM\nP\u00e5\tp\u00e5\tPP\tPP\ngrund\tgrund\tNN\tNN.UTR.SIN.IND.NOM\nav\tav\tPP\tPP\nutrikes\tutrikes\tNN\tNN.UTR.SIN.IND.GEN\nresa\tresa\tNN\tNN.UTR.SIN.IND.NOM\nanh\u00e5ller\tanh\u00e5lla\tVB\tVB.PRS.AKT\njag\tjag\tPN\tPN.UTR.SIN.DEF.SUB\nom\tom\tPP\tPP\nledighet\tledighet\tNN\tNN.UTR.SIN.IND.NOM\nfr\u00e5n\tfr\u00e5n\tPP\tPP\nriksdagen\triksdag\tNN\tNN.UTR.SIN.DEF.NOM\nden\tden\tDT\tDT.UTR.SIN.DEF\n7\t7:e\tRO\tRO.NOM\noktober\toktober\tNN\tNN.UTR.SIN.IND.NOM\n.\t.\tMAD\tMAD\nStockholm\tStockholm\tPM\tPM.NOM\nden\tden\tDT\tDT.UTR.SIN.DEF\n3\t3:e\tRO\tRO.NOM\noktober\toktober\tNN\tNN.UTR.SIN.IND.NOM\n1980\t1980\tRG\tRG.NOM\nChristina\tChristina\tPM\tPM.NOM\nRogestam\tRogestam\tPM\tPM.NOM","page_number":7,"speaker_note_id":"i-XN9xPnavSm16xxVkAi9Bov","num_tokens":24,"num_words":24},{"u_id":"i-KxgH251ZJUPia3K3twipY","who":"Q707581","prev_id":"i-d677f22b18382dff-0","next_id":null,"paragraphs":["H\u00e4rmed anh\u00e5ller jag om tj\u00e4nstledighet fr\u00e5n riksdagsarbetet fr. o. m . riksm\u00f6tets b\u00f6rjan den 7 oktober till den 25 oktober 1980 f\u00f6r deltagande i Sveriges delegation vid FN ."],"annotation":"token\tlemma\tpos\txpos\nH\u00e4rmed\th\u00e4rmed\tAB\tAB\nanh\u00e5ller\tanh\u00e5lla\tVB\tVB.PRS.AKT\njag\tjag\tPN\tPN.UTR.SIN.DEF.SUB\nom\tom\tPP\tPP\ntj\u00e4nstledighet\ttj\u00e4nstledighet\tNN\tNN.UTR.SIN.IND.NOM\nfr\u00e5n\tfr\u00e5n\tPP\tPP\nriksdagsarbetet\triksdagsarbete\tNN\tNN.NEU.SIN.DEF.NOM\nfr.\tfr\tNN\tNN.AN\no.\to\tNN\tNN.AN\nm\tm\tNN\tNN.AN\n.\t.\tMAD\tMAD\nriksm\u00f6tets\triksm\u00f6te\tNN\tNN.NEU.SIN.DEF.GEN\nb\u00f6rjan\tb\u00f6rjan\tNN\tNN.UTR.SIN.IND.NOM\nden\tden\tDT\tDT.UTR.SIN.DEF\n7\t7:e\tRO\tRO.NOM\noktober\toktober\tNN\tNN.UTR.SIN.IND.NOM\ntill\ttill\tPP\tPP\nden\tden\tDT\tDT.UTR.SIN.DEF\n25\t25\tRG\tRG.NOM\noktober\toktober\tNN\tNN.UTR.SIN.IND.NOM\n1980\t1980\tRG\tRG.NOM\nf\u00f6r\tf\u00f6r\tPP\tPP\ndeltagande\tdeltagande\tNN\tNN.NEU.SIN.IND.NOM\ni\ti\tPP\tPP\nSveriges\tSverige\tPM\tPM.GEN\ndelegation\tdelegation\tNN\tNN.UTR.SIN.IND.NOM\nvid\tvid\tPP\tPP\nFN\tFN\tPM\tPM.NOM\n.\t.\tMAD\tMAD","page_number":7,"speaker_note_id":"i-XN9xPnavSm16xxVkAi9Bov","num_tokens":29,"num_words":29},{"u_id":"i-RuBxgNphkAXnU5wsdBzNvT","who":"unknown","prev_id":null,"next_id":null,"paragraphs":["Till kammarens ledam\u00f6ter har utdelats en prelimin\u00e4r plan f\u00f6r kammarens sammantr\u00e4den under tiden den 7 oktober-den 7 november . Denna tidsplan \u00f6verensst\u00e4mmer med den f\u00f6re sommaruppeh\u00e5llet utdelade planen ."],"annotation":"token\tlemma\tpos\txpos\nTill\ttill\tPP\tPP\nkammarens\tkammare\tNN\tNN.UTR.SIN.DEF.GEN\nledam\u00f6ter\tledamot\tNN\tNN.UTR.PLU.IND.NOM\nhar\tha\tVB\tVB.PRS.AKT\nutdelats\tutdela\tVB\tVB.SUP.SFO\nen\ten\tDT\tDT.UTR.SIN.IND\nprelimin\u00e4r\tprelimin\u00e4r\tJJ\tJJ.POS.UTR.SIN.IND.NOM\nplan\tplan\tNN\tNN.UTR.SIN.IND.NOM\nf\u00f6r\tf\u00f6r\tPP\tPP\nkammarens\tkammare\tNN\tNN.UTR.SIN.DEF.GEN\nsammantr\u00e4den\tsammantr\u00e4de\tNN\tNN.NEU.PLU.IND.NOM\nunder\tunder\tPP\tPP\ntiden\ttid\tNN\tNN.UTR.SIN.DEF.NOM\nden\tden\tDT\tDT.UTR.SIN.DEF\n7\t7:e\tRO\tRO.NOM\noktober-den\toktober-de\tNN\tNN.UTR.SIN.IND.NOM\n7\t7\tRG\tRG.NOM\nnovember\tnovember\tNN\tNN.UTR.SIN.IND.NOM\n.\t.\tMAD\tMAD\nDenna\tdenna\tDT\tDT.UTR.SIN.DEF\ntidsplan\ttidsplan\tNN\tNN.UTR.SIN.IND.NOM\n\u00f6verensst\u00e4mmer\t\u00f6verensst\u00e4mma\tVB\tVB.PRS.AKT\nmed\tmed\tPP\tPP\nden\tden\tDT\tDT.UTR.SIN.DEF\nf\u00f6re\tf\u00f6re\tPP\tPP\nsommaruppeh\u00e5llet\tsommaruppeh\u00e5ll\tNN\tNN.NEU.SIN.DEF.NOM\nutdelade\tutdelad\tVB\tVB.PRT.AKT\nplanen\tplan\tNN\tNN.UTR.SIN.DEF.NOM\n.\t.\tMAD\tMAD","page_number":9,"speaker_note_id":"i-FLAKbERfSWgAbLUCwKHSoz","num_tokens":29,"num_words":29},{"u_id":"i-XvXJAh7SRmUzGcLMXhs9Qq","who":"unknown","prev_id":null,"next_id":null,"paragraphs":["Av den nu f\u00f6religgande tidsplanen framg\u00e5r att val till talmanskonferensen , Nordiska r\u00e5det och Statsf\u00f6retag AB sker vid sammantr\u00e4det torsdagen den 9 oktober kl. 14.00. Den allm\u00e4npolitiska debatten tar sin b\u00f6rjan onsdagen den 15 oktober kl. 10.00 ."],"annotation":"token\tlemma\tpos\txpos\nAv\tav\tPP\tPP\nden\tden\tDT\tDT.UTR.SIN.DEF\nnu\tnu\tAB\tAB\nf\u00f6religgande\tf\u00f6religgande\tPC\tPC.PRS.UTR+NEU.SIN+PLU.IND+DEF.NOM\ntidsplanen\ttidsplan\tNN\tNN.UTR.SIN.DEF.NOM\nframg\u00e5r\tframg\u00e5\tVB\tVB.PRS.AKT\natt\tatt\tSN\tSN\nval\tval\tNN\tNN.NEU.SIN.IND.NOM\ntill\ttill\tPP\tPP\ntalmanskonferensen\ttalmanskonferens\tNN\tNN.UTR.SIN.DEF.NOM\n,\t,\tMID\tMID\nNordiska\tnordisk\tJJ\tJJ.POS.UTR+NEU.SIN.DEF.NOM\nr\u00e5det\tr\u00e5d\tNN\tNN.NEU.SIN.DEF.NOM\noch\toch\tKN\tKN\nStatsf\u00f6retag\tStatsf\u00f6retag\tPM\tPM.NOM\nAB\tAB\tPM\tPM.NOM\nsker\tske\tVB\tVB.PRS.AKT\nvid\tvid\tPP\tPP\nsammantr\u00e4det\tsammantr\u00e4d\tNN\tNN.NEU.SIN.DEF.NOM\ntorsdagen\ttorsdag\tNN\tNN.UTR.SIN.DEF.NOM\nden\tden\tDT\tDT.UTR.SIN.DEF\n9\t9:e\tRO\tRO.NOM\noktober\toktober\tNN\tNN.UTR.SIN.IND.NOM\nkl.\tkl\tAB\tAB.AN\n14.00.\t14.00.\tRG\tRG.NOM\nDen\tden\tDT\tDT.UTR.SIN.DEF\nallm\u00e4npolitiska\tallm\u00e4npolitisk\tJJ\tJJ.POS.UTR+NEU.SIN.DEF.NOM\ndebatten\tdebatt\tNN\tNN.UTR.SIN.DEF.NOM\ntar\tta\tVB\tVB.PRS.AKT\nsin\tsin\tPS\tPS.UTR.SIN.DEF\nb\u00f6rjan\tb\u00f6rjan\tNN\tNN.UTR.SIN.IND.NOM\nonsdagen\tonsdag\tNN\tNN.UTR.SIN.DEF.NOM\nden\tden\tDT\tDT.UTR.SIN.DEF\n15\t15\tRG\tRG.NOM\noktober\toktober\tNN\tNN.UTR.SIN.IND.NOM\nkl.\tkl\tAB\tAB.AN\n10.00\t10.00\tRG\tRG.NOM\n.\t.\tMAD\tMAD","page_number":9,"speaker_note_id":"i-FLAKbERfSWgAbLUCwKHSoz","num_tokens":38,"num_words":38},{"u_id":"i-HhYGpERpFvZRySSExdzbCu","who":"unknown","prev_id":null,"next_id":null,"paragraphs":["En p\u00e5 grundval av uppgifter fr\u00e5n utskotten uppr\u00e4ttad prelimin\u00e4r \u00e4rendeplan f\u00f6r h\u00f6sten kommer att utdelas senast den 21 oktober ."],"annotation":"token\tlemma\tpos\txpos\nEn\ten\tPN\tPN.UTR.SIN.IND.SUB+OBJ\np\u00e5\tp\u00e5\tPP\tPP\ngrundval\tgrundval\tNN\tNN.NEU.SIN.IND.NOM\nav\tav\tPP\tPP\nuppgifter\tuppgift\tNN\tNN.UTR.PLU.IND.NOM\nfr\u00e5n\tfr\u00e5n\tPP\tPP\nutskotten\tutskott\tNN\tNN.NEU.PLU.DEF.NOM\nuppr\u00e4ttad\tuppr\u00e4ttad\tPC\tPC.PRF.UTR.SIN.IND.NOM\nprelimin\u00e4r\tprelimin\u00e4r\tJJ\tJJ.POS.UTR.SIN.IND.NOM\n\u00e4rendeplan\t\u00e4rendeplan\tNN\tNN.UTR.SIN.IND.NOM\nf\u00f6r\tf\u00f6r\tPP\tPP\nh\u00f6sten\th\u00f6st\tNN\tNN.UTR.SIN.DEF.NOM\nkommer\tkomma\tVB\tVB.PRS.AKT\natt\tatt\tIE\tIE\nutdelas\tutdela\tVB\tVB.INF.SFO\nsenast\tsenast\tAB\tAB.SUV\nden\tden\tDT\tDT.UTR.SIN.DEF\n21\t21\tRG\tRG.NOM\noktober\toktober\tNN\tNN.UTR.SIN.IND.NOM\n.\t.\tMAD\tMAD","page_number":9,"speaker_note_id":"missing","num_tokens":20,"num_words":20}]