[{"u_id":"i-8YgXFnoU95QgNKYMqDBYTh","who":"Q6195774","prev_id":null,"next_id":"i-Q4y7uPDF7UDtmeP5DnL1z3","paragraphs":["\u00c4rade kammarledam\u00f6ter ! Jag har att \u00e5nyo \u00f6ppna en v\u00e5rsession i riksdagens f\u00f6rsta kammare . Jag h\u00e4lsar dess ledam\u00f6ter v\u00e4lkomna efter \u00f6verst\u00e5nden juloch ny\u00e5rshelg . En s\u00e4rskild v\u00e4lkomst \u00f6nskar jag \u00e4gna de nytilltr\u00e4dande , v\u00e5ra kamrater i arbete och v\u00e4nskaplig samvaro . Till dem som vid \u00e5rsskiftet avslutade sitt ledamotskap sade vi farv\u00e4l och tack vid kammarens sista plenum f\u00f6rra \u00e5ret ."],"annotation":"token\tlemma\tpos\txpos\n\u00c4rade\t\u00e4rad\tPC\tPC.PRF.UTR+NEU.PLU.IND+DEF.NOM\nkammarledam\u00f6ter\tkammarledamot\tNN\tNN.UTR.PLU.IND.NOM\n!\t!\tMID\tMID\nJag\tjag\tPN\tPN.UTR.SIN.DEF.SUB\nhar\tha\tVB\tVB.PRS.AKT\natt\tatt\tIE\tIE\n\u00e5nyo\t\u00e5nyo\tAB\tAB\n\u00f6ppna\t\u00f6ppna\tVB\tVB.INF.AKT\nen\ten\tDT\tDT.UTR.SIN.IND\nv\u00e5rsession\tv\u00e5rsession\tNN\tNN.UTR.SIN.IND.NOM\ni\ti\tPP\tPP\nriksdagens\triksdag\tNN\tNN.UTR.SIN.DEF.GEN\nf\u00f6rsta\tf\u00f6rsta\tRO\tRO.NOM\nkammare\tkammare\tNN\tNN.UTR.SIN.IND.NOM\n.\t.\tMID\tMID\nJag\tjag\tPN\tPN.UTR.SIN.DEF.SUB\nh\u00e4lsar\th\u00e4lsa\tVB\tVB.PRS.AKT\ndess\tdess\tPS\tPS.UTR+NEU.SIN+PLU.DEF\nledam\u00f6ter\tledamot\tNN\tNN.UTR.PLU.IND.NOM\nv\u00e4lkomna\tv\u00e4lkomna\tVB\tVB.INF.AKT\nefter\tefter\tPP\tPP\n\u00f6verst\u00e5nden\t\u00f6verst\u00e5nd\tNN\tNN.NEU.PLU.DEF.NOM\njuloch\tjuloch\tJJ\tJJ.POS.UTR.SIN.IND.NOM\nny\u00e5rshelg\tny\u00e5rshelg\tNN\tNN.UTR.SIN.IND.NOM\n.\t.\tMAD\tMAD\nEn\ten\tDT\tDT.UTR.SIN.IND\ns\u00e4rskild\ts\u00e4rskild\tPC\tPC.PRF.UTR.SIN.IND.NOM\nv\u00e4lkomst\tv\u00e4lkomst\tNN\tNN.UTR.SIN.IND.NOM\n\u00f6nskar\t\u00f6nska\tVB\tVB.PRS.AKT\njag\tjag\tPN\tPN.UTR.SIN.DEF.SUB\n\u00e4gna\t\u00e4gna\tVB\tVB.INF.AKT\nde\tden\tDT\tDT.UTR+NEU.PLU.DEF\nnytilltr\u00e4dande\tnytilltr\u00e4dande\tPC\tPC.PRS.UTR+NEU.SIN+PLU.IND+DEF.NOM\n,\t,\tMID\tMID\nv\u00e5ra\tv\u00e5r\tPS\tPS.UTR+NEU.PLU.DEF\nkamrater\tkamrat\tNN\tNN.UTR.PLU.IND.NOM\ni\ti\tPP\tPP\narbete\tarbete\tNN\tNN.NEU.SIN.IND.NOM\noch\toch\tKN\tKN\nv\u00e4nskaplig\tv\u00e4nskaplig\tJJ\tJJ.POS.UTR.SIN.IND.NOM\nsamvaro\tsamvaro\tNN\tNN.UTR.SIN.IND.NOM\n.\t.\tMAD\tMAD\nTill\ttill\tPP\tPP\ndem\tde\tPN\tPN.UTR+NEU.PLU.DEF.OBJ\nsom\tsom\tHP\tHP.-.-.-\nvid\tvid\tPP\tPP\n\u00e5rsskiftet\t\u00e5rsskifte\tNN\tNN.NEU.SIN.DEF.NOM\navslutade\tavsluta\tVB\tVB.PRT.AKT\nsitt\tsin\tPS\tPS.NEU.SIN.DEF\nledamotskap\tledamotskap\tNN\tNN.NEU.SIN.IND.NOM\nsade\ts\u00e4ga\tVB\tVB.PRT.AKT\nvi\tvi\tPN\tPN.UTR.PLU.DEF.SUB\nfarv\u00e4l\tfarv\u00e4l\tNN\tNN.NEU.SIN.IND.NOM\noch\toch\tKN\tKN\ntack\ttack\tNN\tNN.NEU.SIN.IND.NOM\nvid\tvid\tPP\tPP\nkammarens\tkammare\tNN\tNN.UTR.SIN.DEF.GEN\nsista\tsist\tJJ\tJJ.SUV.UTR+NEU.SIN+PLU.DEF.NOM\nplenum\tplenum\tNN\tNN.NEU.SIN.IND.NOM\nf\u00f6rra\tf\u00f6rra\tJJ\tJJ.POS.UTR+NEU.SIN.DEF.NOM\n\u00e5ret\t\u00e5r\tNN\tNN.NEU.SIN.DEF.NOM\n.\t.\tMAD\tMAD","page_number":2,"speaker_note_id":"i-TjA6WXELMke1BqARR2jVmM","num_tokens":62,"num_words":62},{"u_id":"i-5eVkyV69YeKz7QLvzvkNHm","who":"Q6195774","prev_id":"i-8YgXFnoU95QgNKYMqDBYTh","next_id":null,"paragraphs":["Vi har nu den v\u00e4rsta m\u00f6rkningen bakom oss och ser h\u00e4n mot ljusare tid . Kunde vi blott s\u00e4ga detsamma om det allm\u00e4nna l\u00e4get i v\u00e4rlden ! Naturens m\u00f6rker och ljus \u00e4r en \u00e5r efter \u00e5r upprepad v\u00e4xling . Det \u00e4r icke en s\u00e5dan v\u00e5rt hopp f\u00f6rv\u00e4ntar av utvecklingen i m\u00e4nniskans v\u00e4rld , i folks och statsledningars \u00f6msesidiga reaktioner . Vad vi icke vill upph\u00f6ra att tro om framtiden \u00e4r att den st\u00f6rre strimma ljus det nya \u00e5ret skall bringa , skall v\u00e4xa sig allt bredare och bliva varaktig ."],"annotation":"token\tlemma\tpos\txpos\nVi\tvi\tPN\tPN.UTR.PLU.DEF.SUB\nhar\tha\tVB\tVB.PRS.AKT\nnu\tnu\tAB\tAB\nden\tden\tDT\tDT.UTR.SIN.DEF\nv\u00e4rsta\td\u00e5lig\tJJ\tJJ.SUV.UTR+NEU.SIN+PLU.DEF.NOM\nm\u00f6rkningen\tm\u00f6rkning\tNN\tNN.UTR.SIN.DEF.NOM\nbakom\tbakom\tPP\tPP\noss\tvi\tPN\tPN.UTR.PLU.DEF.OBJ\noch\toch\tKN\tKN\nser\tse\tVB\tVB.PRS.AKT\nh\u00e4n\th\u00e4n\tPL\tPL\nmot\tmot\tPP\tPP\nljusare\tljus\tJJ\tJJ.KOM.UTR+NEU.SIN+PLU.IND+DEF.NOM\ntid\ttid\tNN\tNN.UTR.SIN.IND.NOM\n.\t.\tMAD\tMAD\nKunde\tkunna\tVB\tVB.PRT.AKT\nvi\tvi\tPN\tPN.UTR.PLU.DEF.SUB\nblott\tblott\tAB\tAB.POS\ns\u00e4ga\ts\u00e4ga\tVB\tVB.INF.AKT\ndetsamma\tdetsamma\tPN\tPN.NEU.SIN.DEF.SUB+OBJ\nom\tom\tPP\tPP\ndet\tden\tDT\tDT.NEU.SIN.DEF\nallm\u00e4nna\tallm\u00e4n\tJJ\tJJ.POS.UTR+NEU.SIN.DEF.NOM\nl\u00e4get\tl\u00e4ge\tNN\tNN.NEU.SIN.DEF.NOM\ni\ti\tPP\tPP\nv\u00e4rlden\tv\u00e4rld\tNN\tNN.UTR.SIN.DEF.NOM\n!\t!\tMID\tMID\nNaturens\tnatur\tNN\tNN.UTR.SIN.DEF.GEN\nm\u00f6rker\tm\u00f6rker\tNN\tNN.NEU.SIN.IND.NOM\noch\toch\tKN\tKN\nljus\tljus\tNN\tNN.NEU.SIN.IND.NOM\n\u00e4r\tvara\tVB\tVB.PRS.AKT\nen\ten\tDT\tDT.UTR.SIN.IND\n\u00e5r\t\u00e5r\tNN\tNN.NEU.SIN.IND.NOM\nefter\tefter\tPP\tPP\n\u00e5r\t\u00e5r\tNN\tNN.NEU.SIN.IND.NOM\nupprepad\tupprepad\tPC\tPC.PRF.UTR.SIN.IND.NOM\nv\u00e4xling\tv\u00e4xling\tNN\tNN.UTR.SIN.IND.NOM\n.\t.\tMID\tMID\nDet\tdet\tPN\tPN.NEU.SIN.DEF.SUB+OBJ\n\u00e4r\tvara\tVB\tVB.PRS.AKT\nicke\ticke\tAB\tAB\nen\ten\tDT\tDT.UTR.SIN.IND\ns\u00e5dan\ts\u00e5dan\tJJ\tJJ.POS.UTR.SIN.IND.NOM\nv\u00e5rt\tv\u00e5r\tPS\tPS.NEU.SIN.DEF\nhopp\thopp\tNN\tNN.NEU.SIN.IND.NOM\nf\u00f6rv\u00e4ntar\tf\u00f6rv\u00e4nta\tVB\tVB.PRS.AKT\nav\tav\tPP\tPP\nutvecklingen\tutveckling\tNN\tNN.UTR.SIN.DEF.NOM\ni\ti\tPP\tPP\nm\u00e4nniskans\tm\u00e4nniska\tNN\tNN.UTR.SIN.DEF.GEN\nv\u00e4rld\tv\u00e4rld\tNN\tNN.UTR.SIN.IND.NOM\n,\t,\tMID\tMID\ni\ti\tPP\tPP\nfolks\tfolk\tNN\tNN.NEU.PLU.IND.GEN\noch\toch\tKN\tKN\nstatsledningars\tstatsledning\tNN\tNN.UTR.PLU.IND.GEN\n\u00f6msesidiga\t\u00f6msesidig\tJJ\tJJ.POS.UTR+NEU.PLU.IND+DEF.NOM\nreaktioner\treaktion\tNN\tNN.UTR.PLU.IND.NOM\n.\t.\tMAD\tMAD\nVad\tvad\tHP\tHP.NEU.SIN.IND\nvi\tvi\tPN\tPN.UTR.PLU.DEF.SUB\nicke\ticke\tAB\tAB\nvill\tvilja\tVB\tVB.PRS.AKT\nupph\u00f6ra\tupph\u00f6ra\tVB\tVB.INF.AKT\natt\tatt\tIE\tIE\ntro\ttro\tVB\tVB.INF.AKT\nom\tom\tPP\tPP\nframtiden\tframtid\tNN\tNN.UTR.SIN.DEF.NOM\n\u00e4r\tvara\tVB\tVB.PRS.AKT\natt\tatt\tSN\tSN\nden\tden\tDT\tDT.UTR.SIN.DEF\nst\u00f6rre\tstor\tJJ\tJJ.KOM.UTR+NEU.SIN+PLU.IND+DEF.NOM\nstrimma\tstrimma\tNN\tNN.UTR.SIN.IND.NOM\nljus\tljus\tNN\tNN.NEU.SIN.IND.NOM\ndet\tden\tDT\tDT.NEU.SIN.DEF\nnya\tny\tJJ\tJJ.POS.UTR+NEU.SIN.DEF.NOM\n\u00e5ret\t\u00e5r\tNN\tNN.NEU.SIN.DEF.NOM\nskall\tska\tVB\tVB.PRS.AKT\nbringa\tbringa\tVB\tVB.INF.AKT\n,\t,\tMID\tMID\nskall\tska\tVB\tVB.PRS.AKT\nv\u00e4xa\tv\u00e4xa\tVB\tVB.INF.AKT\nsig\tsig\tPN\tPN.UTR+NEU.SIN+PLU.DEF.OBJ\nallt\tallt\tAB\tAB\nbredare\tbred\tJJ\tJJ.KOM.UTR+NEU.SIN+PLU.IND+DEF.NOM\noch\toch\tKN\tKN\nbliva\tbliva\tVB\tVB.INF.AKT\nvaraktig\tvaraktig\tJJ\tJJ.POS.UTR.SIN.IND.NOM\n.\t.\tMAD\tMAD","page_number":2,"speaker_note_id":"i-TjA6WXELMke1BqARR2jVmM","num_tokens":90,"num_words":90},{"u_id":"i-ERz9S5xQA1Wuwh1ZGGeF1a","who":"Q6195774","prev_id":"i-8YgXFnoU95QgNKYMqDBYTh","next_id":null,"paragraphs":["\u00c5ret 1960 l\u00e4mnar i arv , bland sm\u00e4rre str\u00e5k av bl\u00e5nande himmel , \u00e4nd\u00e5 mer av m\u00e4ktiga moln som f\u00f6rm\u00f6rkar sikten fram\u00e5t . Att s\u00e5 m\u00e5nga folkgrupper st\u00e5tt upp till sj\u00e4lvst\u00e4ndig tillvaro \u00e4r det g\u00e5ngna \u00e5rets b\u00e4sta arvegods . Men de tar sina f\u00f6rsta steg p\u00e5 frihetens bana i en v\u00e4rld starkare splittrad och d\u00e4r hungern mer \u00e4n friheten m\u00e5ngenst\u00e4des pr\u00e4glar tillvaron ."],"annotation":"token\tlemma\tpos\txpos\n\u00c5ret\t\u00e5r\tNN\tNN.NEU.SIN.DEF.NOM\n1960\t1960\tRG\tRG.NOM\nl\u00e4mnar\tl\u00e4mna\tVB\tVB.PRS.AKT\ni\ti\tPP\tPP\narv\tarv\tNN\tNN.NEU.SIN.IND.NOM\n,\t,\tMID\tMID\nbland\tbland\tPP\tPP\nsm\u00e4rre\tliten\tJJ\tJJ.KOM.UTR+NEU.SIN+PLU.IND+DEF.NOM\nstr\u00e5k\tstr\u00e5k\tNN\tNN.NEU.PLU.IND.NOM\nav\tav\tPP\tPP\nbl\u00e5nande\tbl\u00e5nande\tPC\tPC.PRS.UTR+NEU.SIN+PLU.IND+DEF.NOM\nhimmel\thimmel\tNN\tNN.UTR.SIN.IND.NOM\n,\t,\tMID\tMID\n\u00e4nd\u00e5\t\u00e4nd\u00e5\tAB\tAB\nmer\tmycket\tAB\tAB.KOM\nav\tav\tPP\tPP\nm\u00e4ktiga\tm\u00e4ktig\tJJ\tJJ.POS.UTR+NEU.PLU.IND+DEF.NOM\nmoln\tmoln\tNN\tNN.NEU.PLU.IND.NOM\nsom\tsom\tHP\tHP.-.-.-\nf\u00f6rm\u00f6rkar\tf\u00f6rm\u00f6rka\tVB\tVB.PRS.AKT\nsikten\tsikt\tNN\tNN.UTR.SIN.DEF.NOM\nfram\u00e5t\tfram\u00e5t\tAB\tAB\n.\t.\tMAD\tMAD\nAtt\tatt\tSN\tSN\ns\u00e5\ts\u00e5\tAB\tAB\nm\u00e5nga\tm\u00e5ngen\tJJ\tJJ.POS.UTR+NEU.PLU.IND+DEF.NOM\nfolkgrupper\tfolkgrupp\tNN\tNN.UTR.PLU.IND.NOM\nst\u00e5tt\tst\u00e5\tVB\tVB.SUP.AKT\nupp\tupp\tPL\tPL\ntill\ttill\tPP\tPP\nsj\u00e4lvst\u00e4ndig\tsj\u00e4lvst\u00e4ndig\tJJ\tJJ.POS.UTR.SIN.IND.NOM\ntillvaro\ttillvaro\tNN\tNN.UTR.SIN.IND.NOM\n\u00e4r\tvara\tVB\tVB.PRS.AKT\ndet\tden\tDT\tDT.NEU.SIN.DEF\ng\u00e5ngna\tg\u00e5ngen\tJJ\tJJ.POS.UTR+NEU.SIN.DEF.NOM\n\u00e5rets\t\u00e5r\tNN\tNN.NEU.SIN.DEF.GEN\nb\u00e4sta\tgod\tJJ\tJJ.SUV.UTR+NEU.SIN+PLU.DEF.NOM\narvegods\tarvegod\tNN\tNN.NEU.SIN.IND.NOM\n.\t.\tMAD\tMAD\nMen\tmen\tKN\tKN\nde\tde\tPN\tPN.UTR+NEU.PLU.DEF.SUB\ntar\tta\tVB\tVB.PRS.AKT\nsina\tsin\tPS\tPS.UTR+NEU.PLU.DEF\nf\u00f6rsta\tf\u00f6rsta\tRO\tRO.NOM\nsteg\tsteg\tNN\tNN.NEU.PLU.IND.NOM\np\u00e5\tp\u00e5\tPP\tPP\nfrihetens\tfrihet\tNN\tNN.UTR.SIN.DEF.GEN\nbana\tbana\tNN\tNN.UTR.SIN.IND.NOM\ni\ti\tPP\tPP\nen\ten\tDT\tDT.UTR.SIN.IND\nv\u00e4rld\tv\u00e4rld\tNN\tNN.UTR.SIN.IND.NOM\nstarkare\tstark\tJJ\tJJ.KOM.UTR+NEU.SIN+PLU.IND+DEF.NOM\nsplittrad\tsplittrad\tPC\tPC.PRF.UTR.SIN.IND.NOM\noch\toch\tKN\tKN\nd\u00e4r\td\u00e4r\tHA\tHA\nhungern\thunger\tNN\tNN.UTR.SIN.DEF.NOM\nmer\tmycket\tAB\tAB.KOM\n\u00e4n\t\u00e4n\tKN\tKN\nfriheten\tfrihet\tNN\tNN.UTR.SIN.DEF.NOM\nm\u00e5ngenst\u00e4des\tm\u00e5ngenst\u00e4\tVB\tVB.PRS.SFO\npr\u00e4glar\tpr\u00e4gla\tVB\tVB.PRS.AKT\ntillvaron\ttillvaro\tNN\tNN.UTR.SIN.DEF.NOM\n.\t.\tMAD\tMAD","page_number":2,"speaker_note_id":"i-TjA6WXELMke1BqARR2jVmM","num_tokens":63,"num_words":63},{"u_id":"i-9KAXXCzrtfj3rs6j1j9jgn","who":"Q6195774","prev_id":"i-8YgXFnoU95QgNKYMqDBYTh","next_id":null,"paragraphs":["Ur det sista halv\u00e5rets sv\u00e5rbem\u00e4strade Kongokris har f\u00f6tts F\u00f6renta Nationernas \u00e4n mer olycksb\u00e5dande inre kris . En"],"annotation":"token\tlemma\tpos\txpos\nUr\tur\tPP\tPP\ndet\tden\tDT\tDT.NEU.SIN.DEF\nsista\tsist\tJJ\tJJ.SUV.UTR+NEU.SIN+PLU.DEF.NOM\nhalv\u00e5rets\thalv\u00e5r\tNN\tNN.NEU.SIN.DEF.GEN\nsv\u00e5rbem\u00e4strade\tsv\u00e5rbem\u00e4strad\tPC\tPC.PRF.UTR+NEU.SIN.DEF.NOM\nKongokris\tKongokris\tPM\tPM.NOM\nhar\tha\tVB\tVB.PRS.AKT\nf\u00f6tts\tf\u00f6da\tVB\tVB.SUP.SFO\nF\u00f6renta\tf\u00f6rent\tJJ\tJJ.POS.UTR+NEU.PLU.IND+DEF.NOM\nNationernas\tnation\tNN\tNN.UTR.PLU.DEF.GEN\n\u00e4n\t\u00e4n\tKN\tKN\nmer\tmycket\tAB\tAB.KOM\nolycksb\u00e5dande\tolycksb\u00e5dande\tPC\tPC.PRS.UTR+NEU.SIN+PLU.IND+DEF.NOM\ninre\tinre\tJJ\tJJ.KOM.UTR+NEU.SIN+PLU.IND+DEF.NOM\nkris\tkris\tNN\tNN.UTR.SIN.IND.NOM\n.\t.\tMAD\tMAD\nEn\ten\tPN\tPN.UTR.SIN.IND.SUB+OBJ","page_number":2,"speaker_note_id":"i-TjA6WXELMke1BqARR2jVmM","num_tokens":17,"num_words":17},{"u_id":"i-PM19TtqoURYYf8wBjxHLno","who":"Q6195774","prev_id":"i-8YgXFnoU95QgNKYMqDBYTh","next_id":null,"paragraphs":["ensam svensk , p\u00e5 den f\u00f6rn\u00e4mligaste internationella f\u00f6rtroendeposten satt att f\u00f6rvalta den mellanfolkliga organisationens uppgifter , fullf\u00f6ljer orubbligt under bittra missr\u00e4kningar , med en \u00e4ra som skall best\u00e5 , det FN-program som blivit honom anf\u00f6rtrott . En \u00f6verv\u00e4ldigande del av Sveriges folk vill h\u00e4rtill , s\u00e5som pl\u00e4gsed oss emellan \u00e4r efter \u00e5rsskifteshelgerna , f\u00f6rvisso \u00f6nska \u00bb god forts\u00e4ttning> under de kommande skickelser som \u00e4r oss f\u00f6rdolda ."],"annotation":"token\tlemma\tpos\txpos\nensam\tensam\tJJ\tJJ.POS.UTR.SIN.IND.NOM\nsvensk\tsvensk\tJJ\tJJ.POS.UTR.SIN.IND.NOM\n,\t,\tMID\tMID\np\u00e5\tp\u00e5\tPP\tPP\nden\tden\tDT\tDT.UTR.SIN.DEF\nf\u00f6rn\u00e4mligaste\tf\u00f6rn\u00e4mlig\tJJ\tJJ.SUV.UTR+NEU.SIN+PLU.DEF.NOM\ninternationella\tinternationell\tJJ\tJJ.POS.UTR+NEU.SIN.DEF.NOM\nf\u00f6rtroendeposten\tf\u00f6rtroendepost\tNN\tNN.UTR.SIN.DEF.NOM\nsatt\tsitta\tVB\tVB.SUP.AKT\natt\tatt\tIE\tIE\nf\u00f6rvalta\tf\u00f6rvalta\tVB\tVB.INF.AKT\nden\tden\tDT\tDT.UTR.SIN.DEF\nmellanfolkliga\tmellanfolklig\tJJ\tJJ.POS.UTR+NEU.SIN.DEF.NOM\norganisationens\torganisation\tNN\tNN.UTR.SIN.DEF.GEN\nuppgifter\tuppgift\tNN\tNN.UTR.PLU.IND.NOM\n,\t,\tMID\tMID\nfullf\u00f6ljer\tfullf\u00f6lja\tVB\tVB.PRS.AKT\norubbligt\torubblig\tAB\tAB.POS\nunder\tunder\tPP\tPP\nbittra\tbitter\tJJ\tJJ.POS.UTR+NEU.PLU.IND+DEF.NOM\nmissr\u00e4kningar\tmissr\u00e4kning\tNN\tNN.UTR.PLU.IND.NOM\n,\t,\tMID\tMID\nmed\tmed\tPP\tPP\nen\ten\tDT\tDT.UTR.SIN.IND\n\u00e4ra\t\u00e4ra\tNN\tNN.UTR.SIN.IND.NOM\nsom\tsom\tHP\tHP.-.-.-\nskall\tska\tVB\tVB.PRS.AKT\nbest\u00e5\tbest\u00e5\tVB\tVB.INF.AKT\n,\t,\tMID\tMID\ndet\tden\tDT\tDT.NEU.SIN.DEF\nFN-program\tFN-program\tNN\tNN.NEU.SIN.IND.NOM\nsom\tsom\tHP\tHP.-.-.-\nblivit\tbliva\tVB\tVB.SUP.AKT\nhonom\than\tPN\tPN.UTR.SIN.DEF.OBJ\nanf\u00f6rtrott\tanf\u00f6rtro\tVB\tVB.SUP.AKT\n.\t.\tMAD\tMAD\nEn\ten\tDT\tDT.UTR.SIN.IND\n\u00f6verv\u00e4ldigande\t\u00f6verv\u00e4ldigande\tPC\tPC.PRS.UTR+NEU.SIN+PLU.IND+DEF.NOM\ndel\tdel\tNN\tNN.UTR.SIN.IND.NOM\nav\tav\tPP\tPP\nSveriges\tSverige\tPM\tPM.GEN\nfolk\tfolk\tNN\tNN.NEU.PLU.IND.NOM\nvill\tvilja\tVB\tVB.PRS.AKT\nh\u00e4rtill\th\u00e4rtill\tAB\tAB\n,\t,\tMID\tMID\ns\u00e5som\ts\u00e5som\tKN\tKN\npl\u00e4gsed\tpl\u00e4gsa\tVB\tVB.PRS.AKT\noss\tvi\tPN\tPN.UTR.PLU.DEF.OBJ\nemellan\temellan\tPP\tPP\n\u00e4r\tvara\tVB\tVB.PRS.AKT\nefter\tefter\tPP\tPP\n\u00e5rsskifteshelgerna\t\u00e5rsskifteshelg\tNN\tNN.UTR.PLU.DEF.NOM\n,\t,\tMID\tMID\nf\u00f6rvisso\tf\u00f6rvisso\tAB\tAB\n\u00f6nska\t\u00f6nska\tVB\tVB.INF.AKT\n\u00bb\tvara\tVB\tVB.AN\ngod\tgod\tJJ\tJJ.POS.UTR.SIN.IND.NOM\nforts\u00e4ttning>\tforts\u00e4ttning>\tNN\tNN.UTR.SIN.IND.NOM\nunder\tunder\tPP\tPP\nde\tden\tDT\tDT.UTR+NEU.PLU.DEF\nkommande\tkommande\tPC\tPC.PRS.UTR+NEU.SIN+PLU.IND+DEF.NOM\nskickelser\tskickelse\tNN\tNN.UTR.PLU.IND.NOM\nsom\tsom\tHP\tHP.-.-.-\n\u00e4r\tvara\tVB\tVB.PRS.AKT\noss\tvi\tPN\tPN.UTR.PLU.DEF.OBJ\nf\u00f6rdolda\tf\u00f6rdold\tPC\tPC.PRF.UTR+NEU.PLU.IND+DEF.NOM\n.\t.\tMAD\tMAD","page_number":2,"speaker_note_id":"i-TjA6WXELMke1BqARR2jVmM","num_tokens":67,"num_words":67},{"u_id":"i-V21w7FRpj9ydV2UsyaYxxf","who":"Q6195774","prev_id":"i-8YgXFnoU95QgNKYMqDBYTh","next_id":null,"paragraphs":["Med den relativa trygghet vi \u00e5tnjuter h\u00e4r i Norden f\u00e5r vi dock allt mindre se bort ifr\u00e5n att \u00e4ven en del av denna os\u00e4kerhetens och sv\u00e4ltens v\u00e4rld , med f\u00f6rpliktelser dem medborgarna i ett v\u00e4lf\u00e4rdssamh\u00e4lle icke skall undandra sig . I detta h\u00e4gn har vi f\u00f6rm\u00e5nen att nu begynna ett nytt riksdags\u00e5rs vardagsbestyr ."],"annotation":"token\tlemma\tpos\txpos\nMed\tmed\tPP\tPP\nden\tden\tDT\tDT.UTR.SIN.DEF\nrelativa\trelativ\tJJ\tJJ.POS.UTR+NEU.SIN.DEF.NOM\ntrygghet\ttrygghet\tNN\tNN.UTR.SIN.IND.NOM\nvi\tvi\tPN\tPN.UTR.PLU.DEF.SUB\n\u00e5tnjuter\t\u00e5tnjuta\tVB\tVB.PRS.AKT\nh\u00e4r\th\u00e4r\tAB\tAB\ni\ti\tPP\tPP\nNorden\tNorden\tPM\tPM.NOM\nf\u00e5r\tf\u00e5\tVB\tVB.PRS.AKT\nvi\tvi\tPN\tPN.UTR.PLU.DEF.SUB\ndock\tdock\tAB\tAB\nallt\tallt\tAB\tAB\nmindre\tlitet\tAB\tAB.KOM\nse\tse\tVB\tVB.INF.AKT\nbort\tbort\tPL\tPL\nifr\u00e5n\tifr\u00e5n\tPP\tPP\natt\tatt\tSN\tSN\n\u00e4ven\t\u00e4ven\tAB\tAB\nen\ten\tDT\tDT.UTR.SIN.IND\ndel\tdel\tNN\tNN.UTR.SIN.IND.NOM\nav\tav\tPP\tPP\ndenna\tdenna\tDT\tDT.UTR.SIN.DEF\nos\u00e4kerhetens\tos\u00e4kerhet\tNN\tNN.UTR.SIN.DEF.GEN\noch\toch\tKN\tKN\nsv\u00e4ltens\tsv\u00e4lt\tNN\tNN.UTR.SIN.DEF.GEN\nv\u00e4rld\tv\u00e4rld\tNN\tNN.UTR.SIN.IND.NOM\n,\t,\tMID\tMID\nmed\tmed\tPP\tPP\nf\u00f6rpliktelser\tf\u00f6rpliktelse\tNN\tNN.UTR.PLU.IND.NOM\ndem\tde\tPN\tPN.UTR+NEU.PLU.DEF.OBJ\nmedborgarna\tmedborgare\tNN\tNN.UTR.PLU.DEF.NOM\ni\ti\tPP\tPP\nett\ten\tDT\tDT.NEU.SIN.IND\nv\u00e4lf\u00e4rdssamh\u00e4lle\tv\u00e4lf\u00e4rdssamh\u00e4lle\tNN\tNN.NEU.SIN.IND.NOM\nicke\ticke\tAB\tAB\nskall\tska\tVB\tVB.PRS.AKT\nundandra\tundandra\tVB\tVB.INF.AKT\nsig\tsig\tPN\tPN.UTR+NEU.SIN+PLU.DEF.OBJ\n.\t.\tMID\tMID\nI\ti\tPP\tPP\ndetta\tdenna\tDT\tDT.NEU.SIN.DEF\nh\u00e4gn\th\u00e4gn\tNN\tNN.NEU.SIN.IND.NOM\nhar\tha\tVB\tVB.PRS.AKT\nvi\tvi\tPN\tPN.UTR.PLU.DEF.SUB\nf\u00f6rm\u00e5nen\tf\u00f6rm\u00e5n\tNN\tNN.UTR.SIN.DEF.NOM\natt\tatt\tIE\tIE\nnu\tnu\tAB\tAB\nbegynna\tbegynna\tVB\tVB.INF.AKT\nett\ten\tDT\tDT.NEU.SIN.IND\nnytt\tny\tJJ\tJJ.POS.NEU.SIN.IND.NOM\nriksdags\u00e5rs\triksdags\u00e5r\tNN\tNN.NEU.SIN.IND.GEN\nvardagsbestyr\tvardagsbestyr\tNN\tNN.NEU.SIN.IND.NOM\n.\t.\tMAD\tMAD","page_number":2,"speaker_note_id":"i-TjA6WXELMke1BqARR2jVmM","num_tokens":54,"num_words":54},{"u_id":"i-2k36DPQzWc9turyaUM6fdf","who":"Q6195774","prev_id":"i-8YgXFnoU95QgNKYMqDBYTh","next_id":null,"paragraphs":["F\u00f6rvissad om att f\u00f6rsta kammaren skall bem\u00f6da sig att v\u00e4l fylla den roll nu g\u00e4llande f\u00f6rfattning \u00e5t den anvisar f\u00f6rklarar jag dess f\u00f6rsta plenum \u00e5r 1961 \u00f6ppnat ."],"annotation":"token\tlemma\tpos\txpos\nF\u00f6rvissad\tf\u00f6rvissad\tPC\tPC.PRF.UTR.SIN.IND.NOM\nom\tom\tPP\tPP\natt\tatt\tSN\tSN\nf\u00f6rsta\tf\u00f6rsta\tRO\tRO.NOM\nkammaren\tkammare\tNN\tNN.UTR.SIN.DEF.NOM\nskall\tska\tVB\tVB.PRS.AKT\nbem\u00f6da\tbem\u00f6da\tVB\tVB.INF.AKT\nsig\tsig\tPN\tPN.UTR+NEU.SIN+PLU.DEF.OBJ\natt\tatt\tIE\tIE\nv\u00e4l\tv\u00e4l\tAB\tAB.POS\nfylla\tfylla\tVB\tVB.INF.AKT\nden\tden\tDT\tDT.UTR.SIN.DEF\nroll\troll\tNN\tNN.UTR.SIN.IND.NOM\nnu\tnu\tAB\tAB\ng\u00e4llande\tg\u00e4llande\tPC\tPC.PRS.UTR+NEU.SIN+PLU.IND+DEF.NOM\nf\u00f6rfattning\tf\u00f6rfattning\tNN\tNN.UTR.SIN.IND.NOM\n\u00e5t\t\u00e5t\tPP\tPP\nden\tden\tPN\tPN.UTR.SIN.DEF.SUB+OBJ\nanvisar\tanvisa\tVB\tVB.PRS.AKT\nf\u00f6rklarar\tf\u00f6rklara\tVB\tVB.PRS.AKT\njag\tjag\tPN\tPN.UTR.SIN.DEF.SUB\ndess\tdess\tPS\tPS.UTR+NEU.SIN+PLU.DEF\nf\u00f6rsta\tf\u00f6rsta\tRO\tRO.NOM\nplenum\tplenum\tNN\tNN.NEU.SIN.IND.NOM\n\u00e5r\t\u00e5r\tNN\tNN.NEU.SIN.IND.NOM\n1961\t1961\tRG\tRG.NOM\n\u00f6ppnat\t\u00f6ppna\tVB\tVB.SUP.AKT\n.\t.\tMAD\tMAD","page_number":2,"speaker_note_id":"i-TjA6WXELMke1BqARR2jVmM","num_tokens":28,"num_words":28},{"u_id":"i-5vER7h3D3RsL6DwpBGFCcj","who":"Q6195774","prev_id":"i-8YgXFnoU95QgNKYMqDBYTh","next_id":null,"paragraphs":["Vid granskning av fullmakterna , som f\u00f6retogs inf\u00f6r chefen f\u00f6r justitiedepartementet samt vidare av vederb\u00f6rande fullm\u00e4ktige i riksbanken och riksg\u00e4ldskontoret , framst\u00e4lldes mot fullmakterna icke n\u00e5gon anm\u00e4rkning ."],"annotation":"token\tlemma\tpos\txpos\nVid\tvid\tPP\tPP\ngranskning\tgranskning\tNN\tNN.UTR.SIN.IND.NOM\nav\tav\tPP\tPP\nfullmakterna\tfullmakt\tNN\tNN.UTR.PLU.DEF.NOM\n,\t,\tMID\tMID\nsom\tsom\tHP\tHP.-.-.-\nf\u00f6retogs\tf\u00f6reta\tVB\tVB.PRT.SFO\ninf\u00f6r\tinf\u00f6r\tPP\tPP\nchefen\tchef\tNN\tNN.UTR.SIN.DEF.NOM\nf\u00f6r\tf\u00f6r\tPP\tPP\njustitiedepartementet\tjustitiedepartement\tNN\tNN.NEU.SIN.DEF.NOM\nsamt\tsamt\tKN\tKN\nvidare\tvitt\tAB\tAB.KOM\nav\tav\tPP\tPP\nvederb\u00f6rande\tvederb\u00f6rande\tNN\tNN.UTR.PLU.IND.NOM\nfullm\u00e4ktige\tfullm\u00e4ktig\tNN\tNN.UTR.PLU.DEF.NOM\ni\ti\tPP\tPP\nriksbanken\triksbank\tNN\tNN.UTR.SIN.DEF.NOM\noch\toch\tKN\tKN\nriksg\u00e4ldskontoret\triksg\u00e4ldskontor\tNN\tNN.NEU.SIN.DEF.NOM\n,\t,\tMID\tMID\nframst\u00e4lldes\tframst\u00e4lla\tVB\tVB.PRT.SFO\nmot\tmot\tPP\tPP\nfullmakterna\tfullmakt\tNN\tNN.UTR.PLU.DEF.NOM\nicke\ticke\tAB\tAB\nn\u00e5gon\tn\u00e5gon\tDT\tDT.UTR.SIN.IND\nanm\u00e4rkning\tanm\u00e4rkning\tNN\tNN.UTR.SIN.IND.NOM\n.\t.\tMAD\tMAD","page_number":4,"speaker_note_id":"i-TjA6WXELMke1BqARR2jVmM","num_tokens":28,"num_words":28},{"u_id":"i-7jXRNVzHVVCKZGYkY4fm9g","who":"Q6195774","prev_id":"i-8YgXFnoU95QgNKYMqDBYTh","next_id":null,"paragraphs":["Undertecknad anh\u00e5ller h\u00e4rmed v\u00f6rdsamt om ledighet fr\u00e5n riksdagsarbetet under tiden den 10 \u2014 den 12 januari 1961 p\u00e5 grund av utrikes tj\u00e4nsteresa ."],"annotation":"token\tlemma\tpos\txpos\nUndertecknad\tundertecknad\tPC\tPC.PRF.UTR.SIN.IND.NOM\nanh\u00e5ller\tanh\u00e5lla\tVB\tVB.PRS.AKT\nh\u00e4rmed\th\u00e4rmed\tAB\tAB\nv\u00f6rdsamt\tv\u00f6rdsamt\tAB\tAB.POS\nom\tom\tPP\tPP\nledighet\tledighet\tNN\tNN.UTR.SIN.IND.NOM\nfr\u00e5n\tfr\u00e5n\tPP\tPP\nriksdagsarbetet\triksdagsarbete\tNN\tNN.NEU.SIN.DEF.NOM\nunder\tunder\tPP\tPP\ntiden\ttid\tNN\tNN.UTR.SIN.DEF.NOM\nden\tden\tDT\tDT.UTR.SIN.DEF\n10\t10\tRG\tRG.NOM\n\u2014\t\u2014\tNN\tNN.UTR.SIN.IND.NOM\nden\tden\tDT\tDT.UTR.SIN.DEF\n12\t12\tRO\tRO.NOM\njanuari\tjanuari\tNN\tNN.UTR.SIN.IND.NOM\n1961\t1961\tRG\tRG.NOM\np\u00e5\tp\u00e5\tPP\tPP\ngrund\tgrund\tNN\tNN.UTR.SIN.IND.NOM\nav\tav\tPP\tPP\nutrikes\tutrikes\tNN\tNN.UTR.SIN.IND.GEN\ntj\u00e4nsteresa\ttj\u00e4nsteresa\tNN\tNN.UTR.SIN.IND.NOM\n.\t.\tMAD\tMAD","page_number":4,"speaker_note_id":"i-TjA6WXELMke1BqARR2jVmM","num_tokens":23,"num_words":23},{"u_id":"i-Q4y7uPDF7UDtmeP5DnL1z3","who":"Q6195774","prev_id":"i-8YgXFnoU95QgNKYMqDBYTh","next_id":null,"paragraphs":["Undertecknad hemst\u00e4ller : h\u00e4rmed om befrielse fr\u00e5n att n\u00e4rvara vid riksdagens \u00f6ppnande och upprop , d\u00e5 jag p\u00e5 grund av utlandsresa \u00e4r f\u00f6rhindrad n\u00e4rvara ."],"annotation":"token\tlemma\tpos\txpos\nUndertecknad\tundertecknad\tPC\tPC.PRF.UTR.SIN.IND.NOM\nhemst\u00e4ller\themst\u00e4lla\tVB\tVB.PRS.AKT\n:\t:\tMID\tMID\nh\u00e4rmed\th\u00e4rmed\tAB\tAB\nom\tom\tPP\tPP\nbefrielse\tbefrielse\tNN\tNN.UTR.SIN.IND.NOM\nfr\u00e5n\tfr\u00e5n\tPP\tPP\natt\tatt\tIE\tIE\nn\u00e4rvara\tn\u00e4rvara\tVB\tVB.INF.AKT\nvid\tvid\tPP\tPP\nriksdagens\triksdag\tNN\tNN.UTR.SIN.DEF.GEN\n\u00f6ppnande\t\u00f6ppnande\tNN\tNN.NEU.SIN.IND.NOM\noch\toch\tKN\tKN\nupprop\tupprop\tNN\tNN.NEU.SIN.IND.NOM\n,\t,\tMID\tMID\nd\u00e5\td\u00e5\tHA\tHA\njag\tjag\tPN\tPN.UTR.SIN.DEF.SUB\np\u00e5\tp\u00e5\tPP\tPP\ngrund\tgrund\tNN\tNN.UTR.SIN.IND.NOM\nav\tav\tPP\tPP\nutlandsresa\tutlandsresa\tNN\tNN.UTR.SIN.IND.NOM\n\u00e4r\tvara\tVB\tVB.PRS.AKT\nf\u00f6rhindrad\tf\u00f6rhindrad\tPC\tPC.PRF.UTR.SIN.IND.NOM\nn\u00e4rvara\tn\u00e4rvara\tVB\tVB.INF.AKT\n.\t.\tMAD\tMAD","page_number":4,"speaker_note_id":"i-TjA6WXELMke1BqARR2jVmM","num_tokens":25,"num_words":25},{"u_id":"i-G7GCPDEQimZoY26zSopwPR","who":"unknown","prev_id":null,"next_id":null,"paragraphs":["Jag lyck\u00f6nskar presidiet till det f\u00f6rtroende som valf\u00f6rr\u00e4ttningen redovisat och \u00f6verl\u00e4mnar h\u00e4rmed talmansklubban till dess primus och h\u00e4lsar honom v\u00e4lkommen \u00e5ter i talmannens stol ."],"annotation":"token\tlemma\tpos\txpos\nJag\tjag\tPN\tPN.UTR.SIN.DEF.SUB\nlyck\u00f6nskar\tlyck\u00f6nska\tVB\tVB.PRS.AKT\npresidiet\tpresidium\tNN\tNN.NEU.SIN.DEF.NOM\ntill\ttill\tPP\tPP\ndet\tden\tDT\tDT.NEU.SIN.DEF\nf\u00f6rtroende\tf\u00f6rtroende\tNN\tNN.NEU.SIN.IND.NOM\nsom\tsom\tHP\tHP.-.-.-\nvalf\u00f6rr\u00e4ttningen\tvalf\u00f6rr\u00e4ttning\tNN\tNN.UTR.SIN.DEF.NOM\nredovisat\tredovisa\tVB\tVB.SUP.AKT\noch\toch\tKN\tKN\n\u00f6verl\u00e4mnar\t\u00f6verl\u00e4mna\tVB\tVB.PRS.AKT\nh\u00e4rmed\th\u00e4rmed\tAB\tAB\ntalmansklubban\ttalmansklubba\tNN\tNN.UTR.SIN.DEF.NOM\ntill\ttill\tPP\tPP\ndess\tdess\tPS\tPS.UTR+NEU.SIN+PLU.DEF\nprimus\tprimus\tNN\tNN.UTR.SIN.IND.NOM\noch\toch\tKN\tKN\nh\u00e4lsar\th\u00e4lsa\tVB\tVB.PRS.AKT\nhonom\than\tPN\tPN.UTR.SIN.DEF.OBJ\nv\u00e4lkommen\tv\u00e4lkommen\tJJ\tJJ.POS.UTR.SIN.IND.NOM\n\u00e5ter\t\u00e5ter\tAB\tAB\ni\ti\tPP\tPP\ntalmannens\ttalman\tNN\tNN.UTR.SIN.DEF.GEN\nstol\tstol\tNN\tNN.UTR.SIN.IND.NOM\n.\t.\tMAD\tMAD","page_number":4,"speaker_note_id":"i-HKZaVZ3F2TB44zFEDteeBZ","num_tokens":25,"num_words":25},{"u_id":"i-WVfTKehm6SAWuw3TtCu93C","who":"Q6195774","prev_id":null,"next_id":null,"paragraphs":["Herr \u00e5lderspresident , \u00e4rade kammarledam\u00f6ter ! Jag har att \u00e5 mina egna och vice talm\u00e4nnens v\u00e4gnar f\u00e5 framf\u00f6ra v\u00e5rt v\u00f6rdsamma tack f\u00f6r det stora f\u00f6rtroende som genom de nu f\u00f6rr\u00e4ttade valen har visats oss ."],"annotation":"token\tlemma\tpos\txpos\nHerr\therr\tNN\tNN.UTR.SIN.IND.NOM\n\u00e5lderspresident\t\u00e5lderspresident\tNN\tNN.UTR.SIN.IND.NOM\n,\t,\tMID\tMID\n\u00e4rade\t\u00e4rad\tPC\tPC.PRF.UTR+NEU.PLU.IND+DEF.NOM\nkammarledam\u00f6ter\tkammarledamot\tNN\tNN.UTR.PLU.IND.NOM\n!\t!\tMID\tMID\nJag\tjag\tPN\tPN.UTR.SIN.DEF.SUB\nhar\tha\tVB\tVB.PRS.AKT\natt\tatt\tIE\tIE\n\u00e5\t\u00e5\tPP\tPP\nmina\tmin\tPS\tPS.UTR+NEU.PLU.DEF\negna\tegen\tJJ\tJJ.POS.UTR+NEU.PLU.IND+DEF.NOM\noch\toch\tKN\tKN\nvice\tvice\tJJ\tJJ.POS.UTR+NEU.SIN+PLU.IND+DEF.NOM\ntalm\u00e4nnens\ttalman\tNN\tNN.UTR.PLU.DEF.GEN\nv\u00e4gnar\tv\u00e4gnar\tNN\tNN.UTR.PLU.IND.NOM\nf\u00e5\tf\u00e5\tVB\tVB.INF.AKT\nframf\u00f6ra\tframf\u00f6ra\tVB\tVB.INF.AKT\nv\u00e5rt\tv\u00e5r\tPS\tPS.NEU.SIN.DEF\nv\u00f6rdsamma\tv\u00f6rdsam\tJJ\tJJ.POS.UTR+NEU.SIN.DEF.NOM\ntack\ttack\tNN\tNN.NEU.SIN.IND.NOM\nf\u00f6r\tf\u00f6r\tPP\tPP\ndet\tden\tDT\tDT.NEU.SIN.DEF\nstora\tstor\tJJ\tJJ.POS.UTR+NEU.SIN.DEF.NOM\nf\u00f6rtroende\tf\u00f6rtroende\tNN\tNN.NEU.SIN.IND.NOM\nsom\tsom\tHP\tHP.-.-.-\ngenom\tgenom\tPP\tPP\nde\tden\tDT\tDT.UTR+NEU.PLU.DEF\nnu\tnu\tAB\tAB\nf\u00f6rr\u00e4ttade\tf\u00f6rr\u00e4ttad\tPC\tPC.PRF.UTR+NEU.PLU.IND+DEF.NOM\nvalen\tval\tNN\tNN.NEU.PLU.DEF.NOM\nhar\tha\tVB\tVB.PRS.AKT\nvisats\tvisa\tVB\tVB.SUP.SFO\noss\tvi\tPN\tPN.UTR.PLU.DEF.OBJ\n.\t.\tMAD\tMAD","page_number":5,"speaker_note_id":"i-CnJQKsb5EgCfzUF4wr6rn7","num_tokens":35,"num_words":35},{"u_id":"i-HoJwqoV6PY8wpS7cwbRNHY","who":"unknown","prev_id":null,"next_id":null,"paragraphs":["Kammaren har vid det nu f\u00f6rr\u00e4ttade valet till sin sekreterare \u00e5tervalt hovr\u00e4ttsassessor ' Lindel\u00f6w . Det \u00e4r s\u00e4kert ingen \u00f6verdrift att p\u00e5st\u00e5 att det inom kammaren och dess presidium har r\u00e5tt allm\u00e4n tillfredsst\u00e4llelse \u00f6ver Edert s\u00e4tt att sk\u00f6ta sekreterarbefattningen . Jag hoppas att detta goda f\u00f6rh\u00e5llande kommer att best\u00e5 \u00e4ven i forts\u00e4ttningen . Hj\u00e4rtligt v\u00e4lkommen !"],"annotation":"token\tlemma\tpos\txpos\nKammaren\tkammare\tNN\tNN.UTR.SIN.DEF.NOM\nhar\tha\tVB\tVB.PRS.AKT\nvid\tvid\tPP\tPP\ndet\tden\tDT\tDT.NEU.SIN.DEF\nnu\tnu\tAB\tAB\nf\u00f6rr\u00e4ttade\tf\u00f6rr\u00e4ttad\tPC\tPC.PRF.UTR+NEU.SIN.DEF.NOM\nvalet\tval\tNN\tNN.NEU.SIN.DEF.NOM\ntill\ttill\tPP\tPP\nsin\tsin\tPS\tPS.UTR.SIN.DEF\nsekreterare\tsekreterare\tNN\tNN.UTR.SIN.IND.NOM\n\u00e5tervalt\t\u00e5tervala\tVB\tVB.SUP.AKT\nhovr\u00e4ttsassessor\thovr\u00e4ttsassessa\tNN\tNN.UTR.SIN.IND.NOM\n'\t'\tPAD\tPAD\nLindel\u00f6w\tLindel\u00f6w\tPM\tPM.NOM\n.\t.\tMID\tMID\nDet\tdet\tPN\tPN.NEU.SIN.DEF.SUB+OBJ\n\u00e4r\tvara\tVB\tVB.PRS.AKT\ns\u00e4kert\ts\u00e4kert\tAB\tAB.POS\ningen\tingen\tDT\tDT.UTR.SIN.IND\n\u00f6verdrift\t\u00f6verdrift\tNN\tNN.UTR.SIN.IND.NOM\natt\tatt\tIE\tIE\np\u00e5st\u00e5\tp\u00e5st\u00e5\tVB\tVB.INF.AKT\natt\tatt\tSN\tSN\ndet\tdet\tPN\tPN.NEU.SIN.DEF.SUB+OBJ\ninom\tinom\tPP\tPP\nkammaren\tkammare\tNN\tNN.UTR.SIN.DEF.NOM\noch\toch\tKN\tKN\ndess\tdess\tPS\tPS.UTR+NEU.SIN+PLU.DEF\npresidium\tpresidium\tNN\tNN.NEU.SIN.IND.NOM\nhar\tha\tVB\tVB.PRS.AKT\nr\u00e5tt\tr\u00e5da\tVB\tVB.SUP.AKT\nallm\u00e4n\tallm\u00e4n\tJJ\tJJ.POS.UTR.SIN.IND.NOM\ntillfredsst\u00e4llelse\ttillfredsst\u00e4llelse\tNN\tNN.UTR.SIN.IND.NOM\n\u00f6ver\t\u00f6ver\tPP\tPP\nEdert\teder\tPS\tPS.NEU.SIN.DEF\ns\u00e4tt\ts\u00e4tt\tNN\tNN.NEU.SIN.IND.NOM\natt\tatt\tIE\tIE\nsk\u00f6ta\tsk\u00f6ta\tVB\tVB.INF.AKT\nsekreterarbefattningen\tsekreterarbefattning\tNN\tNN.UTR.SIN.DEF.NOM\n.\t.\tMID\tMID\nJag\tjag\tPN\tPN.UTR.SIN.DEF.SUB\nhoppas\thoppas\tVB\tVB.PRS.SFO\natt\tatt\tSN\tSN\ndetta\tdenna\tDT\tDT.NEU.SIN.DEF\ngoda\tgod\tJJ\tJJ.POS.UTR+NEU.SIN.DEF.NOM\nf\u00f6rh\u00e5llande\tf\u00f6rh\u00e5llande\tNN\tNN.NEU.SIN.IND.NOM\nkommer\tkomma\tVB\tVB.PRS.AKT\natt\tatt\tIE\tIE\nbest\u00e5\tbest\u00e5\tVB\tVB.INF.AKT\n\u00e4ven\t\u00e4ven\tAB\tAB\ni\ti\tPP\tPP\nforts\u00e4ttningen\tforts\u00e4ttning\tNN\tNN.UTR.SIN.DEF.NOM\n.\t.\tMAD\tMAD\nHj\u00e4rtligt\thj\u00e4rtligt\tAB\tAB.POS\nv\u00e4lkommen\tv\u00e4lkommen\tJJ\tJJ.POS.UTR.SIN.IND.NOM\n!\t!\tMAD\tMAD","page_number":5,"speaker_note_id":"i-bsRLQcuTezpbvQVGz2CtT","num_tokens":56,"num_words":56},{"u_id":"i-c86a27dab9dc7056-0","who":"Q6195774","prev_id":null,"next_id":"i-JxPQibjN6u6s12eQGHAdBe","paragraphs":["Jag vill f\u00e4sta kammarens uppm\u00e4rksamhet p\u00e5 att det under detta plenum utdelats ett stencilerat meddelande r\u00f6rande sammantr\u00e4destiderna under innevarande m\u00e5nad ."],"annotation":"token\tlemma\tpos\txpos\nJag\tjag\tPN\tPN.UTR.SIN.DEF.SUB\nvill\tvilja\tVB\tVB.PRS.AKT\nf\u00e4sta\tf\u00e4sta\tVB\tVB.INF.AKT\nkammarens\tkammare\tNN\tNN.UTR.SIN.DEF.GEN\nuppm\u00e4rksamhet\tuppm\u00e4rksamhet\tNN\tNN.UTR.SIN.IND.NOM\np\u00e5\tp\u00e5\tPP\tPP\natt\tatt\tSN\tSN\ndet\tdet\tPN\tPN.NEU.SIN.DEF.SUB+OBJ\nunder\tunder\tPP\tPP\ndetta\tdenna\tDT\tDT.NEU.SIN.DEF\nplenum\tplenum\tNN\tNN.NEU.SIN.IND.NOM\nutdelats\tutdela\tVB\tVB.SUP.SFO\nett\ten\tDT\tDT.NEU.SIN.IND\nstencilerat\tstencilerad\tPC\tPC.PRF.NEU.SIN.IND.NOM\nmeddelande\tmeddelande\tNN\tNN.NEU.SIN.IND.NOM\nr\u00f6rande\tr\u00f6rande\tPP\tPP\nsammantr\u00e4destiderna\tsammantr\u00e4destid\tNN\tNN.UTR.PLU.DEF.NOM\nunder\tunder\tPP\tPP\ninnevarande\tinnevarande\tPC\tPC.PRS.UTR+NEU.SIN+PLU.IND+DEF.NOM\nm\u00e5nad\tm\u00e5nad\tNN\tNN.UTR.SIN.IND.NOM\n.\t.\tMAD\tMAD","page_number":5,"speaker_note_id":"i-14bCmPFfvRWGyMwactK2zp","num_tokens":21,"num_words":21},{"u_id":"i-JxPQibjN6u6s12eQGHAdBe","who":"Q6195774","prev_id":"i-c86a27dab9dc7056-0","next_id":null,"paragraphs":["Herr talmannen anf\u00f6rde vidare , att han , likaledes efter samr\u00e5d med andra kammarens talman , finge f\u00f6resl\u00e5 , det f\u00f6rsta kammaren ville besluta att vid sammantr\u00e4de , som komme att h\u00e5llas fredagen den 13 i denna m\u00e5nad , f\u00f6retaga val dels av ledam\u00f6ter och suppleanter i de st\u00e4ndiga utskotten , dels av revisorer och revisorssuppleanter f\u00f6r granskning av statsverkets , riksbankens och riksg\u00e4ldskontorets tillst\u00e5nd , styrelse och f\u00f6rvaltning , dels ock av medlemmar och suppleanter i Nordiska r\u00e5det ."],"annotation":"token\tlemma\tpos\txpos\nHerr\therr\tNN\tNN.UTR.SIN.IND.NOM\ntalmannen\ttalman\tNN\tNN.UTR.SIN.DEF.NOM\nanf\u00f6rde\tanf\u00f6ra\tVB\tVB.PRT.AKT\nvidare\tvitt\tAB\tAB.KOM\n,\t,\tMID\tMID\natt\tatt\tSN\tSN\nhan\than\tPN\tPN.UTR.SIN.DEF.SUB\n,\t,\tMID\tMID\nlikaledes\tlikaledes\tAB\tAB\nefter\tefter\tPP\tPP\nsamr\u00e5d\tsamr\u00e5d\tNN\tNN.NEU.SIN.IND.NOM\nmed\tmed\tPP\tPP\nandra\tannan\tJJ\tJJ.POS.UTR+NEU.SIN.DEF.NOM\nkammarens\tkammare\tNN\tNN.UTR.SIN.DEF.GEN\ntalman\ttalman\tNN\tNN.UTR.SIN.IND.NOM\n,\t,\tMID\tMID\nfinge\tf\u00e5\tVB\tVB.PRT.AKT\nf\u00f6resl\u00e5\tf\u00f6resl\u00e5\tVB\tVB.INF.AKT\n,\t,\tMID\tMID\ndet\tden\tDT\tDT.NEU.SIN.DEF\nf\u00f6rsta\tf\u00f6rsta\tRO\tRO.NOM\nkammaren\tkammare\tNN\tNN.UTR.SIN.DEF.NOM\nville\tvilja\tVB\tVB.PRT.AKT\nbesluta\tbesluta\tVB\tVB.INF.AKT\natt\tatt\tSN\tSN\nvid\tvid\tPP\tPP\nsammantr\u00e4de\tsammantr\u00e4de\tNN\tNN.NEU.SIN.IND.NOM\n,\t,\tMID\tMID\nsom\tsom\tHP\tHP.-.-.-\nkomme\tkomme\tVB\tVB.PRT.AKT\natt\tatt\tIE\tIE\nh\u00e5llas\th\u00e5lla\tVB\tVB.INF.SFO\nfredagen\tfredag\tNN\tNN.UTR.SIN.DEF.NOM\nden\tden\tDT\tDT.UTR.SIN.DEF\n13\t13\tRG\tRG.NOM\ni\ti\tPP\tPP\ndenna\tdenna\tDT\tDT.UTR.SIN.DEF\nm\u00e5nad\tm\u00e5nad\tNN\tNN.UTR.SIN.IND.NOM\n,\t,\tMID\tMID\nf\u00f6retaga\tf\u00f6retaga\tVB\tVB.INF.AKT\nval\tval\tNN\tNN.NEU.SIN.IND.NOM\ndels\tdels\tKN\tKN\nav\tav\tPP\tPP\nledam\u00f6ter\tledamot\tNN\tNN.UTR.PLU.IND.NOM\noch\toch\tKN\tKN\nsuppleanter\tsuppleant\tNN\tNN.UTR.PLU.IND.NOM\ni\ti\tPP\tPP\nde\tden\tDT\tDT.UTR+NEU.PLU.DEF\nst\u00e4ndiga\tst\u00e4ndig\tJJ\tJJ.POS.UTR+NEU.PLU.IND+DEF.NOM\nutskotten\tutskott\tNN\tNN.NEU.PLU.DEF.NOM\n,\t,\tMID\tMID\ndels\tdels\tKN\tKN\nav\tav\tPP\tPP\nrevisorer\trevisor\tNN\tNN.UTR.PLU.IND.NOM\noch\toch\tKN\tKN\nrevisorssuppleanter\trevisorssuppleant\tNN\tNN.UTR.PLU.IND.NOM\nf\u00f6r\tf\u00f6r\tPP\tPP\ngranskning\tgranskning\tNN\tNN.UTR.SIN.IND.NOM\nav\tav\tPP\tPP\nstatsverkets\tstatsverk\tNN\tNN.NEU.SIN.DEF.GEN\n,\t,\tMID\tMID\nriksbankens\triksbank\tNN\tNN.UTR.SIN.DEF.GEN\noch\toch\tKN\tKN\nriksg\u00e4ldskontorets\triksg\u00e4ldskontor\tNN\tNN.NEU.SIN.DEF.GEN\ntillst\u00e5nd\ttillst\u00e5nd\tNN\tNN.NEU.SIN.IND.NOM\n,\t,\tMID\tMID\nstyrelse\tstyrelse\tNN\tNN.UTR.SIN.IND.NOM\noch\toch\tKN\tKN\nf\u00f6rvaltning\tf\u00f6rvaltning\tNN\tNN.UTR.SIN.IND.NOM\n,\t,\tMID\tMID\ndels\tdels\tKN\tKN\nock\tock\tAB\tAB\nav\tav\tPP\tPP\nmedlemmar\tmedlem\tNN\tNN.UTR.PLU.IND.NOM\noch\toch\tKN\tKN\nsuppleanter\tsuppleant\tNN\tNN.UTR.PLU.IND.NOM\ni\ti\tPP\tPP\nNordiska\tnordisk\tJJ\tJJ.POS.UTR+NEU.SIN.DEF.NOM\nr\u00e5det\tr\u00e5d\tNN\tNN.NEU.SIN.DEF.NOM\n.\t.\tMAD\tMAD","page_number":6,"speaker_note_id":"i-14bCmPFfvRWGyMwactK2zp","num_tokens":80,"num_words":80},{"u_id":"i-H7LeUBHjvVTSMKeZT44zSV","who":"unknown","prev_id":null,"next_id":null,"paragraphs":["Eders Majest\u00e4t !"],"annotation":"token\tlemma\tpos\txpos\nEders\tEder\tPM\tPM.GEN\nMajest\u00e4t\tmajest\u00e4t\tNN\tNN.NEU.SIN.IND.NOM\n!\t!\tMAD\tMAD","page_number":6,"speaker_note_id":"i-6ji46ZBsoPPuUUWdaEUWM1","num_tokens":3,"num_words":3},{"u_id":"i-c86a27dab9dc7056-3","who":"unknown","prev_id":null,"next_id":null,"paragraphs":["De f\u00f6rhoppningar om \u00f6kat samf\u00f6rst\u00e5nd p\u00e5 det internationella omr\u00e5det , som s\u00e4kert fanns p\u00e5 m\u00e5nga h\u00e5ll f\u00f6r n\u00e5got \u00e5r sedan , har genom h\u00e4ndelser som sedan dess intr\u00e4ffat blivit i bet\u00e4nklig grad grusade . Nu framtr\u00e4der sp\u00e4nningen och den d\u00e4rav f\u00f6ljande oron i v\u00e4rlden som det allt \u00f6verskuggande draget i dagens bild av det internationella l\u00e4get .","Men h\u00e4r g\u00e4ller det v\u00e4l , trots allt , att inte helt misstr\u00f6sta om framtiden . Det svenska folket \u00e4r f\u00f6rvisso enigt med Eders Majest\u00e4t om att Sverige b\u00f6r efter m\u00e5ttet av sin f\u00f6rm\u00e5ga st\u00f6dja de internationella str\u00e4vandena till fred och samf\u00f6rst\u00e5nd i v\u00e4rlden . S\u00e4kert \u00e4r det ocks\u00e5 en allm\u00e4n mening , att v\u00e5rt land b\u00f6r medverka s\u00e5v\u00e4l i F\u00f6renta Nationernas arbete till st\u00f6d f\u00f6r utvecklingsl\u00e4nderna som i \u00f6vrig internationell hj\u00e4lpverksamhet .","Vad v\u00e5rt land betr\u00e4ffar \u00e4r dagsl\u00e4get \u00f6verv\u00e4gande ljust . N\u00e4ringslivet har under det senast g\u00e5ngna \u00e5ret arbetat under i stort sett gynnsamma betingelser . Vissa undantag finnas dock . Ett s\u00e5dant ber\u00f6r jordbruksn\u00e4ringen , som \u00e5samkades mycket k\u00e4nnbara f\u00f6rluster genom h\u00f6stens ogynnsamma sk\u00f6rdef\u00f6rh\u00e5llanden inom stora delar av landet . Mot denna bakgrund finns det kanske s\u00e4rskild anledning antaga att det av Eders Majest\u00e4t beb\u00e5dade f\u00f6rslaget om ett system f\u00f6r permanent sk\u00f6rdeskadeskydd"],"annotation":"token\tlemma\tpos\txpos\nDe\tden\tDT\tDT.UTR+NEU.PLU.DEF\nf\u00f6rhoppningar\tf\u00f6rhoppning\tNN\tNN.UTR.PLU.IND.NOM\nom\tom\tPP\tPP\n\u00f6kat\t\u00f6kad\tPC\tPC.PRF.NEU.SIN.IND.NOM\nsamf\u00f6rst\u00e5nd\tsamf\u00f6rst\u00e5nd\tNN\tNN.NEU.SIN.IND.NOM\np\u00e5\tp\u00e5\tPP\tPP\ndet\tden\tDT\tDT.NEU.SIN.DEF\ninternationella\tinternationell\tJJ\tJJ.POS.UTR+NEU.SIN.DEF.NOM\nomr\u00e5det\tomr\u00e5de\tNN\tNN.NEU.SIN.DEF.NOM\n,\t,\tMID\tMID\nsom\tsom\tHP\tHP.-.-.-\ns\u00e4kert\ts\u00e4kert\tAB\tAB.POS\nfanns\tfinnas\tVB\tVB.PRT.SFO\np\u00e5\tp\u00e5\tPP\tPP\nm\u00e5nga\tm\u00e5ngen\tJJ\tJJ.POS.UTR+NEU.PLU.IND+DEF.NOM\nh\u00e5ll\th\u00e5ll\tNN\tNN.NEU.PLU.IND.NOM\nf\u00f6r\tf\u00f6r\tPP\tPP\nn\u00e5got\tn\u00e5gon\tDT\tDT.NEU.SIN.IND\n\u00e5r\t\u00e5r\tNN\tNN.NEU.SIN.IND.NOM\nsedan\tsedan\tAB\tAB\n,\t,\tMID\tMID\nhar\tha\tVB\tVB.PRS.AKT\ngenom\tgenom\tPP\tPP\nh\u00e4ndelser\th\u00e4ndelse\tNN\tNN.UTR.PLU.IND.NOM\nsom\tsom\tHP\tHP.-.-.-\nsedan\tsedan\tPP\tPP\ndess\tdess\tAB\tAB\nintr\u00e4ffat\tintr\u00e4ffa\tVB\tVB.SUP.AKT\nblivit\tbliva\tVB\tVB.SUP.AKT\ni\ti\tPP\tPP\nbet\u00e4nklig\tbet\u00e4nklig\tJJ\tJJ.POS.UTR.SIN.IND.NOM\ngrad\tgrad\tNN\tNN.UTR.SIN.IND.NOM\ngrusade\tgrusad\tPC\tPC.PRF.UTR+NEU.PLU.IND+DEF.NOM\n.\t.\tMAD\tMAD\nNu\tnu\tAB\tAB\nframtr\u00e4der\tframtr\u00e4da\tVB\tVB.PRS.AKT\nsp\u00e4nningen\tsp\u00e4nning\tNN\tNN.UTR.SIN.DEF.NOM\noch\toch\tKN\tKN\nden\tden\tDT\tDT.UTR.SIN.DEF\nd\u00e4rav\td\u00e4rav\tAB\tAB\nf\u00f6ljande\tf\u00f6ljande\tPC\tPC.PRS.UTR+NEU.SIN+PLU.IND+DEF.NOM\noron\toro\tNN\tNN.UTR.SIN.DEF.NOM\ni\ti\tPP\tPP\nv\u00e4rlden\tv\u00e4rld\tNN\tNN.UTR.SIN.DEF.NOM\nsom\tsom\tKN\tKN\ndet\tden\tDT\tDT.NEU.SIN.DEF\nallt\tallt\tAB\tAB\n\u00f6verskuggande\t\u00f6verskuggande\tPC\tPC.PRS.UTR+NEU.SIN+PLU.IND+DEF.NOM\ndraget\tdrag\tNN\tNN.NEU.SIN.DEF.NOM\ni\ti\tPP\tPP\ndagens\tdag\tNN\tNN.UTR.SIN.DEF.GEN\nbild\tbild\tNN\tNN.UTR.SIN.IND.NOM\nav\tav\tPP\tPP\ndet\tden\tDT\tDT.NEU.SIN.DEF\ninternationella\tinternationell\tJJ\tJJ.POS.UTR+NEU.SIN.DEF.NOM\nl\u00e4get\tl\u00e4ge\tNN\tNN.NEU.SIN.DEF.NOM\n.\t.\tMAD\tMAD\nMen\tmen\tKN\tKN\nh\u00e4r\th\u00e4r\tAB\tAB\ng\u00e4ller\tg\u00e4lla\tVB\tVB.PRS.AKT\ndet\tdet\tPN\tPN.NEU.SIN.DEF.SUB+OBJ\nv\u00e4l\tv\u00e4l\tAB\tAB\n,\t,\tMID\tMID\ntrots\ttrots\tPP\tPP\nallt\tallt\tPN\tPN.NEU.SIN.IND.SUB+OBJ\n,\t,\tMID\tMID\natt\tatt\tIE\tIE\ninte\tinte\tAB\tAB\nhelt\thelt\tAB\tAB.POS\nmisstr\u00f6sta\tmisstr\u00f6sta\tVB\tVB.INF.AKT\nom\tom\tPP\tPP\nframtiden\tframtid\tNN\tNN.UTR.SIN.DEF.NOM\n.\t.\tMAD\tMAD\nDet\tden\tDT\tDT.NEU.SIN.DEF\nsvenska\tsvensk\tJJ\tJJ.POS.UTR+NEU.SIN.DEF.NOM\nfolket\tfolk\tNN\tNN.NEU.SIN.DEF.NOM\n\u00e4r\tvara\tVB\tVB.PRS.AKT\nf\u00f6rvisso\tf\u00f6rvisso\tAB\tAB\nenigt\tenig\tJJ\tJJ.POS.NEU.SIN.IND.NOM\nmed\tmed\tPP\tPP\nEders\tEder\tPM\tPM.GEN\nMajest\u00e4t\tmajest\u00e4t\tNN\tNN.NEU.SIN.IND.NOM\nom\tom\tPP\tPP\natt\tatt\tSN\tSN\nSverige\tSverige\tPM\tPM.NOM\nb\u00f6r\tb\u00f6ra\tVB\tVB.PRS.AKT\nefter\tefter\tPP\tPP\nm\u00e5ttet\tm\u00e5tt\tNN\tNN.NEU.SIN.DEF.NOM\nav\tav\tPP\tPP\nsin\tsin\tPS\tPS.UTR.SIN.DEF\nf\u00f6rm\u00e5ga\tf\u00f6rm\u00e5ga\tNN\tNN.UTR.SIN.IND.NOM\nst\u00f6dja\tst\u00f6dja\tVB\tVB.INF.AKT\nde\tden\tDT\tDT.UTR+NEU.PLU.DEF\ninternationella\tinternationell\tJJ\tJJ.POS.UTR+NEU.PLU.IND+DEF.NOM\nstr\u00e4vandena\tstr\u00e4vande\tNN\tNN.NEU.PLU.DEF.NOM\ntill\ttill\tPP\tPP\nfred\tfred\tNN\tNN.UTR.SIN.IND.NOM\noch\toch\tKN\tKN\nsamf\u00f6rst\u00e5nd\tsamf\u00f6rst\u00e5nd\tNN\tNN.NEU.SIN.IND.NOM\ni\ti\tPP\tPP\nv\u00e4rlden\tv\u00e4rld\tNN\tNN.UTR.SIN.DEF.NOM\n.\t.\tMID\tMID\nS\u00e4kert\ts\u00e4kert\tAB\tAB.POS\n\u00e4r\tvara\tVB\tVB.PRS.AKT\ndet\tdet\tPN\tPN.NEU.SIN.DEF.SUB+OBJ\nocks\u00e5\tocks\u00e5\tAB\tAB\nen\ten\tDT\tDT.UTR.SIN.IND\nallm\u00e4n\tallm\u00e4n\tJJ\tJJ.POS.UTR.SIN.IND.NOM\nmening\tmening\tNN\tNN.UTR.SIN.IND.NOM\n,\t,\tMID\tMID\natt\tatt\tSN\tSN\nv\u00e5rt\tv\u00e5r\tPS\tPS.NEU.SIN.DEF\nland\tland\tNN\tNN.NEU.SIN.IND.NOM\nb\u00f6r\tb\u00f6ra\tVB\tVB.PRS.AKT\nmedverka\tmedverka\tVB\tVB.INF.AKT\ns\u00e5v\u00e4l\ts\u00e5v\u00e4l\tKN\tKN\ni\ti\tPP\tPP\nF\u00f6renta\tf\u00f6rent\tJJ\tJJ.POS.UTR+NEU.PLU.IND+DEF.NOM\nNationernas\tnation\tNN\tNN.UTR.PLU.DEF.GEN\narbete\tarbete\tNN\tNN.NEU.SIN.IND.NOM\ntill\ttill\tPP\tPP\nst\u00f6d\tst\u00f6d\tNN\tNN.NEU.SIN.IND.NOM\nf\u00f6r\tf\u00f6r\tPP\tPP\nutvecklingsl\u00e4nderna\tutvecklingsland\tNN\tNN.NEU.PLU.DEF.NOM\nsom\tsom\tKN\tKN\ni\ti\tPP\tPP\n\u00f6vrig\t\u00f6vrig\tJJ\tJJ.POS.UTR.SIN.IND.NOM\ninternationell\tinternationell\tJJ\tJJ.POS.UTR.SIN.IND.NOM\nhj\u00e4lpverksamhet\thj\u00e4lpverksamhet\tNN\tNN.UTR.SIN.IND.NOM\n.\t.\tMAD\tMAD\nVad\tvad\tHP\tHP.NEU.SIN.IND\nv\u00e5rt\tv\u00e5r\tPS\tPS.NEU.SIN.DEF\nland\tland\tNN\tNN.NEU.SIN.IND.NOM\nbetr\u00e4ffar\tbetr\u00e4ffa\tVB\tVB.PRS.AKT\n\u00e4r\tvara\tVB\tVB.PRS.AKT\ndagsl\u00e4get\tdagsl\u00e4ge\tNN\tNN.NEU.SIN.DEF.NOM\n\u00f6verv\u00e4gande\t\u00f6verv\u00e4gande\tAB\tAB\nljust\tljus\tJJ\tJJ.POS.NEU.SIN.IND.NOM\n.\t.\tMAD\tMAD\nN\u00e4ringslivet\tn\u00e4ringsliv\tNN\tNN.NEU.SIN.DEF.NOM\nhar\tha\tVB\tVB.PRS.AKT\nunder\tunder\tPP\tPP\ndet\tden\tDT\tDT.NEU.SIN.DEF\nsenast\tsenast\tAB\tAB.SUV\ng\u00e5ngna\tg\u00e5ngen\tJJ\tJJ.POS.UTR+NEU.SIN.DEF.NOM\n\u00e5ret\t\u00e5r\tNN\tNN.NEU.SIN.DEF.NOM\narbetat\tarbeta\tVB\tVB.SUP.AKT\nunder\tunder\tPP\tPP\ni\ti\tPP\tPP\nstort\tstort\tAB\tAB\nsett\tsedd\tPC\tPC.PRF.NEU.SIN.IND.NOM\ngynnsamma\tgynnsam\tJJ\tJJ.POS.UTR+NEU.PLU.IND+DEF.NOM\nbetingelser\tbetingelse\tNN\tNN.UTR.PLU.IND.NOM\n.\t.\tMAD\tMAD\nVissa\tviss\tJJ\tJJ.POS.UTR+NEU.PLU.IND+DEF.NOM\nundantag\tundantag\tNN\tNN.NEU.PLU.IND.NOM\nfinnas\tfinnas\tVB\tVB.PRS.SFO\ndock\tdock\tAB\tAB\n.\t.\tMAD\tMAD\nEtt\ten\tDT\tDT.NEU.SIN.IND\ns\u00e5dant\ts\u00e5dan\tJJ\tJJ.POS.NEU.SIN.IND.NOM\nber\u00f6r\tber\u00f6ra\tVB\tVB.PRS.AKT\njordbruksn\u00e4ringen\tjordbruksn\u00e4ring\tNN\tNN.UTR.SIN.DEF.NOM\n,\t,\tMID\tMID\nsom\tsom\tHP\tHP.-.-.-\n\u00e5samkades\t\u00e5samka\tVB\tVB.PRT.SFO\nmycket\tmycket\tAB\tAB.POS\nk\u00e4nnbara\tk\u00e4nnbar\tJJ\tJJ.POS.UTR+NEU.PLU.IND+DEF.NOM\nf\u00f6rluster\tf\u00f6rlust\tNN\tNN.UTR.PLU.IND.NOM\ngenom\tgenom\tPP\tPP\nh\u00f6stens\th\u00f6st\tNN\tNN.UTR.SIN.DEF.GEN\nogynnsamma\togynnsam\tJJ\tJJ.POS.UTR+NEU.PLU.IND+DEF.NOM\nsk\u00f6rdef\u00f6rh\u00e5llanden\tsk\u00f6rdef\u00f6rh\u00e5llande\tNN\tNN.NEU.PLU.IND.NOM\ninom\tinom\tPP\tPP\nstora\tstor\tJJ\tJJ.POS.UTR+NEU.PLU.IND+DEF.NOM\ndelar\tdel\tNN\tNN.UTR.PLU.IND.NOM\nav\tav\tPP\tPP\nlandet\tland\tNN\tNN.NEU.SIN.DEF.NOM\n.\t.\tMID\tMID\nMot\tmot\tPP\tPP\ndenna\tdenna\tDT\tDT.UTR.SIN.DEF\nbakgrund\tbakgrund\tNN\tNN.UTR.SIN.IND.NOM\nfinns\tfinnas\tVB\tVB.PRS.SFO\ndet\tdet\tPN\tPN.NEU.SIN.DEF.SUB+OBJ\nkanske\tkanske\tAB\tAB\ns\u00e4rskild\ts\u00e4rskild\tPC\tPC.PRF.UTR.SIN.IND.NOM\nanledning\tanledning\tNN\tNN.UTR.SIN.IND.NOM\nantaga\tantaga\tVB\tVB.INF.AKT\natt\tatt\tSN\tSN\ndet\tdet\tPN\tPN.NEU.SIN.DEF.SUB+OBJ\nav\tav\tPP\tPP\nEders\tEder\tPM\tPM.GEN\nMajest\u00e4t\tmajest\u00e4t\tNN\tNN.NEU.SIN.IND.NOM\nbeb\u00e5dade\tbeb\u00e5da\tVB\tVB.PRT.AKT\nf\u00f6rslaget\tf\u00f6rslag\tNN\tNN.NEU.SIN.DEF.NOM\nom\tom\tPP\tPP\nett\ten\tDT\tDT.NEU.SIN.IND\nsystem\tsystem\tNN\tNN.NEU.SIN.IND.NOM\nf\u00f6r\tf\u00f6r\tPP\tPP\npermanent\tpermanent\tJJ\tJJ.POS.NEU.SIN.IND.NOM\nsk\u00f6rdeskadeskydd\tsk\u00f6rdeskadeskydd\tNN\tNN.NEU.SIN.IND.NOM","page_number":6,"speaker_note_id":"i-6ji46ZBsoPPuUUWdaEUWM1","num_tokens":201,"num_words":201},{"u_id":"i-c86a27dab9dc7056-4","who":"unknown","prev_id":null,"next_id":null,"paragraphs":["skall komma att mottagas med mycket stort intresse .","De ekonomiska utsikterna bed\u00f6mas allm\u00e4nt som \u00f6verv\u00e4gande goda f\u00f6r det nu ing\u00e5ngna \u00e5ret , \u00e4ven om en viss os\u00e4kerhet g\u00f6r sig m\u00e4rkbar , d\u00e5 det g\u00e4ller prognoser f\u00f6r den ekonomiska utvecklingen p\u00e5 n\u00e5got l\u00e4ngre sikt . Det f\u00f6refaller klokt att r\u00e4kna med dessa n\u00e5got os\u00e4kra framtidsutsikter , d\u00e5 det g\u00e4ller bed\u00f6mningen av v\u00e5ra ekonomiska m\u00f6jligheter .","Med varmaste \u00f6nskan att lycka och v\u00e4lg\u00e5ng m\u00e5 f\u00f6lja Eders Majest\u00e4t och hela det kungliga huset betygar jag nu Eders Majest\u00e4t f\u00f6rsta kammarens unders\u00e5tliga v\u00f6rdnad , tillit och trohet ."],"annotation":"token\tlemma\tpos\txpos\nskall\tska\tVB\tVB.PRS.AKT\nkomma\tkomma\tVB\tVB.INF.AKT\natt\tatt\tIE\tIE\nmottagas\tmotta\tVB\tVB.INF.SFO\nmed\tmed\tPP\tPP\nmycket\tmycket\tAB\tAB.POS\nstort\tstor\tJJ\tJJ.POS.NEU.SIN.IND.NOM\nintresse\tintresse\tNN\tNN.NEU.SIN.IND.NOM\n.\t.\tMAD\tMAD\nDe\tden\tDT\tDT.UTR+NEU.PLU.DEF\nekonomiska\tekonomisk\tJJ\tJJ.POS.UTR+NEU.PLU.IND+DEF.NOM\nutsikterna\tutsikt\tNN\tNN.UTR.PLU.DEF.NOM\nbed\u00f6mas\tbed\u00f6ma\tVB\tVB.PRS.SFO\nallm\u00e4nt\tallm\u00e4nt\tAB\tAB.POS\nsom\tsom\tKN\tKN\n\u00f6verv\u00e4gande\t\u00f6verv\u00e4gande\tJJ\tJJ.POS.UTR+NEU.SIN+PLU.IND+DEF.NOM\ngoda\tgod\tJJ\tJJ.POS.UTR+NEU.PLU.IND+DEF.NOM\nf\u00f6r\tf\u00f6r\tPP\tPP\ndet\tden\tDT\tDT.NEU.SIN.DEF\nnu\tnu\tAB\tAB\ning\u00e5ngna\ting\u00e5ngen\tPC\tPC.PRF.UTR+NEU.SIN.DEF.NOM\n\u00e5ret\t\u00e5r\tNN\tNN.NEU.SIN.DEF.NOM\n,\t,\tMID\tMID\n\u00e4ven\t\u00e4ven\tAB\tAB\nom\tom\tSN\tSN\nen\ten\tDT\tDT.UTR.SIN.IND\nviss\tviss\tJJ\tJJ.POS.UTR.SIN.IND.NOM\nos\u00e4kerhet\tos\u00e4kerhet\tNN\tNN.UTR.SIN.IND.NOM\ng\u00f6r\tg\u00f6ra\tVB\tVB.PRS.AKT\nsig\tsig\tPN\tPN.UTR+NEU.SIN+PLU.DEF.OBJ\nm\u00e4rkbar\tm\u00e4rkbar\tJJ\tJJ.POS.UTR.SIN.IND.NOM\n,\t,\tMID\tMID\nd\u00e5\td\u00e5\tHA\tHA\ndet\tdet\tPN\tPN.NEU.SIN.DEF.SUB+OBJ\ng\u00e4ller\tg\u00e4lla\tVB\tVB.PRS.AKT\nprognoser\tprognos\tNN\tNN.UTR.PLU.IND.NOM\nf\u00f6r\tf\u00f6r\tPP\tPP\nden\tden\tDT\tDT.UTR.SIN.DEF\nekonomiska\tekonomisk\tJJ\tJJ.POS.UTR+NEU.SIN.DEF.NOM\nutvecklingen\tutveckling\tNN\tNN.UTR.SIN.DEF.NOM\np\u00e5\tp\u00e5\tPP\tPP\nn\u00e5got\tn\u00e5got\tAB\tAB\nl\u00e4ngre\tl\u00e5ng\tJJ\tJJ.KOM.UTR+NEU.SIN+PLU.IND+DEF.NOM\nsikt\tsikt\tNN\tNN.UTR.SIN.IND.NOM\n.\t.\tMID\tMID\nDet\tdet\tPN\tPN.NEU.SIN.DEF.SUB+OBJ\nf\u00f6refaller\tf\u00f6refalla\tVB\tVB.PRS.AKT\nklokt\tklok\tJJ\tJJ.POS.NEU.SIN.IND.NOM\natt\tatt\tIE\tIE\nr\u00e4kna\tr\u00e4kna\tVB\tVB.INF.AKT\nmed\tmed\tPP\tPP\ndessa\tdenna\tDT\tDT.UTR+NEU.PLU.DEF\nn\u00e5got\tn\u00e5got\tAB\tAB\nos\u00e4kra\tos\u00e4ker\tJJ\tJJ.POS.UTR+NEU.PLU.IND+DEF.NOM\nframtidsutsikter\tframtidsutsikt\tNN\tNN.UTR.PLU.IND.NOM\n,\t,\tMID\tMID\nd\u00e5\td\u00e5\tHA\tHA\ndet\tdet\tPN\tPN.NEU.SIN.DEF.SUB+OBJ\ng\u00e4ller\tg\u00e4lla\tVB\tVB.PRS.AKT\nbed\u00f6mningen\tbed\u00f6mning\tNN\tNN.UTR.SIN.DEF.NOM\nav\tav\tPP\tPP\nv\u00e5ra\tv\u00e5r\tPS\tPS.UTR+NEU.PLU.DEF\nekonomiska\tekonomisk\tJJ\tJJ.POS.UTR+NEU.PLU.IND+DEF.NOM\nm\u00f6jligheter\tm\u00f6jlighet\tNN\tNN.UTR.PLU.IND.NOM\n.\t.\tMAD\tMAD\nMed\tmed\tPP\tPP\nvarmaste\tvarm\tJJ\tJJ.SUV.UTR+NEU.SIN+PLU.DEF.NOM\n\u00f6nskan\t\u00f6nskan\tNN\tNN.UTR.SIN.IND.NOM\natt\tatt\tSN\tSN\nlycka\tlycka\tNN\tNN.UTR.SIN.IND.NOM\noch\toch\tKN\tKN\nv\u00e4lg\u00e5ng\tv\u00e4lg\u00e5ng\tNN\tNN.UTR.SIN.IND.NOM\nm\u00e5\tm\u00e5\tVB\tVB.PRS.AKT\nf\u00f6lja\tf\u00f6lja\tVB\tVB.INF.AKT\nEders\tEder\tPM\tPM.GEN\nMajest\u00e4t\tmajest\u00e4t\tNN\tNN.NEU.SIN.IND.NOM\noch\toch\tKN\tKN\nhela\thel\tJJ\tJJ.POS.UTR+NEU.SIN.DEF.NOM\ndet\tden\tDT\tDT.NEU.SIN.DEF\nkungliga\tkunglig\tJJ\tJJ.POS.UTR+NEU.SIN.DEF.NOM\nhuset\thus\tNN\tNN.NEU.SIN.DEF.NOM\nbetygar\tbetyga\tVB\tVB.PRS.AKT\njag\tjag\tPN\tPN.UTR.SIN.DEF.SUB\nnu\tnu\tAB\tAB\nEders\tEder\tPM\tPM.GEN\nMajest\u00e4t\tmajest\u00e4t\tNN\tNN.NEU.SIN.IND.NOM\nf\u00f6rsta\tf\u00f6rsta\tRO\tRO.NOM\nkammarens\tkammare\tNN\tNN.UTR.SIN.DEF.GEN\nunders\u00e5tliga\tunders\u00e5tlig\tJJ\tJJ.POS.UTR+NEU.SIN.DEF.NOM\nv\u00f6rdnad\tv\u00f6rdnad\tNN\tNN.UTR.SIN.IND.NOM\n,\t,\tMID\tMID\ntillit\ttillit\tNN\tNN.UTR.SIN.IND.NOM\noch\toch\tKN\tKN\ntrohet\ttrohet\tNN\tNN.UTR.SIN.IND.NOM\n.\t.\tMAD\tMAD","page_number":7,"speaker_note_id":"missing","num_tokens":95,"num_words":95},{"u_id":"i-NUreJp3QGRn8gPSyxBBsnd","who":"Q5886385","prev_id":null,"next_id":null,"paragraphs":["Herr talman ! Jag ber att f\u00e5 hemst\u00e4lla , att f\u00f6rsta kammaren m\u00e5tte besluta , att antalet suppleanter i de st\u00e4ndiga utskotten f\u00f6rutom utrikesutskottet skall vad denna kammare betr\u00e4ffar best\u00e4mmas till : f\u00f6r konstitutionsutskottet 12 , f\u00f6r statsutskottet 26 , f\u00f6r bevillningsutskottet 14 , f\u00f6r bankoutskottet 11 , f\u00f6r f\u00f6rsta lagutskottet 12 , f\u00f6r andra lagutskottet 13 , f\u00f6r tredje lagutskottet 12 , f\u00f6r jordbruksutskottet 13 samt f\u00f6r allm\u00e4nna beredningsutskottet 16 ."],"annotation":"token\tlemma\tpos\txpos\nHerr\therr\tNN\tNN.UTR.SIN.IND.NOM\ntalman\ttalman\tNN\tNN.UTR.SIN.IND.NOM\n!\t!\tMID\tMID\nJag\tjag\tPN\tPN.UTR.SIN.DEF.SUB\nber\tbe\tVB\tVB.PRS.AKT\natt\tatt\tIE\tIE\nf\u00e5\tf\u00e5\tVB\tVB.INF.AKT\nhemst\u00e4lla\themst\u00e4lla\tVB\tVB.INF.AKT\n,\t,\tMID\tMID\natt\tatt\tSN\tSN\nf\u00f6rsta\tf\u00f6rsta\tRO\tRO.NOM\nkammaren\tkammare\tNN\tNN.UTR.SIN.DEF.NOM\nm\u00e5tte\tm\u00e5tte\tVB\tVB.KON.PRT.AKT\nbesluta\tbesluta\tVB\tVB.INF.AKT\n,\t,\tMID\tMID\natt\tatt\tSN\tSN\nantalet\tantal\tNN\tNN.NEU.SIN.DEF.NOM\nsuppleanter\tsuppleant\tNN\tNN.UTR.PLU.IND.NOM\ni\ti\tPP\tPP\nde\tden\tDT\tDT.UTR+NEU.PLU.DEF\nst\u00e4ndiga\tst\u00e4ndig\tJJ\tJJ.POS.UTR+NEU.PLU.IND+DEF.NOM\nutskotten\tutskott\tNN\tNN.NEU.PLU.DEF.NOM\nf\u00f6rutom\tf\u00f6rutom\tPP\tPP\nutrikesutskottet\tutrikesutskott\tNN\tNN.NEU.SIN.DEF.NOM\nskall\tska\tVB\tVB.PRS.AKT\nvad\tvad\tHP\tHP.NEU.SIN.IND\ndenna\tdenna\tDT\tDT.UTR.SIN.DEF\nkammare\tkammare\tNN\tNN.UTR.SIN.IND.NOM\nbetr\u00e4ffar\tbetr\u00e4ffa\tVB\tVB.PRS.AKT\nbest\u00e4mmas\tbest\u00e4mma\tVB\tVB.INF.SFO\ntill\ttill\tPP\tPP\n:\t:\tMID\tMID\nf\u00f6r\tf\u00f6r\tPP\tPP\nkonstitutionsutskottet\tkonstitutionsutskott\tNN\tNN.NEU.SIN.DEF.NOM\n12\t12\tRG\tRG.NOM\n,\t,\tMID\tMID\nf\u00f6r\tf\u00f6r\tPP\tPP\nstatsutskottet\tstatsutskott\tNN\tNN.NEU.SIN.DEF.NOM\n26\t26\tRG\tRG.NOM\n,\t,\tMID\tMID\nf\u00f6r\tf\u00f6r\tPP\tPP\nbevillningsutskottet\tbevillningsutskott\tNN\tNN.NEU.SIN.DEF.NOM\n14\t14\tRG\tRG.NOM\n,\t,\tMID\tMID\nf\u00f6r\tf\u00f6r\tPP\tPP\nbankoutskottet\tbankoutskott\tNN\tNN.NEU.SIN.DEF.NOM\n11\t11\tRG\tRG.NOM\n,\t,\tMID\tMID\nf\u00f6r\tf\u00f6r\tPP\tPP\nf\u00f6rsta\tf\u00f6rsta\tRO\tRO.NOM\nlagutskottet\tlagutskott\tNN\tNN.NEU.SIN.DEF.NOM\n12\t12\tRG\tRG.NOM\n,\t,\tMID\tMID\nf\u00f6r\tf\u00f6r\tPP\tPP\nandra\tandra\tRO\tRO.NOM\nlagutskottet\tlagutskott\tNN\tNN.NEU.SIN.DEF.NOM\n13\t13\tRG\tRG.NOM\n,\t,\tMID\tMID\nf\u00f6r\tf\u00f6r\tPP\tPP\ntredje\ttredje\tRO\tRO.NOM\nlagutskottet\tlagutskott\tNN\tNN.NEU.SIN.DEF.NOM\n12\t12\tRG\tRG.NOM\n,\t,\tMID\tMID\nf\u00f6r\tf\u00f6r\tPP\tPP\njordbruksutskottet\tjordbruksutskott\tNN\tNN.NEU.SIN.DEF.NOM\n13\t13\tRG\tRG.NOM\nsamt\tsamt\tKN\tKN\nf\u00f6r\tf\u00f6r\tPP\tPP\nallm\u00e4nna\tallm\u00e4n\tJJ\tJJ.POS.UTR+NEU.SIN.DEF.NOM\nberedningsutskottet\tberedningsutskott\tNN\tNN.NEU.SIN.DEF.NOM\n16\t16\tRG\tRG.NOM\n.\t.\tMAD\tMAD","page_number":8,"speaker_note_id":"i-578a2THJjaxvaAMZW6qt9P","num_tokens":72,"num_words":72},{"u_id":"i-UtrYML3CZ4xq421FBvjwrh","who":"unknown","prev_id":null,"next_id":null,"paragraphs":["Herr talman ! F\u00f6r de \u00e5terst\u00e5ende val som skall f\u00f6rr\u00e4ttas vid detta plenum ber jag att f\u00e5 avl\u00e4mna gemensamma listor , en f\u00f6r varje val . Listorna har godk\u00e4nts av de av kammaren valda ledam\u00f6terna i talmanskonferensen , och varje lista upptar namn p\u00e5 s\u00e5 m\u00e5nga personer som det ifr\u00e5gavarande valet avser ."],"annotation":"token\tlemma\tpos\txpos\nHerr\therr\tNN\tNN.UTR.SIN.IND.NOM\ntalman\ttalman\tNN\tNN.UTR.SIN.IND.NOM\n!\t!\tMID\tMID\nF\u00f6r\tf\u00f6r\tPP\tPP\nde\tden\tDT\tDT.UTR+NEU.PLU.DEF\n\u00e5terst\u00e5ende\t\u00e5terst\u00e5ende\tPC\tPC.PRS.UTR+NEU.SIN+PLU.IND+DEF.NOM\nval\tval\tNN\tNN.NEU.PLU.IND.NOM\nsom\tsom\tHP\tHP.-.-.-\nskall\tska\tVB\tVB.PRS.AKT\nf\u00f6rr\u00e4ttas\tf\u00f6rr\u00e4tta\tVB\tVB.INF.SFO\nvid\tvid\tPP\tPP\ndetta\tdenna\tDT\tDT.NEU.SIN.DEF\nplenum\tplenum\tNN\tNN.NEU.SIN.IND.NOM\nber\tbe\tVB\tVB.PRS.AKT\njag\tjag\tPN\tPN.UTR.SIN.DEF.SUB\natt\tatt\tIE\tIE\nf\u00e5\tf\u00e5\tVB\tVB.INF.AKT\navl\u00e4mna\tavl\u00e4mna\tVB\tVB.INF.AKT\ngemensamma\tgemensam\tJJ\tJJ.POS.UTR+NEU.PLU.IND+DEF.NOM\nlistor\tlista\tNN\tNN.UTR.PLU.IND.NOM\n,\t,\tMID\tMID\nen\ten\tPN\tPN.UTR.SIN.IND.SUB+OBJ\nf\u00f6r\tf\u00f6r\tPP\tPP\nvarje\tvarje\tDT\tDT.UTR+NEU.SIN.IND\nval\tval\tNN\tNN.NEU.SIN.IND.NOM\n.\t.\tMAD\tMAD\nListorna\tlista\tNN\tNN.UTR.PLU.DEF.NOM\nhar\tha\tVB\tVB.PRS.AKT\ngodk\u00e4nts\tgodk\u00e4nna\tVB\tVB.SUP.SFO\nav\tav\tPP\tPP\nde\tden\tDT\tDT.UTR+NEU.PLU.DEF\nav\tav\tPP\tPP\nkammaren\tkammare\tNN\tNN.UTR.SIN.DEF.NOM\nvalda\tvald\tPC\tPC.PRF.UTR+NEU.PLU.IND+DEF.NOM\nledam\u00f6terna\tledamot\tNN\tNN.UTR.PLU.DEF.NOM\ni\ti\tPP\tPP\ntalmanskonferensen\ttalmanskonferens\tNN\tNN.UTR.SIN.DEF.NOM\n,\t,\tMID\tMID\noch\toch\tKN\tKN\nvarje\tvarje\tDT\tDT.UTR+NEU.SIN.IND\nlista\tlista\tNN\tNN.UTR.SIN.IND.NOM\nupptar\tuppta\tVB\tVB.PRS.AKT\nnamn\tnamn\tNN\tNN.NEU.SIN.IND.NOM\np\u00e5\tp\u00e5\tPP\tPP\ns\u00e5\ts\u00e5\tAB\tAB\nm\u00e5nga\tm\u00e5ngen\tJJ\tJJ.POS.UTR+NEU.PLU.IND+DEF.NOM\npersoner\tperson\tNN\tNN.UTR.PLU.IND.NOM\nsom\tsom\tHP\tHP.-.-.-\ndet\tden\tDT\tDT.NEU.SIN.DEF\nifr\u00e5gavarande\tifr\u00e5gavarande\tPC\tPC.PRS.UTR+NEU.SIN+PLU.IND+DEF.NOM\nvalet\tval\tNN\tNN.NEU.SIN.DEF.NOM\navser\tavse\tVB\tVB.PRS.AKT\n.\t.\tMAD\tMAD","page_number":8,"speaker_note_id":"i-KAdQxff76TWwUqJEMf91nz","num_tokens":53,"num_words":53},{"u_id":"i-c86a27dab9dc7056-12","who":"Q5967746","prev_id":null,"next_id":"i-UJVBpQPCSTqsqZpaUabtsp","paragraphs":["Herr talman ! Under de nitton dagarna mellan den 22 december 1960 och den 9 januari 1961 , d\u00e5 hastigheten p\u00e5 v\u00e5ra v\u00e4gar var generellt maximerad till 80 km i timmen , omkom 23 m\u00e4nniskor i trafikolyckor . Motsvarande tid f\u00f6r ett \u00e5r sedan var antalet d\u00f6dsoffer i trafiken 54 .","En markerad minskning av de allvarliga trafikolyckorna har allts\u00e5 skett under den period , d\u00e5 vi hade allm\u00e4n hastighetsbegr\u00e4nsning . Att denna kan tillskrivas en del av f\u00f6rtj\u00e4nsten av nedg\u00e5ngen i olyckornas antal synes sannolikt . \u00c4ven andra faktorer m\u00e5ste dock h\u00e4rvid tillm\u00e4tas betydelse . Den starkt intensifierade trafiks\u00e4kerhetspropagandan och f\u00f6rb\u00e4ttringen i v\u00e4derleksrapporteringen i radio och TV under h\u00f6sten och under hastighetsbegr\u00e4nsningstiden har s\u00e4kerligen spelat stor roll .","En annan betydelsefull faktor \u00e4r den sk\u00e4rpta polisi\u00e4ra \u00f6vervakningen i samband med hastighetskontrollerna . Det \u00e4r troligt , att \u00f6kad polisbevakning av v\u00e4garna \u00e4ven utan hastighetsbegr\u00e4nsning skulle ha stor effekt .","Av avg\u00f6rande betydelse \u00e4r naturligtvis ocks\u00e5 de mera \u00bb konstanta \u00bb faktorerna trafikintensiteten och v\u00e4derleksf\u00f6rh\u00e5llandena . Som bekant anv\u00e4nder regelm\u00e4ssigt m\u00e5nga bilister t\u00e5g eller flyg p\u00e5 vintern i st\u00e4llet f\u00f6r bilen . Det \u00e4r m\u00f6jligt , att denna grupp under hastighetsbegr\u00e4nsningsperioden p\u00e5 grund av"],"annotation":"token\tlemma\tpos\txpos\nHerr\therr\tNN\tNN.UTR.SIN.IND.NOM\ntalman\ttalman\tNN\tNN.UTR.SIN.IND.NOM\n!\t!\tMID\tMID\nUnder\tunder\tPP\tPP\nde\tden\tDT\tDT.UTR+NEU.PLU.DEF\nnitton\tnitton\tRG\tRG.NOM\ndagarna\tdag\tNN\tNN.UTR.PLU.DEF.NOM\nmellan\tmellan\tPP\tPP\nden\tden\tDT\tDT.UTR.SIN.DEF\n22\t22\tRG\tRG.NOM\ndecember\tdecember\tNN\tNN.UTR.SIN.IND.NOM\n1960\t1960\tRG\tRG.NOM\noch\toch\tKN\tKN\nden\tden\tDT\tDT.UTR.SIN.DEF\n9\t9:e\tRO\tRO.NOM\njanuari\tjanuari\tNN\tNN.UTR.SIN.IND.NOM\n1961\t1961\tRG\tRG.NOM\n,\t,\tMID\tMID\nd\u00e5\td\u00e5\tHA\tHA\nhastigheten\thastighet\tNN\tNN.UTR.SIN.DEF.NOM\np\u00e5\tp\u00e5\tPP\tPP\nv\u00e5ra\tv\u00e5r\tPS\tPS.UTR+NEU.PLU.DEF\nv\u00e4gar\tv\u00e4g\tNN\tNN.UTR.PLU.IND.NOM\nvar\tvara\tVB\tVB.PRT.AKT\ngenerellt\tgenerellt\tAB\tAB.POS\nmaximerad\tmaximerad\tPC\tPC.PRF.UTR.SIN.IND.NOM\ntill\ttill\tPP\tPP\n80\t80\tRG\tRG.NOM\nkm\tkm\tNN\tNN.AN\ni\ti\tPP\tPP\ntimmen\ttimme\tNN\tNN.UTR.SIN.DEF.NOM\n,\t,\tMID\tMID\nomkom\tomkomma\tVB\tVB.PRT.AKT\n23\t23\tRG\tRG.NOM\nm\u00e4nniskor\tm\u00e4nniska\tNN\tNN.UTR.PLU.IND.NOM\ni\ti\tPP\tPP\ntrafikolyckor\ttrafikolycka\tNN\tNN.UTR.PLU.IND.NOM\n.\t.\tMAD\tMAD\nMotsvarande\tmotsvarande\tPC\tPC.PRS.UTR+NEU.SIN+PLU.IND+DEF.NOM\ntid\ttid\tNN\tNN.UTR.SIN.IND.NOM\nf\u00f6r\tf\u00f6r\tPP\tPP\nett\ten\tDT\tDT.NEU.SIN.IND\n\u00e5r\t\u00e5r\tNN\tNN.NEU.SIN.IND.NOM\nsedan\tsedan\tAB\tAB\nvar\tvara\tVB\tVB.PRT.AKT\nantalet\tantal\tNN\tNN.NEU.SIN.DEF.NOM\nd\u00f6dsoffer\td\u00f6dsoffer\tNN\tNN.NEU.PLU.IND.NOM\ni\ti\tPP\tPP\ntrafiken\ttrafik\tNN\tNN.UTR.SIN.DEF.NOM\n54\t54\tRG\tRG.NOM\n.\t.\tMAD\tMAD\nEn\ten\tDT\tDT.UTR.SIN.IND\nmarkerad\tmarkerad\tPC\tPC.PRF.UTR.SIN.IND.NOM\nminskning\tminskning\tNN\tNN.UTR.SIN.IND.NOM\nav\tav\tPP\tPP\nde\tden\tDT\tDT.UTR+NEU.PLU.DEF\nallvarliga\tallvarlig\tJJ\tJJ.POS.UTR+NEU.PLU.IND+DEF.NOM\ntrafikolyckorna\ttrafikolycka\tNN\tNN.UTR.PLU.DEF.NOM\nhar\tha\tVB\tVB.PRS.AKT\nallts\u00e5\tallts\u00e5\tAB\tAB\nskett\tske\tVB\tVB.SUP.AKT\nunder\tunder\tPP\tPP\nden\tden\tDT\tDT.UTR.SIN.DEF\nperiod\tperiod\tNN\tNN.UTR.SIN.IND.NOM\n,\t,\tMID\tMID\nd\u00e5\td\u00e5\tHA\tHA\nvi\tvi\tPN\tPN.UTR.PLU.DEF.SUB\nhade\tha\tVB\tVB.PRT.AKT\nallm\u00e4n\tallm\u00e4n\tJJ\tJJ.POS.UTR.SIN.IND.NOM\nhastighetsbegr\u00e4nsning\thastighetsbegr\u00e4nsning\tNN\tNN.UTR.SIN.IND.NOM\n.\t.\tMAD\tMAD\nAtt\tatt\tSN\tSN\ndenna\tdenna\tPN\tPN.UTR.SIN.DEF.SUB+OBJ\nkan\tkunna\tVB\tVB.PRS.AKT\ntillskrivas\ttillskriva\tVB\tVB.INF.SFO\nen\ten\tDT\tDT.UTR.SIN.IND\ndel\tdel\tNN\tNN.UTR.SIN.IND.NOM\nav\tav\tPP\tPP\nf\u00f6rtj\u00e4nsten\tf\u00f6rtj\u00e4nst\tNN\tNN.UTR.SIN.DEF.NOM\nav\tav\tPP\tPP\nnedg\u00e5ngen\tnedg\u00e5ng\tNN\tNN.UTR.SIN.DEF.NOM\ni\ti\tPP\tPP\nolyckornas\tolycka\tNN\tNN.UTR.PLU.DEF.GEN\nantal\tantal\tNN\tNN.NEU.SIN.IND.NOM\nsynes\tsynas\tVB\tVB.PRS.SFO\nsannolikt\tsannolikt\tAB\tAB.POS\n.\t.\tMAD\tMAD\n\u00c4ven\t\u00e4ven\tAB\tAB\nandra\tannan\tJJ\tJJ.POS.UTR+NEU.PLU.IND+DEF.NOM\nfaktorer\tfaktor\tNN\tNN.UTR.PLU.IND.NOM\nm\u00e5ste\tm\u00e5ste\tVB\tVB.PRS.AKT\ndock\tdock\tAB\tAB\nh\u00e4rvid\th\u00e4rvid\tAB\tAB\ntillm\u00e4tas\ttillm\u00e4ta\tVB\tVB.INF.SFO\nbetydelse\tbetydelse\tNN\tNN.UTR.SIN.IND.NOM\n.\t.\tMAD\tMAD\nDen\tden\tDT\tDT.UTR.SIN.DEF\nstarkt\tstarkt\tAB\tAB.POS\nintensifierade\tintensifiera\tPC\tPC.PRF.UTR+NEU.SIN.DEF.NOM\ntrafiks\u00e4kerhetspropagandan\ttrafiks\u00e4kerhetspropaganda\tNN\tNN.UTR.SIN.DEF.NOM\noch\toch\tKN\tKN\nf\u00f6rb\u00e4ttringen\tf\u00f6rb\u00e4ttring\tNN\tNN.UTR.SIN.DEF.NOM\ni\ti\tPP\tPP\nv\u00e4derleksrapporteringen\tv\u00e4derleksrapportering\tNN\tNN.UTR.SIN.DEF.NOM\ni\ti\tPP\tPP\nradio\tradio\tNN\tNN.UTR.SIN.IND.NOM\noch\toch\tKN\tKN\nTV\tTV\tNN\tNN.UTR.SIN.IND.NOM\nunder\tunder\tPP\tPP\nh\u00f6sten\th\u00f6st\tNN\tNN.UTR.SIN.DEF.NOM\noch\toch\tKN\tKN\nunder\tunder\tPP\tPP\nhastighetsbegr\u00e4nsningstiden\thastighetsbegr\u00e4nsningstid\tNN\tNN.UTR.SIN.DEF.NOM\nhar\tha\tVB\tVB.PRS.AKT\ns\u00e4kerligen\ts\u00e4kerligen\tAB\tAB\nspelat\tspela\tVB\tVB.SUP.AKT\nstor\tstor\tJJ\tJJ.POS.UTR.SIN.IND.NOM\nroll\troll\tNN\tNN.UTR.SIN.IND.NOM\n.\t.\tMAD\tMAD\nEn\ten\tDT\tDT.UTR.SIN.IND\nannan\tannan\tJJ\tJJ.POS.UTR.SIN.IND.NOM\nbetydelsefull\tbetydelsefull\tJJ\tJJ.POS.UTR.SIN.IND.NOM\nfaktor\tfaktor\tNN\tNN.UTR.SIN.IND.NOM\n\u00e4r\tvara\tVB\tVB.PRS.AKT\nden\tden\tDT\tDT.UTR.SIN.DEF\nsk\u00e4rpta\tsk\u00e4rpt\tPC\tPC.PRF.UTR+NEU.SIN.DEF.NOM\npolisi\u00e4ra\tpolisi\u00e4r\tJJ\tJJ.POS.UTR+NEU.SIN.DEF.NOM\n\u00f6vervakningen\t\u00f6vervakning\tNN\tNN.UTR.SIN.DEF.NOM\ni\ti\tPP\tPP\nsamband\tsamband\tNN\tNN.NEU.SIN.IND.NOM\nmed\tmed\tPP\tPP\nhastighetskontrollerna\thastighetskontroll\tNN\tNN.UTR.PLU.DEF.NOM\n.\t.\tMID\tMID\nDet\tdet\tPN\tPN.NEU.SIN.DEF.SUB+OBJ\n\u00e4r\tvara\tVB\tVB.PRS.AKT\ntroligt\ttrolig\tJJ\tJJ.POS.NEU.SIN.IND.NOM\n,\t,\tMID\tMID\natt\tatt\tSN\tSN\n\u00f6kad\t\u00f6kad\tPC\tPC.PRF.UTR.SIN.IND.NOM\npolisbevakning\tpolisbevakning\tNN\tNN.UTR.SIN.IND.NOM\nav\tav\tPP\tPP\nv\u00e4garna\tv\u00e4g\tNN\tNN.UTR.PLU.DEF.NOM\n\u00e4ven\t\u00e4ven\tAB\tAB\nutan\tutan\tPP\tPP\nhastighetsbegr\u00e4nsning\thastighetsbegr\u00e4nsning\tNN\tNN.UTR.SIN.IND.NOM\nskulle\tska\tVB\tVB.PRT.AKT\nha\tha\tVB\tVB.INF.AKT\nstor\tstor\tJJ\tJJ.POS.UTR.SIN.IND.NOM\neffekt\teffekt\tNN\tNN.UTR.SIN.IND.NOM\n.\t.\tMAD\tMAD\nAv\tav\tPP\tPP\navg\u00f6rande\tavg\u00f6rande\tPC\tPC.PRS.UTR+NEU.SIN+PLU.IND+DEF.NOM\nbetydelse\tbetydelse\tNN\tNN.UTR.SIN.IND.NOM\n\u00e4r\tvara\tVB\tVB.PRS.AKT\nnaturligtvis\tnaturligtvis\tAB\tAB\nocks\u00e5\tocks\u00e5\tAB\tAB\nde\tden\tDT\tDT.UTR+NEU.PLU.DEF\nmera\tmycket\tAB\tAB.KOM\n\u00bb\t\u00bb\tNN\tNN.AN\nkonstanta\tkonstant\tJJ\tJJ.POS.UTR+NEU.PLU.IND+DEF.NOM\n\u00bb\t\u00bb\tMID\tMID\nfaktorerna\tfaktor\tNN\tNN.UTR.PLU.DEF.NOM\ntrafikintensiteten\ttrafikintensitet\tNN\tNN.UTR.SIN.DEF.NOM\noch\toch\tKN\tKN\nv\u00e4derleksf\u00f6rh\u00e5llandena\tv\u00e4derleksf\u00f6rh\u00e5llande\tNN\tNN.NEU.PLU.DEF.NOM\n.\t.\tMAD\tMAD\nSom\tsom\tKN\tKN\nbekant\tbekant\tAB\tAB.POS\nanv\u00e4nder\tanv\u00e4nda\tVB\tVB.PRS.AKT\nregelm\u00e4ssigt\tregelm\u00e4ssigt\tAB\tAB.POS\nm\u00e5nga\tm\u00e5ngen\tJJ\tJJ.POS.UTR+NEU.PLU.IND+DEF.NOM\nbilister\tbilist\tNN\tNN.UTR.PLU.IND.NOM\nt\u00e5g\tt\u00e5g\tNN\tNN.NEU.SIN.IND.NOM\neller\teller\tKN\tKN\nflyg\tflyg\tNN\tNN.NEU.SIN.IND.NOM\np\u00e5\tp\u00e5\tPP\tPP\nvintern\tvinter\tNN\tNN.UTR.SIN.DEF.NOM\ni\ti\tPP\tPP\nst\u00e4llet\tst\u00e4lle\tNN\tNN.NEU.SIN.DEF.NOM\nf\u00f6r\tf\u00f6r\tPP\tPP\nbilen\tbil\tNN\tNN.UTR.SIN.DEF.NOM\n.\t.\tMID\tMID\nDet\tdet\tPN\tPN.NEU.SIN.DEF.SUB+OBJ\n\u00e4r\tvara\tVB\tVB.PRS.AKT\nm\u00f6jligt\tm\u00f6jlig\tJJ\tJJ.POS.NEU.SIN.IND.NOM\n,\t,\tMID\tMID\natt\tatt\tSN\tSN\ndenna\tdenna\tDT\tDT.UTR.SIN.DEF\ngrupp\tgrupp\tNN\tNN.UTR.SIN.IND.NOM\nunder\tunder\tPP\tPP\nhastighetsbegr\u00e4nsningsperioden\thastighetsbegr\u00e4nsningsperiod\tNN\tNN.UTR.SIN.DEF.NOM\np\u00e5\tp\u00e5\tPP\tPP\ngrund\tgrund\tNN\tNN.UTR.SIN.IND.NOM\nav\tav\tPP\tPP","page_number":9,"speaker_note_id":"i-CUaM61qaDqoxx1EnFsYWBh","num_tokens":194,"num_words":194},{"u_id":"i-c86a27dab9dc7056-13","who":"Q5967746","prev_id":"i-c86a27dab9dc7056-12","next_id":null,"paragraphs":["v\u00e4derleksf\u00f6rh\u00e5llandena var st\u00f6rre \u00e4n vanligt .","P\u00e5 grund av sv\u00e5righeterna att bed\u00f6ma utfallet av hastighetsbegr\u00e4nsningen och f\u00f6r att undvika att f\u00f6rhastade och mindre v\u00e4l underbyggda omd\u00f6men vinner terr\u00e4ng skulle det vara \u00f6nskv\u00e4rt , om kommunikationsministern s\u00e5 snart som m\u00f6jligt l\u00e4mnade en redog\u00f6relse f\u00f6r kammaren f\u00f6r vilka erfarenheter som vunnits av hastighetsbegr\u00e4nsningen . En grundlig inventering av de vunna erfarenheterna , varvid det b\u00f6r vara s\u00e4rskilt angel\u00e4get att s\u00e5 l\u00e5ngt m\u00f6jligt f\u00e5 klargjort de faktorer som vid sidan av hastighetsbegr\u00e4nsningen kan ha i v\u00e4sentlig m\u00e5n p\u00e5verkat trafiks\u00e4kerheten i gynnsam riktning under denna tid , b\u00f6r naturligen ligga till grund f\u00f6r utformningen av kommande f\u00f6rs\u00f6k med tempor\u00e4r hastighetsbegr\u00e4nsning .","Jag anh\u00e5ller d\u00e4rf\u00f6r om f\u00f6rsta kammarens tillst\u00e5nd att till statsr\u00e5det och chefen f\u00f6r kommunikationsdepartementet f\u00e5 rikta f\u00f6ljande fr\u00e5ga :"],"annotation":"token\tlemma\tpos\txpos\nv\u00e4derleksf\u00f6rh\u00e5llandena\tv\u00e4derleksf\u00f6rh\u00e5llande\tNN\tNN.NEU.PLU.DEF.NOM\nvar\tvara\tVB\tVB.PRT.AKT\nst\u00f6rre\tstor\tJJ\tJJ.KOM.UTR+NEU.SIN+PLU.IND+DEF.NOM\n\u00e4n\t\u00e4n\tKN\tKN\nvanligt\tvanlig\tJJ\tJJ.POS.NEU.SIN.IND.NOM\n.\t.\tMAD\tMAD\nP\u00e5\tp\u00e5\tPP\tPP\ngrund\tgrund\tNN\tNN.UTR.SIN.IND.NOM\nav\tav\tPP\tPP\nsv\u00e5righeterna\tsv\u00e5righet\tNN\tNN.UTR.PLU.DEF.NOM\natt\tatt\tIE\tIE\nbed\u00f6ma\tbed\u00f6ma\tVB\tVB.INF.AKT\nutfallet\tutfall\tNN\tNN.NEU.SIN.DEF.NOM\nav\tav\tPP\tPP\nhastighetsbegr\u00e4nsningen\thastighetsbegr\u00e4nsning\tNN\tNN.UTR.SIN.DEF.NOM\noch\toch\tKN\tKN\nf\u00f6r\tf\u00f6r\tPP\tPP\natt\tatt\tIE\tIE\nundvika\tundvika\tVB\tVB.INF.AKT\natt\tatt\tSN\tSN\nf\u00f6rhastade\tf\u00f6rhastad\tPC\tPC.PRF.UTR+NEU.PLU.IND+DEF.NOM\noch\toch\tKN\tKN\nmindre\tlitet\tAB\tAB.KOM\nv\u00e4l\tv\u00e4l\tAB\tAB.POS\nunderbyggda\tunderbyggd\tPC\tPC.PRF.UTR+NEU.PLU.IND+DEF.NOM\nomd\u00f6men\tomd\u00f6me\tNN\tNN.NEU.PLU.IND.NOM\nvinner\tvinna\tVB\tVB.PRS.AKT\nterr\u00e4ng\tterr\u00e4ng\tNN\tNN.UTR.SIN.IND.NOM\nskulle\tska\tVB\tVB.PRT.AKT\ndet\tdet\tPN\tPN.NEU.SIN.DEF.SUB+OBJ\nvara\tvara\tVB\tVB.INF.AKT\n\u00f6nskv\u00e4rt\t\u00f6nskv\u00e4rd\tJJ\tJJ.POS.NEU.SIN.IND.NOM\n,\t,\tMID\tMID\nom\tom\tSN\tSN\nkommunikationsministern\tkommunikationsminister\tNN\tNN.UTR.SIN.DEF.NOM\ns\u00e5\ts\u00e5\tAB\tAB\nsnart\tsnart\tAB\tAB.POS\nsom\tsom\tKN\tKN\nm\u00f6jligt\tm\u00f6jlig\tJJ\tJJ.POS.NEU.SIN.IND.NOM\nl\u00e4mnade\tl\u00e4mna\tVB\tVB.PRT.AKT\nen\ten\tDT\tDT.UTR.SIN.IND\nredog\u00f6relse\tredog\u00f6relse\tNN\tNN.UTR.SIN.IND.NOM\nf\u00f6r\tf\u00f6r\tPP\tPP\nkammaren\tkammare\tNN\tNN.UTR.SIN.DEF.NOM\nf\u00f6r\tf\u00f6r\tPP\tPP\nvilka\tvilken\tHD\tHD.UTR+NEU.PLU.IND\nerfarenheter\terfarenhet\tNN\tNN.UTR.PLU.IND.NOM\nsom\tsom\tHP\tHP.-.-.-\nvunnits\tvinna\tVB\tVB.SUP.SFO\nav\tav\tPP\tPP\nhastighetsbegr\u00e4nsningen\thastighetsbegr\u00e4nsning\tNN\tNN.UTR.SIN.DEF.NOM\n.\t.\tMAD\tMAD\nEn\ten\tDT\tDT.UTR.SIN.IND\ngrundlig\tgrundlig\tJJ\tJJ.POS.UTR.SIN.IND.NOM\ninventering\tinventering\tNN\tNN.UTR.SIN.IND.NOM\nav\tav\tPP\tPP\nde\tden\tDT\tDT.UTR+NEU.PLU.DEF\nvunna\tvunnen\tPC\tPC.PRF.UTR+NEU.PLU.IND+DEF.NOM\nerfarenheterna\terfarenhet\tNN\tNN.UTR.PLU.DEF.NOM\n,\t,\tMID\tMID\nvarvid\tvarvid\tHA\tHA\ndet\tdet\tPN\tPN.NEU.SIN.DEF.SUB+OBJ\nb\u00f6r\tb\u00f6ra\tVB\tVB.PRS.AKT\nvara\tvara\tVB\tVB.INF.AKT\ns\u00e4rskilt\ts\u00e4rskilt\tAB\tAB\nangel\u00e4get\tangel\u00e4gen\tJJ\tJJ.POS.NEU.SIN.IND.NOM\natt\tatt\tIE\tIE\ns\u00e5\ts\u00e5\tAB\tAB\nl\u00e5ngt\tl\u00e5ngt\tAB\tAB.POS\nm\u00f6jligt\tm\u00f6jlig\tJJ\tJJ.POS.NEU.SIN.IND.NOM\nf\u00e5\tf\u00e5\tVB\tVB.INF.AKT\nklargjort\tklarg\u00f6ra\tVB\tVB.SUP.AKT\nde\tden\tDT\tDT.UTR+NEU.PLU.DEF\nfaktorer\tfaktor\tNN\tNN.UTR.PLU.IND.NOM\nsom\tsom\tHP\tHP.-.-.-\nvid\tvid\tPP\tPP\nsidan\tsida\tNN\tNN.UTR.SIN.DEF.NOM\nav\tav\tPP\tPP\nhastighetsbegr\u00e4nsningen\thastighetsbegr\u00e4nsning\tNN\tNN.UTR.SIN.DEF.NOM\nkan\tkunna\tVB\tVB.PRS.AKT\nha\tha\tVB\tVB.INF.AKT\ni\ti\tPP\tPP\nv\u00e4sentlig\tv\u00e4sentlig\tJJ\tJJ.POS.UTR.SIN.IND.NOM\nm\u00e5n\tm\u00e5n\tNN\tNN.UTR.SIN.IND.NOM\np\u00e5verkat\tp\u00e5verka\tVB\tVB.SUP.AKT\ntrafiks\u00e4kerheten\ttrafiks\u00e4kerhet\tNN\tNN.UTR.SIN.DEF.NOM\ni\ti\tPP\tPP\ngynnsam\tgynnsam\tJJ\tJJ.POS.UTR.SIN.IND.NOM\nriktning\triktning\tNN\tNN.UTR.SIN.IND.NOM\nunder\tunder\tPP\tPP\ndenna\tdenna\tDT\tDT.UTR.SIN.DEF\ntid\ttid\tNN\tNN.UTR.SIN.IND.NOM\n,\t,\tMID\tMID\nb\u00f6r\tb\u00f6ra\tVB\tVB.PRS.AKT\nnaturligen\tnaturligen\tAB\tAB\nligga\tligga\tVB\tVB.INF.AKT\ntill\ttill\tPP\tPP\ngrund\tgrund\tNN\tNN.UTR.SIN.IND.NOM\nf\u00f6r\tf\u00f6r\tPP\tPP\nutformningen\tutformning\tNN\tNN.UTR.SIN.DEF.NOM\nav\tav\tPP\tPP\nkommande\tkommande\tPC\tPC.PRS.UTR+NEU.SIN+PLU.IND+DEF.NOM\nf\u00f6rs\u00f6k\tf\u00f6rs\u00f6k\tNN\tNN.NEU.PLU.IND.NOM\nmed\tmed\tPP\tPP\ntempor\u00e4r\ttempor\u00e4r\tJJ\tJJ.POS.UTR.SIN.IND.NOM\nhastighetsbegr\u00e4nsning\thastighetsbegr\u00e4nsning\tNN\tNN.UTR.SIN.IND.NOM\n.\t.\tMAD\tMAD\nJag\tjag\tPN\tPN.UTR.SIN.DEF.SUB\nanh\u00e5ller\tanh\u00e5lla\tVB\tVB.PRS.AKT\nd\u00e4rf\u00f6r\td\u00e4rf\u00f6r\tAB\tAB\nom\tom\tPP\tPP\nf\u00f6rsta\tf\u00f6rsta\tRO\tRO.NOM\nkammarens\tkammare\tNN\tNN.UTR.SIN.DEF.GEN\ntillst\u00e5nd\ttillst\u00e5nd\tNN\tNN.NEU.SIN.IND.NOM\natt\tatt\tIE\tIE\ntill\ttill\tPP\tPP\nstatsr\u00e5det\tstatsr\u00e5d\tNN\tNN.NEU.SIN.DEF.NOM\noch\toch\tKN\tKN\nchefen\tchef\tNN\tNN.UTR.SIN.DEF.NOM\nf\u00f6r\tf\u00f6r\tPP\tPP\nkommunikationsdepartementet\tkommunikationsdepartement\tNN\tNN.NEU.SIN.DEF.NOM\nf\u00e5\tf\u00e5\tVB\tVB.INF.AKT\nrikta\trikta\tVB\tVB.INF.AKT\nf\u00f6ljande\tf\u00f6ljande\tPC\tPC.PRS.UTR+NEU.SIN+PLU.IND+DEF.NOM\nfr\u00e5ga\tfr\u00e5ga\tNN\tNN.UTR.SIN.IND.NOM\n:\t:\tMAD\tMAD","page_number":10,"speaker_note_id":"i-CUaM61qaDqoxx1EnFsYWBh","num_tokens":126,"num_words":126},{"u_id":"i-UJVBpQPCSTqsqZpaUabtsp","who":"Q5967746","prev_id":"i-c86a27dab9dc7056-12","next_id":null,"paragraphs":["Vill herr statsr\u00e5det inf\u00f6r kammaren l\u00e4mna en redog\u00f6relse f\u00f6r de erfarenheter som vunnits av den fr. o. m . den 22 december 1960 t. o. m . den 9 januari 1961 till\u00e4mpade generella hastighetsbegr\u00e4nsningen f\u00f6r v\u00e4gtrafiken , samt hur herr statsr\u00e5det bed\u00f6mer dessa erfarenheter f\u00f6r kommande f\u00f6rs\u00f6k med tidsbegr\u00e4nsad hastighetsbegr\u00e4nsning ?"],"annotation":"token\tlemma\tpos\txpos\nVill\tvilja\tVB\tVB.PRS.AKT\nherr\therr\tNN\tNN.UTR.SIN.IND.NOM\nstatsr\u00e5det\tstatsr\u00e5d\tNN\tNN.NEU.SIN.DEF.NOM\ninf\u00f6r\tinf\u00f6r\tPP\tPP\nkammaren\tkammare\tNN\tNN.UTR.SIN.DEF.NOM\nl\u00e4mna\tl\u00e4mna\tVB\tVB.INF.AKT\nen\ten\tDT\tDT.UTR.SIN.IND\nredog\u00f6relse\tredog\u00f6relse\tNN\tNN.UTR.SIN.IND.NOM\nf\u00f6r\tf\u00f6r\tPP\tPP\nde\tden\tDT\tDT.UTR+NEU.PLU.DEF\nerfarenheter\terfarenhet\tNN\tNN.UTR.PLU.IND.NOM\nsom\tsom\tHP\tHP.-.-.-\nvunnits\tvinna\tVB\tVB.SUP.SFO\nav\tav\tPP\tPP\nden\tden\tDT\tDT.UTR.SIN.DEF\nfr.\tfr\tNN\tNN.AN\no.\to\tNN\tNN.AN\nm\tm\tNN\tNN.AN\n.\t.\tMAD\tMAD\nden\tden\tDT\tDT.UTR.SIN.DEF\n22\t22\tRG\tRG.NOM\ndecember\tdecember\tNN\tNN.UTR.SIN.IND.NOM\n1960\t1960\tRG\tRG.NOM\nt.\tt\tNN\tNN.AN\no.\to\tNN\tNN.AN\nm\tm\tNN\tNN.AN\n.\t.\tMAD\tMAD\nden\tden\tDT\tDT.UTR.SIN.DEF\n9\t9:e\tRO\tRO.NOM\njanuari\tjanuari\tNN\tNN.UTR.SIN.IND.NOM\n1961\t1961\tRG\tRG.NOM\ntill\u00e4mpade\ttill\u00e4mpa\tVB\tVB.PRT.AKT\ngenerella\tgenerell\tJJ\tJJ.POS.UTR+NEU.SIN.DEF.NOM\nhastighetsbegr\u00e4nsningen\thastighetsbegr\u00e4nsning\tNN\tNN.UTR.SIN.DEF.NOM\nf\u00f6r\tf\u00f6r\tPP\tPP\nv\u00e4gtrafiken\tv\u00e4gtrafik\tNN\tNN.UTR.SIN.DEF.NOM\n,\t,\tMID\tMID\nsamt\tsamt\tKN\tKN\nhur\thur\tHA\tHA\nherr\therr\tNN\tNN.UTR.SIN.IND.NOM\nstatsr\u00e5det\tstatsr\u00e5d\tNN\tNN.NEU.SIN.DEF.NOM\nbed\u00f6mer\tbed\u00f6ma\tVB\tVB.PRS.AKT\ndessa\tdenna\tDT\tDT.UTR+NEU.PLU.DEF\nerfarenheter\terfarenhet\tNN\tNN.UTR.PLU.IND.NOM\nf\u00f6r\tf\u00f6r\tPP\tPP\nkommande\tkommande\tPC\tPC.PRS.UTR+NEU.SIN+PLU.IND+DEF.NOM\nf\u00f6rs\u00f6k\tf\u00f6rs\u00f6k\tNN\tNN.NEU.PLU.IND.NOM\nmed\tmed\tPP\tPP\ntidsbegr\u00e4nsad\ttidsbegr\u00e4nsad\tPC\tPC.PRF.UTR.SIN.IND.NOM\nhastighetsbegr\u00e4nsning\thastighetsbegr\u00e4nsning\tNN\tNN.UTR.SIN.IND.NOM\n?\t?\tMAD\tMAD","page_number":10,"speaker_note_id":"i-CUaM61qaDqoxx1EnFsYWBh","num_tokens":51,"num_words":51},{"u_id":"i-c86a27dab9dc7056-17","who":"unknown","prev_id":null,"next_id":null,"paragraphs":["Herr talman ! F\u00f6r vart och ett av de val , som skall f\u00f6rr\u00e4ttas vid detta plenum , ber jag att f\u00e5 avl\u00e4mna gemensamma listor . Listorna har godk\u00e4nts av de av kammaren valda ledam\u00f6terna i talmanskonferensen , och varje lista upptar namn p\u00e5 s\u00e5 m\u00e5nga personer , som det ifr\u00e5gavarande valet avser ."],"annotation":"token\tlemma\tpos\txpos\nHerr\therr\tNN\tNN.UTR.SIN.IND.NOM\ntalman\ttalman\tNN\tNN.UTR.SIN.IND.NOM\n!\t!\tMID\tMID\nF\u00f6r\tf\u00f6r\tPP\tPP\nvart\tvart\tPN\tPN.NEU.SIN.IND.SUB+OBJ\noch\toch\tKN\tKN\nett\tett\tPN\tPN.NEU.SIN.IND.SUB+OBJ\nav\tav\tPP\tPP\nde\tden\tDT\tDT.UTR+NEU.PLU.DEF\nval\tval\tNN\tNN.NEU.PLU.IND.NOM\n,\t,\tMID\tMID\nsom\tsom\tHP\tHP.-.-.-\nskall\tska\tVB\tVB.PRS.AKT\nf\u00f6rr\u00e4ttas\tf\u00f6rr\u00e4tta\tVB\tVB.INF.SFO\nvid\tvid\tPP\tPP\ndetta\tdenna\tDT\tDT.NEU.SIN.DEF\nplenum\tplenum\tNN\tNN.NEU.SIN.IND.NOM\n,\t,\tMID\tMID\nber\tbe\tVB\tVB.PRS.AKT\njag\tjag\tPN\tPN.UTR.SIN.DEF.SUB\natt\tatt\tIE\tIE\nf\u00e5\tf\u00e5\tVB\tVB.INF.AKT\navl\u00e4mna\tavl\u00e4mna\tVB\tVB.INF.AKT\ngemensamma\tgemensam\tJJ\tJJ.POS.UTR+NEU.PLU.IND+DEF.NOM\nlistor\tlista\tNN\tNN.UTR.PLU.IND.NOM\n.\t.\tMAD\tMAD\nListorna\tlista\tNN\tNN.UTR.PLU.DEF.NOM\nhar\tha\tVB\tVB.PRS.AKT\ngodk\u00e4nts\tgodk\u00e4nna\tVB\tVB.SUP.SFO\nav\tav\tPP\tPP\nde\tden\tDT\tDT.UTR+NEU.PLU.DEF\nav\tav\tPP\tPP\nkammaren\tkammare\tNN\tNN.UTR.SIN.DEF.NOM\nvalda\tvald\tPC\tPC.PRF.UTR+NEU.PLU.IND+DEF.NOM\nledam\u00f6terna\tledamot\tNN\tNN.UTR.PLU.DEF.NOM\ni\ti\tPP\tPP\ntalmanskonferensen\ttalmanskonferens\tNN\tNN.UTR.SIN.DEF.NOM\n,\t,\tMID\tMID\noch\toch\tKN\tKN\nvarje\tvarje\tDT\tDT.UTR+NEU.SIN.IND\nlista\tlista\tNN\tNN.UTR.SIN.IND.NOM\nupptar\tuppta\tVB\tVB.PRS.AKT\nnamn\tnamn\tNN\tNN.NEU.SIN.IND.NOM\np\u00e5\tp\u00e5\tPP\tPP\ns\u00e5\ts\u00e5\tAB\tAB\nm\u00e5nga\tm\u00e5ngen\tJJ\tJJ.POS.UTR+NEU.PLU.IND+DEF.NOM\npersoner\tperson\tNN\tNN.UTR.PLU.IND.NOM\n,\t,\tMID\tMID\nsom\tsom\tHP\tHP.-.-.-\ndet\tden\tDT\tDT.NEU.SIN.DEF\nifr\u00e5gavarande\tifr\u00e5gavarande\tPC\tPC.PRS.UTR+NEU.SIN+PLU.IND+DEF.NOM\nvalet\tval\tNN\tNN.NEU.SIN.DEF.NOM\navser\tavse\tVB\tVB.PRS.AKT\n.\t.\tMAD\tMAD","page_number":11,"speaker_note_id":"i-B2ComfkjXqMRrUxWqiL4wv","num_tokens":54,"num_words":54},{"u_id":"i-5cSJnUs4vLP4ZNv92C1MXu","who":"unknown","prev_id":null,"next_id":null,"paragraphs":["Till en b\u00f6rjan besl\u00f6to herrar deputerade , att kanslitj\u00e4nstem\u00e4nnen skulle tills vidare utg\u00f6ras av en notarie , tre f\u00f6rste stenografer , tolv stenografer , en reservstenograf , en f\u00f6rste kanslist samt fem kanslister , d\u00e4rav en tillika registrator och en kansliskrivare ."],"annotation":"token\tlemma\tpos\txpos\nTill\ttill\tPP\tPP\nen\ten\tDT\tDT.UTR.SIN.IND\nb\u00f6rjan\tb\u00f6rjan\tNN\tNN.UTR.SIN.IND.NOM\nbesl\u00f6to\tbesluta\tVB\tVB.PRT.AKT\nherrar\therre\tNN\tNN.UTR.PLU.IND.NOM\ndeputerade\tdeputera\tVB\tVB.PRT.AKT\n,\t,\tMID\tMID\natt\tatt\tSN\tSN\nkanslitj\u00e4nstem\u00e4nnen\tkanslitj\u00e4nsteman\tNN\tNN.UTR.PLU.DEF.NOM\nskulle\tska\tVB\tVB.PRT.AKT\ntills\ttills\tPP\tPP\nvidare\tvitt\tAB\tAB.KOM\nutg\u00f6ras\tutg\u00f6ra\tVB\tVB.INF.SFO\nav\tav\tPP\tPP\nen\ten\tDT\tDT.UTR.SIN.IND\nnotarie\tnotarie\tNN\tNN.UTR.SIN.IND.NOM\n,\t,\tMID\tMID\ntre\ttre\tRG\tRG.NOM\nf\u00f6rste\tf\u00f6rste\tRO\tRO.MAS.SIN.IND+DEF.NOM\nstenografer\tstenograf\tNN\tNN.UTR.PLU.IND.NOM\n,\t,\tMID\tMID\ntolv\ttolv\tRG\tRG.NOM\nstenografer\tstenograf\tNN\tNN.UTR.PLU.IND.NOM\n,\t,\tMID\tMID\nen\ten\tDT\tDT.UTR.SIN.IND\nreservstenograf\treservstenograf\tNN\tNN.UTR.SIN.IND.NOM\n,\t,\tMID\tMID\nen\ten\tDT\tDT.UTR.SIN.IND\nf\u00f6rste\tf\u00f6rste\tRO\tRO.MAS.SIN.IND+DEF.NOM\nkanslist\tkanslist\tNN\tNN.UTR.SIN.IND.NOM\nsamt\tsamt\tKN\tKN\nfem\tfem\tRG\tRG.NOM\nkanslister\tkanslist\tNN\tNN.UTR.PLU.IND.NOM\n,\t,\tMID\tMID\nd\u00e4rav\td\u00e4rav\tAB\tAB\nen\ten\tDT\tDT.UTR.SIN.IND\ntillika\ttillika\tAB\tAB\nregistrator\tregistrator\tNN\tNN.UTR.SIN.IND.NOM\noch\toch\tKN\tKN\nen\ten\tDT\tDT.UTR.SIN.IND\nkansliskrivare\tkansliskrivare\tNN\tNN.UTR.SIN.IND.NOM\n.\t.\tMAD\tMAD","page_number":16,"speaker_note_id":"i-B2ComfkjXqMRrUxWqiL4wv","num_tokens":42,"num_words":42},{"u_id":"i-c86a27dab9dc7056-41","who":"unknown","prev_id":null,"next_id":null,"paragraphs":["Det skulle \u00e5ligga den s\u00e5lunda antagna personalen att vid behov och i den m\u00e5n ske kunde utf\u00f6ra j\u00e4mv\u00e4l annan tj\u00e4nstg\u00f6ring hos riksdagen ."],"annotation":"token\tlemma\tpos\txpos\nDet\tdet\tPN\tPN.NEU.SIN.DEF.SUB+OBJ\nskulle\tska\tVB\tVB.PRT.AKT\n\u00e5ligga\t\u00e5ligga\tVB\tVB.INF.AKT\nden\tden\tDT\tDT.UTR.SIN.DEF\ns\u00e5lunda\ts\u00e5lunda\tAB\tAB\nantagna\tantagen\tPC\tPC.PRF.UTR+NEU.SIN.DEF.NOM\npersonalen\tpersonal\tNN\tNN.UTR.SIN.DEF.NOM\natt\tatt\tIE\tIE\nvid\tvid\tPP\tPP\nbehov\tbehov\tNN\tNN.NEU.SIN.IND.NOM\noch\toch\tKN\tKN\ni\ti\tPP\tPP\nden\tden\tDT\tDT.UTR.SIN.DEF\nm\u00e5n\tm\u00e5n\tNN\tNN.UTR.SIN.IND.NOM\nske\tske\tVB\tVB.INF.AKT\nkunde\tkunna\tVB\tVB.PRT.AKT\nutf\u00f6ra\tutf\u00f6ra\tVB\tVB.INF.AKT\nj\u00e4mv\u00e4l\tj\u00e4mv\u00e4l\tDT\tDT.UTR.SIN.IND\nannan\tannan\tJJ\tJJ.POS.UTR.SIN.IND.NOM\ntj\u00e4nstg\u00f6ring\ttj\u00e4nstg\u00f6ring\tNN\tNN.UTR.SIN.IND.NOM\nhos\thos\tPP\tPP\nriksdagen\triksdag\tNN\tNN.UTR.SIN.DEF.NOM\n.\t.\tMAD\tMAD","page_number":16,"speaker_note_id":"missing","num_tokens":23,"num_words":23},{"u_id":"i-F4pM7kEPG2ZotwMrHQt2cj","who":"unknown","prev_id":null,"next_id":null,"paragraphs":["\u00c5r och dag som ovan ."],"annotation":"token\tlemma\tpos\txpos\n\u00c5r\t\u00e5r\tNN\tNN.NEU.SIN.IND.NOM\noch\toch\tKN\tKN\ndag\tdag\tNN\tNN.UTR.SIN.IND.NOM\nsom\tsom\tKN\tKN\novan\tovan\tAB\tAB\n.\t.\tMAD\tMAD","page_number":16,"speaker_note_id":"missing","num_tokens":6,"num_words":6}]