	u_id	year	period	who	protocol_name	document_name	filename	n_tokens	n_utterances	speaker_note_id	speech_index	page_number	gender_id	party_id	office_type_id	sub_office_type_id	document_id
0	i-F7HxwenFCU8AFdwctgo84U	1960	1960	Q5784568	prot-1960--ak--1	prot-1960--ak--1_001	prot-1960--ak--1_001.txt	574	9	i-GmpTmMyyUivoVPEGzvy5eG	1	2	1	9	1	2	0
1	i-6962e6a547ff5795-0	1960	1960	unknown	prot-1960--ak--1	prot-1960--ak--1_002	prot-1960--ak--1_002.txt	46	1	i-W5kiFqZNFC2zokVXCeLfro	2	4	0	0	0	0	1
2	i-LCZJ8zXyJd82sKBZvGNyZK	1960	1960	unknown	prot-1960--ak--1	prot-1960--ak--1_003	prot-1960--ak--1_003.txt	29	1	i-W5kiFqZNFC2zokVXCeLfro	3	4	0	0	0	0	2
3	i-EhnuxQ48gWBBbNcNAoDdAN	1960	1960	unknown	prot-1960--ak--1	prot-1960--ak--1_004	prot-1960--ak--1_004.txt	18	1	missing	4	4	0	0	0	0	3
4	i-LTev8g6ZX6d1uQNv1Sm5H2	1960	1960	unknown	prot-1960--ak--1	prot-1960--ak--1_005	prot-1960--ak--1_005.txt	18	1	missing	5	4	0	0	0	0	4
5	i-DCozM7bT8PsKJ6KLPnVt2a	1960	1960	unknown	prot-1960--ak--1	prot-1960--ak--1_006	prot-1960--ak--1_006.txt	22	1	missing	6	4	0	0	0	0	5
6	i-2fgotDniTwtKwADDEmxQJi	1960	1960	unknown	prot-1960--ak--1	prot-1960--ak--1_007	prot-1960--ak--1_007.txt	17	1	missing	7	4	0	0	0	0	6
7	i-6962e6a547ff5795-1	1960	1960	unknown	prot-1960--ak--1	prot-1960--ak--1_008	prot-1960--ak--1_008.txt	14	1	missing	8	4	0	0	0	0	7
8	i-T9bH9auM6ieetRRekLP4gD	1960	1960	unknown	prot-1960--ak--1	prot-1960--ak--1_009	prot-1960--ak--1_009.txt	22	1	missing	9	5	0	0	0	0	8
9	i-LT3mx4LeT7xEshp8zw1Zpx	1960	1960	unknown	prot-1960--ak--1	prot-1960--ak--1_010	prot-1960--ak--1_010.txt	21	1	missing	10	5	0	0	0	0	9
10	i-8qNqakVep7636DaWvkzKcN	1960	1960	unknown	prot-1960--ak--1	prot-1960--ak--1_011	prot-1960--ak--1_011.txt	22	1	missing	11	6	0	0	0	0	10
11	i-6962e6a547ff5795-3	1960	1960	unknown	prot-1960--ak--1	prot-1960--ak--1_012	prot-1960--ak--1_012.txt	10	1	i-F7dhfyko2YLxtDCbxgkSD	12	6	0	0	0	0	11
12	i-67SdwjUWXZBHSCuiBSbR3Q	1960	1960	unknown	prot-1960--ak--1	prot-1960--ak--1_013	prot-1960--ak--1_013.txt	2	1	i-F7dhfyko2YLxtDCbxgkSD	13	6	0	0	0	0	12
13	i-6962e6a547ff5795-4	1960	1960	unknown	prot-1960--ak--1	prot-1960--ak--1_014	prot-1960--ak--1_014.txt	53	1	missing	14	6	0	0	0	0	13
14	i-6962e6a547ff5795-5	1960	1960	unknown	prot-1960--ak--1	prot-1960--ak--1_015	prot-1960--ak--1_015.txt	265	1	missing	15	7	0	0	0	0	14
15	i-6962e6a547ff5795-6	1960	1960	unknown	prot-1960--ak--1	prot-1960--ak--1_016	prot-1960--ak--1_016.txt	238	1	missing	16	7	0	0	0	0	15
16	i-8RP78A4QJ1ptts25iyKJNc	1960	1960	unknown	prot-1960--ak--1	prot-1960--ak--1_017	prot-1960--ak--1_017.txt	10	1	missing	17	7	0	0	0	0	16
17	i-5UQaxqsEruvY2f4AW3qLV3	1960	1960	Q6180020	prot-1960--ak--1	prot-1960--ak--1_018	prot-1960--ak--1_018.txt	47	1	i-QWeNiL5PSXJcaS3BfedJuj	18	8	1	7	1	2	17
18	i-6962e6a547ff5795-11	1960	1960	Q5997101	prot-1960--ak--1	prot-1960--ak--1_019	prot-1960--ak--1_019.txt	716	2	i-4vP9JWQg17eap3FgUbAsso	19	9	1	7	1	2	18
19	i-6962e6a547ff5795-14	1960	1960	Q6072689	prot-1960--ak--1	prot-1960--ak--1_020	prot-1960--ak--1_020.txt	265	1	i-Fm8rc8Wph5W4RzT98eRMvq	20	10	1	5	1	2	19
20	i-6962e6a547ff5795-15	1960	1960	Q6172705	prot-1960--ak--1	prot-1960--ak--1_021	prot-1960--ak--1_021.txt	751	5	i-VqRGkB2GpqVqWoqU3BirdQ	21	11	1	11	1	2	20
21	i-V98pjHnoeemWX1ofER896L	1960	1960	Q5577840	prot-1960--ak--1	prot-1960--ak--1_022	prot-1960--ak--1_022.txt	551	3	i-XwHduHhCY7ALJfMMASoebP	22	12	1	7	1	2	21
22	i-6962e6a547ff5795-21	1960	1960	unknown	prot-1960--ak--1	prot-1960--ak--1_023	prot-1960--ak--1_023.txt	20	1	i-Q71kM75RGPz3Ft5MMv1h42	23	13	0	0	0	0	22
23	i-6962e6a547ff5795-22	1960	1960	unknown	prot-1960--ak--1	prot-1960--ak--1_024	prot-1960--ak--1_024.txt	270	1	i-Q71kM75RGPz3Ft5MMv1h42	24	14	0	0	0	0	23
24	i-6962e6a547ff5795-23	1960	1960	Q6156731	prot-1960--ak--1	prot-1960--ak--1_025	prot-1960--ak--1_025.txt	345	2	i-AbaW8XSXpARevB7PnZqdC3	25	14	1	5	1	2	24
25	i-6962e6a547ff5795-25	1960	1960	Q5716662	prot-1960--ak--1	prot-1960--ak--1_026	prot-1960--ak--1_026.txt	482	3	i-6TprtYFyxRg9pn4wo3hSaf	26	15	1	2	1	2	25
26	i-6962e6a547ff5795-27	1960	1960	unknown	prot-1960--ak--1	prot-1960--ak--1_027	prot-1960--ak--1_027.txt	15	1	i-A2Sd1miWtgHiM5W5XoA5ta	27	17	0	0	0	0	26
27	i-x8ZtH6zVnGjZ7RxenW6YJ	1960	1960	unknown	prot-1960--ak--1	prot-1960--ak--1_028	prot-1960--ak--1_028.txt	32	1	i-A2Sd1miWtgHiM5W5XoA5ta	28	17	0	0	0	0	27
28	i-6962e6a547ff5795-46	1960	1960	unknown	prot-1960--ak--1	prot-1960--ak--1_029	prot-1960--ak--1_029.txt	28	1	missing	29	21	0	0	0	0	28
29	i-KTLHxnfNd1rtuifgTKdpZM	1960	1960	Q6151901	prot-1960--ak--1	prot-1960--ak--1_030	prot-1960--ak--1_030.txt	28	2	i-HpYDRu46nsa2N1xzcb3g8m	30	21	1	5	1	2	29
30	i-6962e6a547ff5795-50	1960	1960	Q4938354	prot-1960--ak--1	prot-1960--ak--1_031	prot-1960--ak--1_031.txt	363	3	i-VeBXb9AxhK5Nfd5P5AQ7tR	31	22	2	9	1	2	30
31	i-5gyHu5aGvMk6a27jpKMy2x	1960	1960	Q6198452	prot-1960--ak--1	prot-1960--ak--1_032	prot-1960--ak--1_032.txt	530	11	i-7wFGJGb4mAS3RyCQ2GbHZj	32	23	1	9	1	2	31
32	i-6962e6a547ff5795-64	1960	1960	unknown	prot-1960--ak--1	prot-1960--ak--1_033	prot-1960--ak--1_033.txt	46	1	i-J3LceF93mBg4AAVPfmyZM2	33	26	0	0	0	0	32
33	i-6962e6a547ff5795-83	1960	1960	Q5782529	prot-1960--ak--1	prot-1960--ak--1_034	prot-1960--ak--1_034.txt	198	5	i-7aEZKMF1pz2Ffj43X8N5La	34	30	1	9	1	2	33
34	i-6962e6a547ff5795-87	1960	1960	Q5963832	prot-1960--ak--1	prot-1960--ak--1_035	prot-1960--ak--1_035.txt	381	4	i-BV4F9B9wG7KyrQD4jcspox	35	31	1	7	1	2	34
35	i-6LViB1pAXN4CBVw4DMmr71	1960	1960	Q6180020	prot-1960-höst-ak--22	prot-1960-höst-ak--22_001	prot-1960-höst-ak--22_001.txt	22	1	i-4F8nFMJ5rarPEj8UkZ29t9	1	2	1	7	1	2	35
36	i-KhYHQadMqa3DLohFFCGVMY	1960	1960	unknown	prot-1960-höst-ak--22	prot-1960-höst-ak--22_002	prot-1960-höst-ak--22_002.txt	68	1	i-6NYSHuvMsTBSTdfykiXqN5	2	2	0	0	0	0	36
37	i-HpVhuEF2jCuWMUjsKqLdqg	1960	1960	unknown	prot-1960-höst-ak--22	prot-1960-höst-ak--22_003	prot-1960-höst-ak--22_003.txt	30	1	i-6NYSHuvMsTBSTdfykiXqN5	3	2	0	0	0	0	37
38	i-8gAASwTczGUFMjuprsFpW5	1960	1960	unknown	prot-1960-höst-ak--22	prot-1960-höst-ak--22_004	prot-1960-höst-ak--22_004.txt	23	1	missing	4	2	0	0	0	0	38
39	i-LMH8pDc9n2vGkxKxuFnRXq	1960	1960	unknown	prot-1960-höst-ak--22	prot-1960-höst-ak--22_005	prot-1960-höst-ak--22_005.txt	10	1	missing	5	2	0	0	0	0	39
40	i-HhBFp3UjTGzNBYAfi9n2ga	1960	1960	unknown	prot-1960-höst-ak--22	prot-1960-höst-ak--22_006	prot-1960-höst-ak--22_006.txt	52	1	missing	6	2	0	0	0	0	40
41	i-W9uF9Rv9iF1g8fJfcuPWGy	1960	1960	unknown	prot-1960-höst-ak--22	prot-1960-höst-ak--22_007	prot-1960-höst-ak--22_007.txt	28	1	missing	7	2	0	0	0	0	41
42	i-2BLsUiSL8SmWD52SViBk4J	1960	1960	unknown	prot-1960-höst-ak--22	prot-1960-höst-ak--22_008	prot-1960-höst-ak--22_008.txt	13	1	missing	8	2	0	0	0	0	42
43	i-3amckJX3MYanm3mDZNeK62	1960	1960	unknown	prot-1960-höst-ak--22	prot-1960-höst-ak--22_009	prot-1960-höst-ak--22_009.txt	15	1	missing	9	2	0	0	0	0	43
44	i-DyHFo5kB4ATw9TZN5NRMzh	1960	1960	unknown	prot-1960-höst-ak--22	prot-1960-höst-ak--22_010	prot-1960-höst-ak--22_010.txt	87	1	missing	10	2	0	0	0	0	44
45	i-D7Hnke7P1XyNapnHApUqsN	1960	1960	unknown	prot-1960-höst-ak--22	prot-1960-höst-ak--22_011	prot-1960-höst-ak--22_011.txt	8	1	missing	11	3	0	0	0	0	45
46	i-JcFZh8km5Y7Bx7WCj9UBcS	1960	1960	unknown	prot-1960-höst-ak--22	prot-1960-höst-ak--22_012	prot-1960-höst-ak--22_012.txt	40	1	missing	12	3	0	0	0	0	46
47	i-NyANy3i6VUpqSKgMg7SZk1	1960	1960	unknown	prot-1960-höst-ak--22	prot-1960-höst-ak--22_013	prot-1960-höst-ak--22_013.txt	17	1	missing	13	3	0	0	0	0	47
48	i-JS8uQLkBrAPXLqhKA7SYyD	1960	1960	unknown	prot-1960-höst-ak--22	prot-1960-höst-ak--22_014	prot-1960-höst-ak--22_014.txt	25	1	missing	14	4	0	0	0	0	48
49	i-FGJwJZG2e3quZLqwwqhy8k	1960	1960	unknown	prot-1960-höst-ak--22	prot-1960-höst-ak--22_015	prot-1960-höst-ak--22_015.txt	26	1	missing	15	4	0	0	0	0	49
50	i-MzAdNhxFqTv5h7PDULD7Sh	1960	1960	unknown	prot-1960-höst-ak--22	prot-1960-höst-ak--22_016	prot-1960-höst-ak--22_016.txt	17	1	missing	16	4	0	0	0	0	50
51	i-HFApVxsGMZQPciw8Kamz84	1960	1960	unknown	prot-1960-höst-ak--22	prot-1960-höst-ak--22_017	prot-1960-höst-ak--22_017.txt	26	1	missing	17	5	0	0	0	0	51
52	i-Ls9M6FCR7fLvZfG6m8Scts	1960	1960	unknown	prot-1960-höst-ak--22	prot-1960-höst-ak--22_018	prot-1960-höst-ak--22_018.txt	18	1	missing	18	5	0	0	0	0	52
53	i-GrGKZbdnmRZgZxZM8xbGJN	1960	1960	Q6072689	prot-1960-höst-ak--22	prot-1960-höst-ak--22_019	prot-1960-höst-ak--22_019.txt	556	10	i-Nf2p2YXsMArqMg4Fsg7xNx	19	5	1	5	1	2	53
54	i-JB9MDaA23gW6RmNJp2L9zi	1960	1960	Q6072689	prot-1960-höst-ak--22	prot-1960-höst-ak--22_020	prot-1960-höst-ak--22_020.txt	562	12	i-DmsGegGAKvXR9khEahEMJJ	20	6	1	5	1	2	54
55	i-4aJozjssfhpZNUjis9w4p2	1960	1960	Q5777440	prot-1960-höst-ak--22	prot-1960-höst-ak--22_021	prot-1960-höst-ak--22_021.txt	629	10	i-ATm18xS5BtyuMLos2L5KJJ	21	7	1	5	1	2	55
56	i-N1CUGZagntjftvVSqVjaVq	1960	1960	Q5551491	prot-1960-höst-ak--22	prot-1960-höst-ak--22_022	prot-1960-höst-ak--22_022.txt	467	8	i-8x76L7c8D8CGdRQASAjCpg	22	9	1	9	1	2	56
57	i-PrLHUxuDBmYrULwXVyzcnX	1960	1960	Q4984675	prot-1960-höst-ak--22	prot-1960-höst-ak--22_023	prot-1960-höst-ak--22_023.txt	672	8	i-bEeGErVC4ETEA5Ch7WepM	23	10	2	5	1	2	57
58	i-VgsNHj5c8E6Nh2HgY7qSG4	1960	1960	Q6156731	prot-1960-höst-ak--22	prot-1960-höst-ak--22_024	prot-1960-höst-ak--22_024.txt	293	7	i-SWoSrnzkbgb35Dvg4A62Ui	24	11	1	5	1	2	58
59	i-UF5MwpTWbmTYi8HTrNhmMA	1960	1960	Q5781896	prot-1960-höst-ak--22	prot-1960-höst-ak--22_025	prot-1960-höst-ak--22_025.txt	229	6	i-Y9m9fVaufx2ruLRAMMr8iX	25	12	1	7	1	1	59
60	i-LB8p8ag8rUvQ2LmAMtqrDL	1960	1960	Q6012223	prot-1960-höst-ak--22	prot-1960-höst-ak--22_026	prot-1960-höst-ak--22_026.txt	573	17	i-Ue87EXJpsCqjyoSb6NufqG	26	12	1	7	1	1	60
61	i-HsCT3Nkuya11ruxMksAAWU	1960	1960	Q6172705	prot-1960-höst-ak--22	prot-1960-höst-ak--22_027	prot-1960-höst-ak--22_027.txt	533	10	i-8fuGg3fARWvAmf6Y99rDH8	27	14	1	11	1	2	61
62	i-HKsm5GoRKpRc7vChAEJU9u	1960	1960	Q5621600	prot-1960-höst-ak--22	prot-1960-höst-ak--22_028	prot-1960-höst-ak--22_028.txt	193	6	i-8SNdZxxXwk4oELRErjs817	28	15	1	7	1	2	62
63	i-6nMxZLGspycuUuzQepPW88	1960	1960	Q6199074	prot-1960-höst-ak--22	prot-1960-höst-ak--22_029	prot-1960-höst-ak--22_029.txt	610	10	i-MmfEU6soHtpmUU33EJqAfJ	29	15	1	2	1	2	63
64	i-e6053ee9efdddcf5-0	1960	1960	unknown	prot-1960-höst-ak--22	prot-1960-höst-ak--22_030	prot-1960-höst-ak--22_030.txt	85	1	i-3Smns3nyt8SjMBWkcD5ZsL	30	20	0	0	0	0	64
65	i-e6053ee9efdddcf5-1	1960	1960	Q6206899	prot-1960-höst-ak--22	prot-1960-höst-ak--22_031	prot-1960-höst-ak--22_031.txt	70	2	i-VG6x6Q46SQmpPAG4uT3HhR	31	20	1	9	1	2	65
66	i-e6053ee9efdddcf5-3	1960	1960	Q179493	prot-1960-höst-ak--22	prot-1960-höst-ak--22_032	prot-1960-höst-ak--22_032.txt	673	5	i-2fpnwtkdPYgD5NzJ1uEM6n	32	20	1	5	1	2	66
67	i-e6053ee9efdddcf5-8	1960	1960	unknown	prot-1960-höst-ak--22	prot-1960-höst-ak--22_033	prot-1960-höst-ak--22_033.txt	292	1	i-SnYFh4F99xPViz6GMDN88N	33	22	0	0	0	0	67
68	i-4YB3oAcGt4pUvJ7ia3r5md	1960	1960	unknown	prot-1960-höst-ak--22	prot-1960-höst-ak--22_034	prot-1960-höst-ak--22_034.txt	66	1	i-SnYFh4F99xPViz6GMDN88N	34	23	0	0	0	0	68
69	i-L5ByJdfghDSRbAqvKAUBJo	1961	1961	Q6180686	prot-1961--ak--1	prot-1961--ak--1_001	prot-1961--ak--1_001.txt	750	13	i-Uqxw8F3ab3EzhSdhtXgEQQ	1	2	1	9	1	2	69
70	i-CYLVn8bJb1VbXJEZAUwoVe	1961	1961	unknown	prot-1961--ak--1	prot-1961--ak--1_002	prot-1961--ak--1_002.txt	4	1	i-PWk4UNeJWdMaG3JxDaDzEG	2	9	0	0	0	0	70
71	i-78993616406aaac1-1	1961	1961	unknown	prot-1961--ak--1	prot-1961--ak--1_003	prot-1961--ak--1_003.txt	41	1	i-PWk4UNeJWdMaG3JxDaDzEG	3	9	0	0	0	0	71
72	i-78993616406aaac1-2	1961	1961	unknown	prot-1961--ak--1	prot-1961--ak--1_004	prot-1961--ak--1_004.txt	13	1	missing	4	9	0	0	0	0	72
73	i-7ySfo7nxHnFKgErXeYezYB	1961	1961	unknown	prot-1961--ak--1	prot-1961--ak--1_005	prot-1961--ak--1_005.txt	16	1	missing	5	9	0	0	0	0	73
74	i-78993616406aaac1-4	1961	1961	unknown	prot-1961--ak--1	prot-1961--ak--1_006	prot-1961--ak--1_006.txt	13	1	missing	6	9	0	0	0	0	74
75	i-4SnXFaURG4PtzHMTUBq2U6	1961	1961	unknown	prot-1961--ak--1	prot-1961--ak--1_007	prot-1961--ak--1_007.txt	23	1	missing	7	9	0	0	0	0	75
76	i-NFkkevNW1BUSDTYatHMKr3	1961	1961	unknown	prot-1961--ak--1	prot-1961--ak--1_008	prot-1961--ak--1_008.txt	32	1	missing	8	9	0	0	0	0	76
77	i-JHhSSR4x6byKXRjPYVsAsn	1961	1961	unknown	prot-1961--ak--1	prot-1961--ak--1_009	prot-1961--ak--1_009.txt	11	1	missing	9	10	0	0	0	0	77
78	i-5RcL81FNiawH7fKeNogPdW	1961	1961	Q6206899	prot-1961--ak--1	prot-1961--ak--1_010	prot-1961--ak--1_010.txt	365	5	i-Y2gdM3mpbcnxioMdhTjakM	10	10	1	9	1	2	78
79	i-DU6mom8pUDyQv2yP8yWGhE	1961	1961	unknown	prot-1961--ak--1	prot-1961--ak--1_011	prot-1961--ak--1_011.txt	47	1	i-GuKMXaKb5uxijU8tHTXeSk	11	12	0	0	0	0	79
80	i-2wMTwBVug2Mu5QzrqQ1jRi	1961	1961	Q6151901	prot-1961--ak--1	prot-1961--ak--1_012	prot-1961--ak--1_012.txt	66	1	i-MWg5aQjasHD18uxfouiMch	12	13	1	5	1	2	80
81	i-X2sLT9ih3CyK7TkHNacjbL	1961	1961	Q4957038	prot-1961--ak--1	prot-1961--ak--1_013	prot-1961--ak--1_013.txt	326	3	i-SKNuteKo1bRroN1ieM8Kxi	13	13	2	9	1	2	81
82	i-S7nYSbpfX8CptxPtpxVwtK	1961	1961	unknown	prot-1961--ak--1	prot-1961--ak--1_014	prot-1961--ak--1_014.txt	46	1	i-62j4hD9tw7szBSmFtDbLq9	14	15	0	0	0	0	82
83	i-78993616406aaac1-45	1961	1961	Q514209	prot-1961--ak--1	prot-1961--ak--1_015	prot-1961--ak--1_015.txt	158	4	i-SLjr9n1mdabZqnU8nPCYAh	15	21	1	2	1	2	83
84	i-KwqtWicePvAG4UcPNCLMWT	1961	1961	Q1554742	prot-1961--ak--1	prot-1961--ak--1_016	prot-1961--ak--1_016.txt	1001	9	i-D7UyuqJ3HZRzwWY5U43fKX	16	22	1	7	1	2	84
85	i-8YgXFnoU95QgNKYMqDBYTh	1961	1961	Q6195774	prot-1961--fk--1	prot-1961--fk--1_001	prot-1961--fk--1_001.txt	419	10	i-TjA6WXELMke1BqARR2jVmM	1	2	1	5	1	1	85
86	i-G7GCPDEQimZoY26zSopwPR	1961	1961	unknown	prot-1961--fk--1	prot-1961--fk--1_002	prot-1961--fk--1_002.txt	24	1	i-HKZaVZ3F2TB44zFEDteeBZ	2	4	0	0	0	0	86
87	i-WVfTKehm6SAWuw3TtCu93C	1961	1961	Q6195774	prot-1961--fk--1	prot-1961--fk--1_003	prot-1961--fk--1_003.txt	32	1	i-CnJQKsb5EgCfzUF4wr6rn7	3	5	1	5	1	1	87
88	i-HoJwqoV6PY8wpS7cwbRNHY	1961	1961	unknown	prot-1961--fk--1	prot-1961--fk--1_004	prot-1961--fk--1_004.txt	51	1	i-bsRLQcuTezpbvQVGz2CtT	4	5	0	0	0	0	88
89	i-c86a27dab9dc7056-0	1961	1961	Q6195774	prot-1961--fk--1	prot-1961--fk--1_005	prot-1961--fk--1_005.txt	89	2	i-14bCmPFfvRWGyMwactK2zp	5	5	1	5	1	1	89
90	i-H7LeUBHjvVTSMKeZT44zSV	1961	1961	unknown	prot-1961--fk--1	prot-1961--fk--1_006	prot-1961--fk--1_006.txt	2	1	i-6ji46ZBsoPPuUUWdaEUWM1	6	6	0	0	0	0	90
91	i-c86a27dab9dc7056-3	1961	1961	unknown	prot-1961--fk--1	prot-1961--fk--1_007	prot-1961--fk--1_007.txt	186	1	i-6ji46ZBsoPPuUUWdaEUWM1	7	6	0	0	0	0	91
92	i-c86a27dab9dc7056-4	1961	1961	unknown	prot-1961--fk--1	prot-1961--fk--1_008	prot-1961--fk--1_008.txt	87	1	missing	8	7	0	0	0	0	92
93	i-NUreJp3QGRn8gPSyxBBsnd	1961	1961	Q5886385	prot-1961--fk--1	prot-1961--fk--1_009	prot-1961--fk--1_009.txt	60	1	i-578a2THJjaxvaAMZW6qt9P	9	8	1	2	1	1	93
94	i-UtrYML3CZ4xq421FBvjwrh	1961	1961	unknown	prot-1961--fk--1	prot-1961--fk--1_010	prot-1961--fk--1_010.txt	48	1	i-KAdQxff76TWwUqJEMf91nz	10	8	0	0	0	0	94
95	i-c86a27dab9dc7056-12	1961	1961	Q5967746	prot-1961--fk--1	prot-1961--fk--1_011	prot-1961--fk--1_011.txt	344	3	i-CUaM61qaDqoxx1EnFsYWBh	11	9	1	5	1	1	95
96	i-c86a27dab9dc7056-17	1961	1961	unknown	prot-1961--fk--1	prot-1961--fk--1_012	prot-1961--fk--1_012.txt	47	1	i-B2ComfkjXqMRrUxWqiL4wv	12	11	0	0	0	0	96
97	i-5cSJnUs4vLP4ZNv92C1MXu	1961	1961	unknown	prot-1961--fk--1	prot-1961--fk--1_013	prot-1961--fk--1_013.txt	35	1	i-B2ComfkjXqMRrUxWqiL4wv	13	16	0	0	0	0	97
98	i-c86a27dab9dc7056-41	1961	1961	unknown	prot-1961--fk--1	prot-1961--fk--1_014	prot-1961--fk--1_014.txt	22	1	missing	14	16	0	0	0	0	98
99	i-F4pM7kEPG2ZotwMrHQt2cj	1961	1961	unknown	prot-1961--fk--1	prot-1961--fk--1_015	prot-1961--fk--1_015.txt	5	1	missing	15	16	0	0	0	0	99
100	i-cceb7ba30ab71cb6-0	1970	1970	Q6027171	prot-1970-höst-fk--45	prot-1970-höst-fk--45_001	prot-1970-höst-fk--45_001.txt	541	4	i-9528X3MbkqWP24DpbEJU38	1	3	1	2	1	1	100
101	i-8c2730028de580bb-0	1970	1970	Q6031148	prot-1970-höst-fk--45	prot-1970-höst-fk--45_002	prot-1970-höst-fk--45_002.txt	1468	7	i-WkB7UsXDTLXfkX2ahdiAmY	2	6	1	7	1	1	101
102	i-c7a477f884b65e13-0	1970	1970	Q6020187	prot-1970-höst-fk--45	prot-1970-höst-fk--45_003	prot-1970-höst-fk--45_003.txt	1285	6	i-DNPkJePrCJ7PJJrKe54nu3	3	8	1	5	1	1	102
103	i-cceb7ba30ab71cb6-6	1970	1970	Q6027171	prot-1970-höst-fk--45	prot-1970-höst-fk--45_004	prot-1970-höst-fk--45_004.txt	2221	8	i-AseGFNkMUQWadAzJ5f6FwN	4	11	1	2	1	1	103
104	i-cceb7ba30ab71cb6-14	1970	1970	unknown	prot-1970-höst-fk--45	prot-1970-höst-fk--45_005	prot-1970-höst-fk--45_005.txt	29	1	i-TUh7MBdX9eKJYRRgvbwXuQ	5	14	0	0	0	0	104
105	i-cceb7ba30ab71cb6-15	1970	1970	unknown	prot-1970-höst-fk--45	prot-1970-höst-fk--45_006	prot-1970-höst-fk--45_006.txt	282	1	i-TUh7MBdX9eKJYRRgvbwXuQ	6	15	0	0	0	0	105
106	i-cceb7ba30ab71cb6-16	1970	1970	unknown	prot-1970-höst-fk--45	prot-1970-höst-fk--45_007	prot-1970-höst-fk--45_007.txt	282	1	missing	7	15	0	0	0	0	106
107	i-cceb7ba30ab71cb6-17	1970	1970	unknown	prot-1970-höst-fk--45	prot-1970-höst-fk--45_008	prot-1970-höst-fk--45_008.txt	282	1	missing	8	16	0	0	0	0	107
108	i-cceb7ba30ab71cb6-18	1970	1970	unknown	prot-1970-höst-fk--45	prot-1970-höst-fk--45_009	prot-1970-höst-fk--45_009.txt	303	1	missing	9	16	0	0	0	0	108
109	i-cceb7ba30ab71cb6-19	1970	1970	unknown	prot-1970-höst-fk--45	prot-1970-höst-fk--45_010	prot-1970-höst-fk--45_010.txt	284	1	missing	10	17	0	0	0	0	109
110	i-cceb7ba30ab71cb6-20	1970	1970	unknown	prot-1970-höst-fk--45	prot-1970-höst-fk--45_011	prot-1970-höst-fk--45_011.txt	285	1	missing	11	17	0	0	0	0	110
111	i-cceb7ba30ab71cb6-21	1970	1970	unknown	prot-1970-höst-fk--45	prot-1970-höst-fk--45_012	prot-1970-höst-fk--45_012.txt	267	1	missing	12	18	0	0	0	0	111
112	i-8GknxPJJZbu61XHxJkbnL4	1970	1970	unknown	prot-1970-höst-fk--45	prot-1970-höst-fk--45_013	prot-1970-höst-fk--45_013.txt	7	1	missing	13	18	0	0	0	0	112
113	i-cceb7ba30ab71cb6-22	1970	1970	unknown	prot-1970-höst-fk--45	prot-1970-höst-fk--45_014	prot-1970-höst-fk--45_014.txt	315	1	missing	14	18	0	0	0	0	113
114	i-cceb7ba30ab71cb6-23	1970	1970	unknown	prot-1970-höst-fk--45	prot-1970-höst-fk--45_015	prot-1970-höst-fk--45_015.txt	304	1	missing	15	19	0	0	0	0	114
115	i-cceb7ba30ab71cb6-24	1970	1970	unknown	prot-1970-höst-fk--45	prot-1970-höst-fk--45_016	prot-1970-höst-fk--45_016.txt	312	1	missing	16	19	0	0	0	0	115
116	i-cceb7ba30ab71cb6-25	1970	1970	unknown	prot-1970-höst-fk--45	prot-1970-höst-fk--45_017	prot-1970-höst-fk--45_017.txt	293	1	missing	17	20	0	0	0	0	116
117	i-cceb7ba30ab71cb6-26	1970	1970	unknown	prot-1970-höst-fk--45	prot-1970-höst-fk--45_018	prot-1970-höst-fk--45_018.txt	294	1	missing	18	20	0	0	0	0	117
118	i-cceb7ba30ab71cb6-27	1970	1970	unknown	prot-1970-höst-fk--45	prot-1970-höst-fk--45_019	prot-1970-höst-fk--45_019.txt	298	1	missing	19	21	0	0	0	0	118
119	i-cceb7ba30ab71cb6-28	1970	1970	unknown	prot-1970-höst-fk--45	prot-1970-höst-fk--45_020	prot-1970-höst-fk--45_020.txt	327	1	missing	20	21	0	0	0	0	119
120	i-cceb7ba30ab71cb6-29	1970	1970	unknown	prot-1970-höst-fk--45	prot-1970-höst-fk--45_021	prot-1970-höst-fk--45_021.txt	290	1	missing	21	22	0	0	0	0	120
121	i-cceb7ba30ab71cb6-30	1970	1970	unknown	prot-1970-höst-fk--45	prot-1970-höst-fk--45_022	prot-1970-höst-fk--45_022.txt	277	1	missing	22	22	0	0	0	0	121
122	i-cceb7ba30ab71cb6-31	1970	1970	unknown	prot-1970-höst-fk--45	prot-1970-höst-fk--45_023	prot-1970-höst-fk--45_023.txt	241	1	missing	23	23	0	0	0	0	122
123	i-cceb7ba30ab71cb6-32	1970	1970	unknown	prot-1970-höst-fk--45	prot-1970-höst-fk--45_024	prot-1970-höst-fk--45_024.txt	107	1	missing	24	23	0	0	0	0	123
124	i-a0408781763da742-0	1970	1970	Q6047050	prot-1970-höst-fk--45	prot-1970-höst-fk--45_025	prot-1970-höst-fk--45_025.txt	482	3	i-HvjKi4AA3dZHk294fpdmy1	25	23	1	9	1	1	124
125	i-8c2730028de580bb-6	1970	1970	Q6031148	prot-1970-höst-fk--45	prot-1970-höst-fk--45_026	prot-1970-höst-fk--45_026.txt	427	2	i-SYGsxohjRtr9Eq3NDJYtp9	26	24	1	7	1	1	125
126	i-c7a477f884b65e13-6	1970	1970	Q6020187	prot-1970-höst-fk--45	prot-1970-höst-fk--45_027	prot-1970-höst-fk--45_027.txt	457	3	i-C8rdm3C2g1iJvCp1Aut7UJ	27	25	1	5	1	1	126
127	i-91699a7e2bcc5f9d-0	1970	1970	Q6027171	prot-1970-höst-fk--45	prot-1970-höst-fk--45_028	prot-1970-höst-fk--45_028.txt	587	3	i-X494gcgMeMtAHfto8dGBC1	28	26	1	2	1	1	127
128	i-470ce18344cd68a1-0	1970	1970	Q3376192	prot-1970-höst-fk--45	prot-1970-höst-fk--45_029	prot-1970-höst-fk--45_029.txt	1227	5	i-DEDW5yrJaMmKLkS1hJiKhQ	29	27	1	9	1	1	128
129	i-0f1a6b4324ee224b-0	1970	1970	Q6047050	prot-1970-höst-fk--45	prot-1970-höst-fk--45_030	prot-1970-höst-fk--45_030.txt	285	2	i-EHpW5DN4UCeiUFvZJ6nwFA	30	29	1	9	1	1	129
130	i-62a52a1700ee5a29-0	1970	1970	Q6255268	prot-1970-höst-fk--45	prot-1970-höst-fk--45_031	prot-1970-höst-fk--45_031.txt	3841	14	i-xaqJ7YBcJQnx1VJTtond8	31	29	1	7	1	1	130
131	i-6d433c783ae7b80c-0	1970	1970	Q6146893	prot-1970-höst-fk--45	prot-1970-höst-fk--45_032	prot-1970-höst-fk--45_032.txt	2921	10	i-3Aww5ggzRFgeKp1oPeAhdV	32	36	1	9	1	1	131
132	i-470ce18344cd68a1-6	1970	1970	Q3376192	prot-1970-höst-fk--45	prot-1970-höst-fk--45_033	prot-1970-höst-fk--45_033.txt	396	2	i-Boh7rm6MmvUkcjZpGfBGZU	33	40	1	9	1	1	132
133	i-62a52a1700ee5a29-13	1970	1970	Q6255268	prot-1970-höst-fk--45	prot-1970-höst-fk--45_034	prot-1970-höst-fk--45_034.txt	679	3	i-3dgxnXRqR6mzVwUX18r6nJ	34	41	1	7	1	1	133
134	i-N8aW9C61fZsbrJp8jFWpej	1970	1970	Q6146893	prot-1970-höst-fk--45	prot-1970-höst-fk--45_035	prot-1970-höst-fk--45_035.txt	123	2	i-MQTm4ZdawCN9238gPtRyif	35	42	1	9	1	1	134
135	i-7e2d7e0d2ca93416-0	1970	1970	Q5954195	prot-1970-höst-fk--45	prot-1970-höst-fk--45_036	prot-1970-höst-fk--45_036.txt	2073	11	i-R9u1t3N3hvfopUpUePSHuS	36	42	1	5	1	1	135
136	i-2107f0e03be66a4e-0	1970	1970	Q6044930	prot-1970-höst-fk--45	prot-1970-höst-fk--45_037	prot-1970-höst-fk--45_037.txt	479	3	i-VZoCU5xQmWZJNCSDYRVDCm	37	46	1	9	1	1	136
137	i-7e2d7e0d2ca93416-9	1970	1970	Q5954195	prot-1970-höst-fk--45	prot-1970-höst-fk--45_038	prot-1970-höst-fk--45_038.txt	581	7	i-UF3RG7ecE2ZMrt7WKz262Z	38	47	1	5	1	1	137
138	i-769040ebe1e21510-0	1970	1970	Q5938913	prot-1970-höst-fk--45	prot-1970-höst-fk--45_039	prot-1970-höst-fk--45_039.txt	1160	5	i-7JG6kURkURLMJuuSb6Q6iA	39	50	1	2	1	1	138
139	i-c1705b0edcc1e47c-0	1970	1970	Q6231399	prot-1970-höst-fk--45	prot-1970-höst-fk--45_040	prot-1970-höst-fk--45_040.txt	1736	6	i-VTzUi8N3frCCY1iTtvSHiu	40	52	1	7	1	1	139
140	i-2b7135c6d719d4a7-0	1970	1970	Q5348198	prot-1970-höst-fk--45	prot-1970-höst-fk--45_041	prot-1970-höst-fk--45_041.txt	497	2	i-Gxwo5FemGA8hPxwneKQB3a	41	55	1	2	1	1	140
141	i-eb47a25fc4ff2e8d-0	1970	1970	Q6000480	prot-1970-höst-fk--45	prot-1970-höst-fk--45_042	prot-1970-höst-fk--45_042.txt	1178	7	i-3JtHXRtrDE18qPopb33W6x	42	56	1	9	1	1	141
142	i-H1TkH9QGDjbmPdyMefpy3r	1970	1970	Q5937997	prot-1970-höst-fk--45	prot-1970-höst-fk--45_043	prot-1970-höst-fk--45_043.txt	103	4	i-AwHcJS8JmgfXUMAwHJubiK	43	58	1	9	1	1	142
143	i-fb0f1752436fe20c-0	1970	1970	Q53740	prot-1970-höst-fk--45	prot-1970-höst-fk--45_044	prot-1970-höst-fk--45_044.txt	426	2	i-33vb162B19UceNfKwiUfGr	44	58	1	9	1	2	143
144	i-c1705b0edcc1e47c-6	1970	1970	Q6231399	prot-1970-höst-fk--45	prot-1970-höst-fk--45_045	prot-1970-höst-fk--45_045.txt	203	3	i-DyVcu196yHdGcF5i4JStHQ	45	59	1	7	1	1	144
145	i-769040ebe1e21510-8	1970	1970	Q5938913	prot-1970-höst-fk--45	prot-1970-höst-fk--45_046	prot-1970-höst-fk--45_046.txt	57	1	i-HNtsHEq1wVTNbxJxKK2ucw	46	59	1	2	1	1	145
146	i-fb0f1752436fe20c-2	1970	1970	Q53740	prot-1970-höst-fk--45	prot-1970-höst-fk--45_047	prot-1970-höst-fk--45_047.txt	108	2	i-Mb93WugWtzFfwDhnH2iAuG	47	59	1	9	1	2	146
147	i-c1705b0edcc1e47c-8	1970	1970	Q6231399	prot-1970-höst-fk--45	prot-1970-höst-fk--45_048	prot-1970-höst-fk--45_048.txt	213	1	i-9zV6hxgJvHUpbnvkTqK44b	48	60	1	7	1	1	147
148	i-fb0f1752436fe20c-4	1970	1970	Q53740	prot-1970-höst-fk--45	prot-1970-höst-fk--45_049	prot-1970-höst-fk--45_049.txt	95	2	i-CGQg91rpCbWAEGwempE4kR	49	60	1	9	1	2	148
149	i-c1705b0edcc1e47c-9	1970	1970	Q6231399	prot-1970-höst-fk--45	prot-1970-höst-fk--45_050	prot-1970-höst-fk--45_050.txt	113	1	i-HNgP65FSpM5AG9YYjLvfKV	50	60	1	7	1	1	149
150	i-fb0f1752436fe20c-6	1970	1970	Q53740	prot-1970-höst-fk--45	prot-1970-höst-fk--45_051	prot-1970-höst-fk--45_051.txt	35	2	i-EGd5uwvWabMaaGFgM7ssK8	51	60	1	9	1	2	150
151	i-c1705b0edcc1e47c-10	1970	1970	Q6231399	prot-1970-höst-fk--45	prot-1970-höst-fk--45_052	prot-1970-höst-fk--45_052.txt	279	6	i-G23oudZXJSqLaHUVQqcxSc	52	60	1	7	1	1	151
152	i-c1705b0edcc1e47c-15	1970	1970	Q6231399	prot-1970-höst-fk--45	prot-1970-höst-fk--45_053	prot-1970-höst-fk--45_053.txt	41	1	i-W3kwgRgLD5EK7zwhAeBDCE	53	64	1	7	1	1	152
153	i-769040ebe1e21510-9	1970	1970	Q5938913	prot-1970-höst-fk--45	prot-1970-höst-fk--45_054	prot-1970-höst-fk--45_054.txt	29	1	i-H7DnvvPvhQAYjoM7mdT9Lh	54	64	1	2	1	1	153
154	i-eb47a25fc4ff2e8d-6	1970	1970	Q6000480	prot-1970-höst-fk--45	prot-1970-höst-fk--45_055	prot-1970-höst-fk--45_055.txt	8	1	i-C176jHwMeanN5mu6g8JtsR	55	64	1	9	1	1	154
155	i-8da23e17b21218de-1	1970	1970	Q53740	prot-1970-höst-fk--45	prot-1970-höst-fk--45_056	prot-1970-höst-fk--45_056.txt	238	2	i-S5wsG6GeEw4X2AEEFNpQDf	56	69	1	9	1	2	155
156	i-7e2d7e0d2ca93416-15	1970	1970	unknown	prot-1970-höst-fk--45	prot-1970-höst-fk--45_057	prot-1970-höst-fk--45_057.txt	132	1	i-33TtbGS6mYKjTvKAqTSCoS	57	69	0	0	0	0	156
157	i-7e2d7e0d2ca93416-16	1970	1970	unknown	prot-1970-höst-fk--45	prot-1970-höst-fk--45_058	prot-1970-höst-fk--45_058.txt	311	1	i-33TtbGS6mYKjTvKAqTSCoS	58	70	0	0	0	0	157
158	i-7e2d7e0d2ca93416-17	1970	1970	unknown	prot-1970-höst-fk--45	prot-1970-höst-fk--45_059	prot-1970-höst-fk--45_059.txt	297	1	missing	59	70	0	0	0	0	158
159	i-7e2d7e0d2ca93416-18	1970	1970	unknown	prot-1970-höst-fk--45	prot-1970-höst-fk--45_060	prot-1970-höst-fk--45_060.txt	209	1	missing	60	71	0	0	0	0	159
160	i-fb0f1752436fe20c-7	1970	1970	Q53740	prot-1970-höst-fk--45	prot-1970-höst-fk--45_061	prot-1970-höst-fk--45_061.txt	94	2	i-MwxHiNKwLyUcQ79PR2WMH3	61	71	1	9	1	2	160
161	i-7e2d7e0d2ca93416-19	1970	1970	unknown	prot-1970-höst-fk--45	prot-1970-höst-fk--45_062	prot-1970-höst-fk--45_062.txt	61	1	i-2vsFZL6geVym7xG7SGCvcp	62	71	0	0	0	0	161
162	i-fb0f1752436fe20c-9	1970	1970	Q53740	prot-1970-höst-fk--45	prot-1970-höst-fk--45_063	prot-1970-höst-fk--45_063.txt	17	1	i-FnpPvNVNqgmwk5XYwEy1MM	63	71	1	9	1	2	162
163	i-fb0f1752436fe20c-10	1970	1970	Q2345137	prot-1970-höst-fk--45	prot-1970-höst-fk--45_064	prot-1970-höst-fk--45_064.txt	355	2	i-UfZnBnC72wY46QS8Ao1iK7	64	71	1	9	1	1	163
164	i-8e9d16354ec7e9ca-0	1970	1970	Q5897318	prot-1970-höst-fk--45	prot-1970-höst-fk--45_065	prot-1970-höst-fk--45_065.txt	921	4	i-XhVS7GxHALQDVTQX77Pmz3	65	72	1	7	1	1	164
165	i-c155478886549b2e-0	1970	1970	Q2345137	prot-1970-höst-fk--45	prot-1970-höst-fk--45_066	prot-1970-höst-fk--45_066.txt	577	3	i-9j58mPTnRv38thb64bUuEY	66	74	1	9	1	1	165
166	i-8e9d16354ec7e9ca-4	1970	1970	Q5897318	prot-1970-höst-fk--45	prot-1970-höst-fk--45_067	prot-1970-höst-fk--45_067.txt	196	1	i-Wkmeki6AXpyra8by9oqAHu	67	75	1	7	1	1	166
167	i-8e9d16354ec7e9ca-6	1970	1970	unknown	prot-1970-höst-fk--45	prot-1970-höst-fk--45_068	prot-1970-höst-fk--45_068.txt	236	1	i-KvDtng6dVu6kNThjpoR9fF	68	75	0	0	0	0	167
168	i-8e9d16354ec7e9ca-7	1970	1970	unknown	prot-1970-höst-fk--45	prot-1970-höst-fk--45_069	prot-1970-höst-fk--45_069.txt	38	1	i-KvDtng6dVu6kNThjpoR9fF	69	76	0	0	0	0	168
169	i-cceb7ba30ab71cb6-33	1970	1970	Q6027171	prot-1970-höst-fk--45	prot-1970-höst-fk--45_070	prot-1970-höst-fk--45_070.txt	1366	3	i-WK5NoWTGrRRwhrtxuek6tg	70	76	1	2	1	1	169
170	i-c155478886549b2e-3	1970	1970	Q2345137	prot-1970-höst-fk--45	prot-1970-höst-fk--45_071	prot-1970-höst-fk--45_071.txt	487	2	i-XadFh2LnvkoDSsi9SkFspi	71	78	1	9	1	1	170
171	i-cceb7ba30ab71cb6-36	1970	1970	Q6027171	prot-1970-höst-fk--45	prot-1970-höst-fk--45_072	prot-1970-höst-fk--45_072.txt	330	1	i-QwmJJRVXxYqQJ8UgYzb6da	72	79	1	2	1	1	171
172	i-c155478886549b2e-5	1970	1970	Q2345137	prot-1970-höst-fk--45	prot-1970-höst-fk--45_073	prot-1970-höst-fk--45_073.txt	339	2	i-EghHo4Qq1WK4MsrNZ5fq18	73	79	1	9	1	1	172
173	i-cceb7ba30ab71cb6-37	1970	1970	Q6027171	prot-1970-höst-fk--45	prot-1970-höst-fk--45_074	prot-1970-höst-fk--45_074.txt	393	1	i-QGAy8zFyKQD543kD4r5E1n	74	80	1	2	1	1	173
174	i-cceb7ba30ab71cb6-38	1970	1970	Q6017016	prot-1970-höst-fk--45	prot-1970-höst-fk--45_075	prot-1970-höst-fk--45_075.txt	713	6	i-P4djrUeg69SdeW12e5seVZ	75	81	1	9	2	22	174
175	i-e48d92ab00347fdb-0	1970	1970	Q5789726	prot-1970-höst-fk--45	prot-1970-höst-fk--45_076	prot-1970-höst-fk--45_076.txt	293	2	i-RsiFiERj3GESokvkKMqMNm	76	82	1	9	1	1	175
176	i-D9k5h3w3fWBQUQGQ79jL3k	1970	1970	Q927466	prot-1970-höst-fk--46	prot-1970-höst-fk--46_001	prot-1970-höst-fk--46_001.txt	121	3	i-BY5uxHY35n98Ga84wtwiBp	1	3	1	9	2	17	176
177	i-77065fda0d2cea20-0	1970	1970	Q5557484	prot-1970-höst-fk--46	prot-1970-höst-fk--46_002	prot-1970-höst-fk--46_002.txt	385	2	i-UCqgxACMYqXvGgLHKJL1A2	2	3	1	5	1	1	177
178	i-6be1e54be88a2004-0	1970	1970	Q927466	prot-1970-höst-fk--46	prot-1970-höst-fk--46_003	prot-1970-höst-fk--46_003.txt	226	1	i-5P2JG1m934WcLKrQRri2n1	3	4	1	9	2	17	178
179	i-JwC6KBS9eSEHjcfYkjgku6	1970	1970	Q5561426	prot-1970-höst-fk--46	prot-1970-höst-fk--46_004	prot-1970-höst-fk--46_004.txt	273	3	i-6vJwDsbcg2aggWkBZViTLp	4	4	1	9	1	1	179
180	i-3892ccf83f7f42e2-0	1970	1970	Q5577506	prot-1970-höst-fk--46	prot-1970-höst-fk--46_005	prot-1970-höst-fk--46_005.txt	196	1	i-FtYo2hDBxZhhfQGJDNvcQ	5	5	1	9	1	1	180
181	i-3892ccf83f7f42e2-1	1970	1970	Q5969341	prot-1970-höst-fk--46	prot-1970-höst-fk--46_006	prot-1970-höst-fk--46_006.txt	244	2	i-VkAYQyp3Z1mtkdZqj5sN87	6	5	1	9	2	25	181
182	i-6be1e54be88a2004-4	1970	1970	Q108219916	prot-1970-höst-fk--46	prot-1970-höst-fk--46_007	prot-1970-höst-fk--46_007.txt	1337	4	i-VKedsg154qer1eWL4xmdPw	7	6	2	7	1	1	182
183	i-6be1e54be88a2004-8	1970	1970	Q5969341	prot-1970-höst-fk--46	prot-1970-höst-fk--46_008	prot-1970-höst-fk--46_008.txt	294	2	i-QDgKRuibxkfAVh5xspeKzg	8	8	1	9	2	25	183
184	i-6be1e54be88a2004-10	1970	1970	Q108219916	prot-1970-höst-fk--46	prot-1970-höst-fk--46_009	prot-1970-höst-fk--46_009.txt	252	1	i-F4VT8U3VC4mEpPG7ty86Fk	9	9	2	7	1	1	184
185	i-6be1e54be88a2004-11	1970	1970	Q5969341	prot-1970-höst-fk--46	prot-1970-höst-fk--46_010	prot-1970-höst-fk--46_010.txt	65	2	i-3G98fCUo9tjfPbJsxskLGQ	10	9	1	9	2	25	185
186	i-6be1e54be88a2004-14	1970	1970	Q6020187	prot-1970-höst-fk--46	prot-1970-höst-fk--46_011	prot-1970-höst-fk--46_011.txt	258	2	i-HjFzNeuunatEVt2M93adWs	11	10	1	5	1	1	186
187	i-0620affaf4986988-0	1970	1970	Q6231399	prot-1970-höst-fk--46	prot-1970-höst-fk--46_012	prot-1970-höst-fk--46_012.txt	304	3	i-7PVw98K7r84bCN5acDdAnc	12	11	1	7	1	1	187
188	i-6be1e54be88a2004-16	1970	1970	Q5989925	prot-1970-höst-fk--46	prot-1970-höst-fk--46_013	prot-1970-höst-fk--46_013.txt	144	2	i-T5S5jUe92Fpn9PZvuY2W2Q	13	11	1	9	2	30	188
189	i-0620affaf4986988-2	1970	1970	Q6231399	prot-1970-höst-fk--46	prot-1970-höst-fk--46_014	prot-1970-höst-fk--46_014.txt	184	1	i-3bLJMGhNQn7LsW5oksBeUT	14	12	1	7	1	1	189
190	i-0620affaf4986988-3	1970	1970	Q6231399	prot-1970-höst-fk--46	prot-1970-höst-fk--46_015	prot-1970-höst-fk--46_015.txt	359	2	i-P8zrryEbzSqXBuZGmnpPCR	15	12	1	7	1	1	190
191	i-6be1e54be88a2004-18	1970	1970	Q5989925	prot-1970-höst-fk--46	prot-1970-höst-fk--46_016	prot-1970-höst-fk--46_016.txt	458	2	i-QsQRtvcnPP6tipqDTQj1cC	16	13	1	9	2	30	191
192	i-0620affaf4986988-5	1970	1970	Q6231399	prot-1970-höst-fk--46	prot-1970-höst-fk--46_017	prot-1970-höst-fk--46_017.txt	93	1	i-GSyBt8TcENQqSFDT5U8ULs	17	14	1	7	1	1	192
193	i-87776f0e8d2eb709-0	1970	1970	Q5789726	prot-1970-höst-fk--46	prot-1970-höst-fk--46_018	prot-1970-höst-fk--46_018.txt	434	6	i-VXHRAy4EWehfQEM3B6L9Pv	18	14	1	9	1	1	193
194	i-D5TZrZKMXQ55BFHuPZ7usR	1970	1970	Q6047050	prot-1970-höst-fk--46	prot-1970-höst-fk--46_019	prot-1970-höst-fk--46_019.txt	378	4	i-LixCJXUoeLkiJRg8rToybo	19	16	1	9	1	1	194
195	i-b772957cb7ec6058-0	1970	1970	Q5887928	prot-1970-höst-fk--46	prot-1970-höst-fk--46_020	prot-1970-höst-fk--46_020.txt	315	2	i-VZJKh2rXdk2guGWDgbSUqa	20	17	1	9	1	1	195
196	i-4cccab0d3df8ec45-3	1970	1970	Q6047050	prot-1970-höst-fk--46	prot-1970-höst-fk--46_021	prot-1970-höst-fk--46_021.txt	200	2	i-LULTL2MWUXhnQXrqm7HBu1	21	17	1	9	1	1	196
197	i-b772957cb7ec6058-2	1970	1970	Q5887928	prot-1970-höst-fk--46	prot-1970-höst-fk--46_022	prot-1970-höst-fk--46_022.txt	128	2	i-HAf8PuNzsqZPAP81PANRcm	22	18	1	9	1	1	197
198	i-6be1e54be88a2004-20	1970	1970	unknown	prot-1970-höst-fk--46	prot-1970-höst-fk--46_023	prot-1970-höst-fk--46_023.txt	73	1	i-CW2GDoKbEsyb2xHCjsExJS	23	19	0	0	0	0	198
199	i-SqhScuEMrw7KsNfnPQGHjb	1970	1970	unknown	prot-1970-höst-fk--46	prot-1970-höst-fk--46_024	prot-1970-höst-fk--46_024.txt	11	1	i-CW2GDoKbEsyb2xHCjsExJS	24	19	0	0	0	0	199
200	i-6be1e54be88a2004-21	1970	1970	unknown	prot-1970-höst-fk--46	prot-1970-höst-fk--46_025	prot-1970-höst-fk--46_025.txt	30	1	missing	25	20	0	0	0	0	200
201	i-8752b098edfb7acd-0	1970	1970	Q6180594	prot-1970-höst-fk--46	prot-1970-höst-fk--46_026	prot-1970-höst-fk--46_026.txt	853	3	i-Tn9nb4pDrRTb6n9CAHHZtR	26	22	1	5	1	1	201
202	i-6613f56950259eb4-0	1970	1970	Q5807811	prot-1970-höst-fk--46	prot-1970-höst-fk--46_027	prot-1970-höst-fk--46_027.txt	1618	5	i-F6uGSRR3VxSpMN8dxdprQ5	27	24	1	9	1	1	202
203	i-6be1e54be88a2004-22	1970	1970	Q108219916	prot-1970-höst-fk--46	prot-1970-höst-fk--46_028	prot-1970-höst-fk--46_028.txt	323	1	i-NgT3hhcLs2Uq73yAwFM9Po	28	27	2	7	1	1	203
204	i-9dcdca755549b846-0	1970	1970	Q2954414	prot-1970-höst-fk--46	prot-1970-höst-fk--46_029	prot-1970-höst-fk--46_029.txt	1240	4	i-YUTw3gyrtZPi5VtotUhaHa	29	27	1	9	1	1	204
205	i-6613f56950259eb4-4	1970	1970	unknown	prot-1970-höst-fk--46	prot-1970-höst-fk--46_030	prot-1970-höst-fk--46_030.txt	116	1	i-2EYFhe8osn2D2TjB6RXGpy	30	30	0	0	0	0	205
206	i-8752b098edfb7acd-3	1970	1970	Q6180594	prot-1970-höst-fk--46	prot-1970-höst-fk--46_031	prot-1970-höst-fk--46_031.txt	633	2	i-8DnFVuHYQ6jFicU7XoiiMT	31	30	1	5	1	1	206
207	i-6be1e54be88a2004-23	1970	1970	Q108219916	prot-1970-höst-fk--46	prot-1970-höst-fk--46_032	prot-1970-höst-fk--46_032.txt	491	3	i-878VmNLPf4B7edFcpYGKjR	32	31	2	7	1	1	207
208	i-6613f56950259eb4-6	1970	1970	Q5807811	prot-1970-höst-fk--46	prot-1970-höst-fk--46_033	prot-1970-höst-fk--46_033.txt	286	2	i-94mSaVN9rAX3nip4ZMFmQ2	33	32	1	9	1	1	208
209	i-9dcdca755549b846-3	1970	1970	Q2954414	prot-1970-höst-fk--46	prot-1970-höst-fk--46_034	prot-1970-höst-fk--46_034.txt	446	2	i-5J1znvtFzeXQy7oy3VvNET	34	32	1	9	1	1	209
210	i-8752b098edfb7acd-5	1970	1970	Q6180594	prot-1970-höst-fk--46	prot-1970-höst-fk--46_035	prot-1970-höst-fk--46_035.txt	117	1	i-8PQ3MRah4EEQXofg36vj3D	35	33	1	5	1	1	210
211	i-6613f56950259eb4-5	1970	1970	Q5807811	prot-1970-höst-fk--46	prot-1970-höst-fk--46_036	prot-1970-höst-fk--46_036.txt	54	1	i-VqSykrdW7CMAhbiXvNhB7A	36	33	1	9	1	1	211
212	i-9dcdca755549b846-5	1970	1970	Q2954414	prot-1970-höst-fk--46	prot-1970-höst-fk--46_037	prot-1970-höst-fk--46_037.txt	42	1	i-UtAsLQ8kwZnkFpYsum1PgQ	37	33	1	9	1	1	212
213	i-6be1e54be88a2004-27	1970	1970	Q108219916	prot-1970-höst-fk--46	prot-1970-höst-fk--46_038	prot-1970-höst-fk--46_038.txt	243	4	i-CxQmoXy5HyYzMYKfQfYz2K	38	33	2	7	1	1	213
214	i-6be1e54be88a2004-31	1970	1970	Q6340136	prot-1970-höst-fk--46	prot-1970-höst-fk--46_039	prot-1970-höst-fk--46_039.txt	826	2	i-4g9xW3jzR13gNCjSkapMxi	39	36	1	5	1	1	214
215	i-6be1e54be88a2004-33	1970	1970	Q3379728	prot-1970-höst-fk--46	prot-1970-höst-fk--46_040	prot-1970-höst-fk--46_040.txt	677	2	i-LmX8PTipVTdaLqqF2N9hbD	40	37	2	5	1	1	215
216	i-6be1e54be88a2004-35	1970	1970	Q5954195	prot-1970-höst-fk--46	prot-1970-höst-fk--46_041	prot-1970-höst-fk--46_041.txt	1444	3	i-RHKr75rYq11pCjAr7KBsNY	41	39	1	5	1	1	216
217	i-3892ccf83f7f42e2-3	1970	1970	Q5577506	prot-1970-höst-fk--46	prot-1970-höst-fk--46_042	prot-1970-höst-fk--46_042.txt	1355	4	i-DDCkBxH34TVxpxn1h3u6JQ	42	41	1	9	1	1	217
218	i-6be1e54be88a2004-38	1970	1970	Q6340136	prot-1970-höst-fk--46	prot-1970-höst-fk--46_043	prot-1970-höst-fk--46_043.txt	267	1	i-2kS4pt6ooYPNeePC1TxfA3	43	44	1	5	1	1	218
219	i-6be1e54be88a2004-39	1970	1970	Q3379728	prot-1970-höst-fk--46	prot-1970-höst-fk--46_044	prot-1970-höst-fk--46_044.txt	440	2	i-Qkk6VpwTBnebaP4aSqXmfM	44	44	2	5	1	1	219
220	i-6be1e54be88a2004-41	1970	1970	Q5954195	prot-1970-höst-fk--46	prot-1970-höst-fk--46_045	prot-1970-höst-fk--46_045.txt	344	2	i-V4Wg1TbWsGRbj2kQvAughv	45	45	1	5	1	1	220
221	i-3892ccf83f7f42e2-6	1970	1970	Q5577506	prot-1970-höst-fk--46	prot-1970-höst-fk--46_046	prot-1970-höst-fk--46_046.txt	842	3	i-MYdk3Ry3g6XjzMLMpWaRJD	46	45	1	9	1	1	221
222	i-6be1e54be88a2004-43	1970	1970	Q6340136	prot-1970-höst-fk--46	prot-1970-höst-fk--46_047	prot-1970-höst-fk--46_047.txt	213	2	i-Uhw6juAFZAmXnkUzU9BMt6	47	47	1	5	1	1	222
223	i-6be1e54be88a2004-45	1970	1970	Q3379728	prot-1970-höst-fk--46	prot-1970-höst-fk--46_048	prot-1970-höst-fk--46_048.txt	259	2	i-WdNDT5X7CimkQnjKy85Ltb	48	47	2	5	1	1	223
224	i-3892ccf83f7f42e2-9	1970	1970	Q5577506	prot-1970-höst-fk--46	prot-1970-höst-fk--46_049	prot-1970-höst-fk--46_049.txt	404	1	i-P7McpWfHrVMq1FwpXgrABz	49	48	1	9	1	1	224
225	i-6be1e54be88a2004-47	1970	1970	Q6340136	prot-1970-höst-fk--46	prot-1970-höst-fk--46_050	prot-1970-höst-fk--46_050.txt	164	5	i-TELatFJ2PxLCuhybSztv1u	50	48	1	5	1	1	225
226	i-6be1e54be88a2004-54	1970	1970	Q6070749	prot-1970-höst-fk--46	prot-1970-höst-fk--46_051	prot-1970-höst-fk--46_051.txt	1079	8	i-6CGJAfZWbstAs5HHFvMQGK	51	51	1	5	1	1	226
227	i-6be1e54be88a2004-59	1970	1970	Q6046795	prot-1970-höst-fk--46	prot-1970-höst-fk--46_052	prot-1970-höst-fk--46_052.txt	314	2	i-9SxqN3q61EgePufT8beybc	52	53	1	9	1	1	227
228	i-bd4f8dd8fb6c96bc-0	1970	1970	Q369024	prot-1970-höst-fk--46	prot-1970-höst-fk--46_053	prot-1970-höst-fk--46_053.txt	646	4	i-SM4sWLWhqUp45X87U2CMGm	53	54	1	11	1	1	228
229	i-5970a486bb0df1f9-0	1970	1970	Q5802833	prot-1970-höst-fk--46	prot-1970-höst-fk--46_054	prot-1970-höst-fk--46_054.txt	228	1	i-5PG4VY5XwwB78Kxyi5aAwW	54	55	1	7	1	1	229
230	i-4cccab0d3df8ec45-5	1970	1970	unknown	prot-1970-höst-fk--46	prot-1970-höst-fk--46_055	prot-1970-höst-fk--46_055.txt	240	1	i-H5tzxLRrvnucjn57HEf9Ky	55	55	0	0	0	0	230
231	i-4cccab0d3df8ec45-6	1970	1970	unknown	prot-1970-höst-fk--46	prot-1970-höst-fk--46_056	prot-1970-höst-fk--46_056.txt	285	1	i-H5tzxLRrvnucjn57HEf9Ky	56	56	0	0	0	0	231
232	i-23DX9qdcHvk84HFb5hkcMS	1970	1970	unknown	prot-1970-höst-fk--46	prot-1970-höst-fk--46_057	prot-1970-höst-fk--46_057.txt	10	1	missing	57	56	0	0	0	0	232
233	i-4cccab0d3df8ec45-7	1970	1970	unknown	prot-1970-höst-fk--46	prot-1970-höst-fk--46_058	prot-1970-höst-fk--46_058.txt	232	1	missing	58	56	0	0	0	0	233
234	i-NZAmPuWddVb4PjQQG2nYXK	1970	1970	unknown	prot-1970-höst-fk--46	prot-1970-höst-fk--46_059	prot-1970-höst-fk--46_059.txt	12	1	missing	59	56	0	0	0	0	234
235	i-4cccab0d3df8ec45-8	1970	1970	unknown	prot-1970-höst-fk--46	prot-1970-höst-fk--46_060	prot-1970-höst-fk--46_060.txt	51	1	missing	60	56	0	0	0	0	235
236	i-4cccab0d3df8ec45-9	1970	1970	unknown	prot-1970-höst-fk--46	prot-1970-höst-fk--46_061	prot-1970-höst-fk--46_061.txt	243	1	missing	61	57	0	0	0	0	236
237	i-6347b30b76ee49dd-0	1970	1970	Q369024	prot-1970-höst-fk--46	prot-1970-höst-fk--46_062	prot-1970-höst-fk--46_062.txt	139	1	i-ANe5UjnAYmSgK8qckWaPc6	62	57	1	11	1	1	237
238	i-6be1e54be88a2004-96	1970	1970	Q6070749	prot-1970-höst-fk--46	prot-1970-höst-fk--46_063	prot-1970-höst-fk--46_063.txt	301	2	i-CnAHpwnYzrpFPKQNFJr6gm	63	57	1	5	1	1	238
239	i-6e96558551dfc101-0	1970	1970	unknown	prot-1970-höst-fk--46	prot-1970-höst-fk--46_064	prot-1970-höst-fk--46_064.txt	121	1	i-JnMS4CQE2Zd5Fqhrhq1qHN	64	58	0	0	0	0	239
240	i-6be1e54be88a2004-97	1970	1970	Q6070749	prot-1970-höst-fk--46	prot-1970-höst-fk--46_065	prot-1970-höst-fk--46_065.txt	59	1	i-R34jkMFaqKpFcFfA1GhDq	65	58	1	5	1	1	240
241	i-3f68455fa2525544-0	1970	1970	Q5554059	prot-1970-höst-fk--46	prot-1970-höst-fk--46_066	prot-1970-höst-fk--46_066.txt	500	4	i-bnvd8irgo9Z4ij7hKtxDA	66	58	1	5	1	1	241
242	i-6be1e54be88a2004-60	1970	1970	Q4966432	prot-1970-höst-fk--46	prot-1970-höst-fk--46_067	prot-1970-höst-fk--46_067.txt	1148	10	i-5h6mRSkAxeA1wrX71tyCXz	67	62	2	9	1	1	242
243	i-6be1e54be88a2004-66	1970	1970	Q5546257	prot-1970-höst-fk--46	prot-1970-höst-fk--46_068	prot-1970-höst-fk--46_068.txt	1004	4	i-6WkxMqzFENgmUbuTW8oGtG	68	64	1	5	1	1	243
244	i-6be1e54be88a2004-70	1970	1970	Q4966432	prot-1970-höst-fk--46	prot-1970-höst-fk--46_069	prot-1970-höst-fk--46_069.txt	216	2	i-EUBJzKxEartEmXbTwg2wyb	69	66	2	9	1	1	244
245	i-6be1e54be88a2004-72	1970	1970	Q5546257	prot-1970-höst-fk--46	prot-1970-höst-fk--46_070	prot-1970-höst-fk--46_070.txt	152	3	i-VysYuH4CmKrjBJaEvCqAAZ	70	66	1	5	1	1	245
246	i-92996c1e7f101a93-0	1970	1970	Q6257757	prot-1970-höst-fk--46	prot-1970-höst-fk--46_071	prot-1970-höst-fk--46_071.txt	1288	5	i-57SVsNWMJuXv8Ag8PKkjBY	71	68	1	5	1	1	246
247	i-Any1y8noP2q48xoCDddLnC	1970	1970	Q6170780	prot-1970-höst-fk--46	prot-1970-höst-fk--46_072	prot-1970-höst-fk--46_072.txt	518	5	i-HukzQXrcA6gpdbZ6Rwcgw1	72	70	1	7	1	1	247
248	i-6be1e54be88a2004-80	1970	1970	Q6017016	prot-1970-höst-fk--46	prot-1970-höst-fk--46_073	prot-1970-höst-fk--46_073.txt	831	4	i-GcPKxKjVf4rcd7dbRnYGs8	73	71	1	9	2	22	248
249	i-c0a56e8ee4fe12af-4	1970	1970	Q6170780	prot-1970-höst-fk--46	prot-1970-höst-fk--46_074	prot-1970-höst-fk--46_074.txt	139	1	i-3RSgRxYC7TfZ161GjdxS9M	74	73	1	7	1	1	249
250	i-9dcdca755549b846-6	1970	1970	Q2954414	prot-1970-höst-fk--46	prot-1970-höst-fk--46_075	prot-1970-höst-fk--46_075.txt	338	2	i-2e2JoCSkL53wkWwg2uBp1i	75	73	1	9	1	1	250
251	i-84VvK9wtPBmpJaBuQQ3xsd	1970	1970	unknown	prot-1970-höst-fk--46	prot-1970-höst-fk--46_076	prot-1970-höst-fk--46_076.txt	14	1	i-39Mc6UGaw2ZLs6uQK3vPFe	76	74	0	0	0	0	251
252	i-6be1e54be88a2004-86	1970	1970	unknown	prot-1970-höst-fk--46	prot-1970-höst-fk--46_077	prot-1970-höst-fk--46_077.txt	121	1	i-39Mc6UGaw2ZLs6uQK3vPFe	77	75	0	0	0	0	252
253	i-D5QLYLuh6GhEyaDUGFNuk1	1970	1970	unknown	prot-1970-höst-fk--46	prot-1970-höst-fk--46_078	prot-1970-höst-fk--46_078.txt	20	1	missing	78	75	0	0	0	0	253
254	i-6kaLdEgPSCQFHgNQjrKjse	1970	1970	unknown	prot-1970-höst-fk--46	prot-1970-höst-fk--46_079	prot-1970-höst-fk--46_079.txt	25	1	missing	79	75	0	0	0	0	254
255	i-Kzvx6rFZyNTSdbbMsSKudV	1970	1970	unknown	prot-1970-höst-fk--46	prot-1970-höst-fk--46_080	prot-1970-höst-fk--46_080.txt	34	1	missing	80	75	0	0	0	0	255
256	i-6be1e54be88a2004-87	1970	1970	unknown	prot-1970-höst-fk--46	prot-1970-höst-fk--46_081	prot-1970-höst-fk--46_081.txt	25	1	missing	81	75	0	0	0	0	256
257	i-fe06aa736fc448b3-0	1970	1970	Q6010180	prot-1970-höst-fk--46	prot-1970-höst-fk--46_082	prot-1970-höst-fk--46_082.txt	364	3	i-oYUGXs3ymU4mrcLcorfdV	82	76	1	2	1	1	257
258	i-AZBdNXSzApTxTk8pjYF7ts	1970	1970	Q116040430	prot-1970-höst-fk--46	prot-1970-höst-fk--46_083	prot-1970-höst-fk--46_083.txt	579	5	i-KsXGfg8y7NveFu4ZyPCuTB	83	77	1	7	1	1	258
259	i-9dcdca755549b846-10	1970	1970	Q2954414	prot-1970-höst-fk--46	prot-1970-höst-fk--46_084	prot-1970-höst-fk--46_084.txt	694	3	i-4b31DUsdubycw58QcyC7Aj	84	78	1	9	1	1	259
260	i-fe06aa736fc448b3-2	1970	1970	Q6010180	prot-1970-höst-fk--46	prot-1970-höst-fk--46_085	prot-1970-höst-fk--46_085.txt	188	2	i-9t2Zt5eAsksS7ADqhfNSK3	85	79	1	2	1	1	260
261	i-defe4e9c614ae3a2-3	1970	1970	Q116040430	prot-1970-höst-fk--46	prot-1970-höst-fk--46_086	prot-1970-höst-fk--46_086.txt	39	1	i-3b3cjFnPecmrbW62sr5Y93	86	80	1	7	1	1	261
262	i-9dcdca755549b846-13	1970	1970	Q2954414	prot-1970-höst-fk--46	prot-1970-höst-fk--46_087	prot-1970-höst-fk--46_087.txt	210	2	i-LMit2TyoitR7VYB5NrU456	87	80	1	9	1	1	262
263	i-fe06aa736fc448b3-4	1970	1970	Q6010180	prot-1970-höst-fk--46	prot-1970-höst-fk--46_088	prot-1970-höst-fk--46_088.txt	91	1	i-XwNZRnKVhg9SJkLBJn1yGP	88	80	1	2	1	1	263
264	i-9dcdca755549b846-15	1970	1970	Q2954414	prot-1970-höst-fk--46	prot-1970-höst-fk--46_089	prot-1970-höst-fk--46_089.txt	166	2	i-717iPcDqKuJQzeuD6kAs9w	89	80	1	9	1	1	264
265	i-07f8bb6500f3d27f-0	1970	1970	Q6255268	prot-1970-höst-fk--46	prot-1970-höst-fk--46_090	prot-1970-höst-fk--46_090.txt	2039	13	i-QkiqkPJVU6yEpxLD2gEHRQ	90	82	1	7	1	1	265
266	i-56ZGBN1z5MhJtgK7TbKq7Q	1970	1970	Q6194302	prot-1970-höst-fk--46	prot-1970-höst-fk--46_091	prot-1970-höst-fk--46_091.txt	501	4	i-GrH2oaGaaM7Hx1KSZm3rB2	91	86	1	9	1	1	266
267	i-07f8bb6500f3d27f-10	1970	1970	Q6255268	prot-1970-höst-fk--46	prot-1970-höst-fk--46_092	prot-1970-höst-fk--46_092.txt	574	3	i-HoDrkZVw9XyTWJCbbBoWq7	92	87	1	7	1	1	267
268	i-b806bf9edf539b9f-4	1970	1970	Q6194302	prot-1970-höst-fk--46	prot-1970-höst-fk--46_093	prot-1970-höst-fk--46_093.txt	133	2	i-kKwchvmGcCczwx5qpBvmM	93	88	1	9	1	1	268
269	i-PLdxuoex6AF2jmD66WkKbM	1970	1970	unknown	prot-1970-höst-fk--46	prot-1970-höst-fk--46_094	prot-1970-höst-fk--46_094.txt	21	1	i-QTXv4S4qVbJSug8jSGuXLk	94	93	0	0	0	0	269
270	i-6be1e54be88a2004-89	1970	1970	Q3424655	prot-1970-höst-fk--46	prot-1970-höst-fk--46_095	prot-1970-höst-fk--46_095.txt	2102	8	i-Rb5yPNtEnwcSC5HgW9LJFi	95	94	1	5	1	1	270
271	i-3558ae7c1b094e0e-0	1970	1970	Q5715273	prot-1970-höst-fk--46	prot-1970-höst-fk--46_096	prot-1970-höst-fk--46_096.txt	389	2	i-K2zMg7q6rdAQdCd6asg5sA	96	98	1	9	1	1	271
272	i-3558ae7c1b094e0e-2	1970	1970	unknown	prot-1970-höst-fk--46	prot-1970-höst-fk--46_097	prot-1970-höst-fk--46_097.txt	35	1	i-BVfwrihpA5T7uDEYYvye84	97	98	0	0	0	0	272
273	i-7emR4Nd9U6pXyyrYH4BiXT	1970	1970	unknown	prot-1970-höst-fk--46	prot-1970-höst-fk--46_098	prot-1970-höst-fk--46_098.txt	20	1	i-BVfwrihpA5T7uDEYYvye84	98	98	0	0	0	0	273
274	i-NkRums6b1CHQZGRCi5YnEj	1971	1971	Q53707	prot-1971--1	prot-1971--1_001	prot-1971--1_001.txt	797	14	i-Bkg44LZGSspFsRj2JPUygm	1	6	1	9	1	0	274
275	i-PSaLxkiDMMu9nREkUjr2Sb	1971	1971	Q5887636	prot-1971--1	prot-1971--1_002	prot-1971--1_002.txt	45	2	i-HdLbiXshQR8TDDP4VMJnnQ	2	22	1	9	1	0	275
276	i-HDWUcfNFyaj7g9HS2MLMPH	1971	1971	unknown	prot-1971--1	prot-1971--1_003	prot-1971--1_003.txt	9	1	i-CKMmaHhBXUs3osofsGmp3i	3	22	0	0	0	0	276
277	i-6yjMcH63pBFcVcpEjNwdPf	1971	1971	Q1606431	prot-1971--1	prot-1971--1_004	prot-1971--1_004.txt	20	2	i-UkQxch5pf9NNYtCNdkpfot	4	22	1	9	1	0	277
278	i-WENY46LuAstmZMDQEMd56Q	1971	1971	unknown	prot-1971--1	prot-1971--1_005	prot-1971--1_005.txt	18	1	i-Suz7d5bLSBxBVgiFKy5CFr	5	23	0	0	0	0	278
279	i-3UVgmZFHWxUSggRrJmhjGz	1971	1971	unknown	prot-1971--1	prot-1971--1_006	prot-1971--1_006.txt	11	1	i-KxrsXzKNt2UGTZKrwMr7Cj	6	23	0	0	0	0	279
280	i-J15iVsvza53Nvu3MgnZPj	1971	1971	Q1606431	prot-1971--1	prot-1971--1_007	prot-1971--1_007.txt	51	1	i-8LTrg4tWJK2URB3MxgDM2a	7	23	1	9	1	0	280
281	i-RA6h3yZzfd1aDtsbngM7VB	1971	1971	unknown	prot-1971--1	prot-1971--1_008	prot-1971--1_008.txt	61	1	i-99VbHXArrQRwfF8rdNJxCZ	8	24	0	0	0	0	281
282	i-XLer2db5288gsgfWtpBFjC	1971	1971	unknown	prot-1971--1	prot-1971--1_009	prot-1971--1_009.txt	64	1	i-99VbHXArrQRwfF8rdNJxCZ	9	24	0	0	0	0	282
283	i-93a68b64a21edd1d-1	1971	1971	unknown	prot-1971--1	prot-1971--1_010	prot-1971--1_010.txt	13	1	missing	10	24	0	0	0	0	283
284	i-CrLyo6WntTQnoKVoaG1i9L	1971	1971	unknown	prot-1971--1	prot-1971--1_011	prot-1971--1_011.txt	23	1	missing	11	24	0	0	0	0	284
285	i-WQdLbMLDQisPVMTkGRwSoJ	1971	1971	unknown	prot-1971--2	prot-1971--2_001	prot-1971--2_001.txt	9	1	missing	1	6	0	0	0	0	285
286	i-FQhBDbWZEe6axdTGfpVKRX	1971	1971	unknown	prot-1971--2	prot-1971--2_002	prot-1971--2_002.txt	25	1	missing	2	6	0	0	0	0	286
287	i-Nybx6AZfsYtQBMtbf7dhJr	1971	1971	unknown	prot-1971--2	prot-1971--2_003	prot-1971--2_003.txt	7	1	missing	3	6	0	0	0	0	287
288	i-JwRwZdR3KgY8jW68bCDACH	1971	1971	unknown	prot-1971--2	prot-1971--2_004	prot-1971--2_004.txt	52	1	missing	4	6	0	0	0	0	288
289	i-SvgRqjJahHao1ACtQ845qm	1971	1971	unknown	prot-1971--2	prot-1971--2_005	prot-1971--2_005.txt	68	1	missing	5	6	0	0	0	0	289
290	i-E3MN4JpDhoaXeQS7rAdVn1	1971	1971	unknown	prot-1971--2	prot-1971--2_006	prot-1971--2_006.txt	31	1	missing	6	6	0	0	0	0	290
291	i-Qx9atcAoFD94ZkEor8eLf3	1971	1971	unknown	prot-1971--2	prot-1971--2_007	prot-1971--2_007.txt	68	1	missing	7	6	0	0	0	0	291
292	i-4nVVadb8PywrNy6FtA8iYc	1971	1971	unknown	prot-1971--2	prot-1971--2_008	prot-1971--2_008.txt	11	1	missing	8	6	0	0	0	0	292
293	i-PUu3Z5soBfDVo1mNimoJYW	1971	1971	unknown	prot-1971--2	prot-1971--2_009	prot-1971--2_009.txt	47	1	missing	9	7	0	0	0	0	293
294	i-HqfvmmQesJKYpRahcNnU5n	1971	1971	unknown	prot-1971--2	prot-1971--2_010	prot-1971--2_010.txt	35	1	missing	10	7	0	0	0	0	294
295	i-TtBNbN3UUVRKuJXA8WSVTB	1971	1971	unknown	prot-1971--2	prot-1971--2_011	prot-1971--2_011.txt	16	1	missing	11	7	0	0	0	0	295
296	i-9xqNTnDtDNLK2kaqt1njBd	1971	1971	unknown	prot-1971--2	prot-1971--2_012	prot-1971--2_012.txt	58	1	missing	12	7	0	0	0	0	296
297	i-Vkah3mjawTZ5zeZvXfD5sc	1971	1971	unknown	prot-1971--2	prot-1971--2_013	prot-1971--2_013.txt	19	1	missing	13	7	0	0	0	0	297
298	i-BZ4YFUEb6gkrzZvwwHbeXq	1971	1971	unknown	prot-1971--2	prot-1971--2_014	prot-1971--2_014.txt	13	1	missing	14	7	0	0	0	0	298
299	i-NLkPFjaog2fuH6Gi5vKgM9	1971	1971	unknown	prot-1971--2	prot-1971--2_015	prot-1971--2_015.txt	18	1	missing	15	7	0	0	0	0	299
300	i-5T59gjkk833Hjm5aWh2c4T	1971	1971	unknown	prot-1971--2	prot-1971--2_016	prot-1971--2_016.txt	30	1	missing	16	7	0	0	0	0	300
301	i-Hv2LVdxq5hm1MEhS6xuCP1	1971	1971	unknown	prot-1971--2	prot-1971--2_017	prot-1971--2_017.txt	28	1	missing	17	7	0	0	0	0	301
302	i-T9mxYFgKHLKwPxMcdNohP4	1971	1971	unknown	prot-1971--2	prot-1971--2_018	prot-1971--2_018.txt	13	1	missing	18	7	0	0	0	0	302
303	i-LgS6MGtoojgUegBEkffMJ2	1971	1971	unknown	prot-1971--2	prot-1971--2_019	prot-1971--2_019.txt	24	1	missing	19	7	0	0	0	0	303
304	i-3x2JmxRHWpNLD1zqo2Qpbs	1971	1971	unknown	prot-1971--2	prot-1971--2_020	prot-1971--2_020.txt	23	1	missing	20	7	0	0	0	0	304
305	i-W94Ucmqda9EJH2dnBFR7RQ	1971	1971	unknown	prot-1971--2	prot-1971--2_021	prot-1971--2_021.txt	26	1	missing	21	7	0	0	0	0	305
306	i-ABFTGvM4TnaS39n6WaMQSZ	1971	1971	unknown	prot-1971--2	prot-1971--2_022	prot-1971--2_022.txt	23	1	missing	22	7	0	0	0	0	306
307	i-LsvkUG8rsvyWrAfsj8CBfG	1971	1971	unknown	prot-1971--2	prot-1971--2_023	prot-1971--2_023.txt	25	1	missing	23	8	0	0	0	0	307
308	i-P6NYGVJRBcq3HkN5dkN5sh	1971	1971	Q1606431	prot-1971--2	prot-1971--2_024	prot-1971--2_024.txt	395	12	i-3gGhneRp5MKBWsTy4CHUVE	24	8	1	9	1	0	308
309	i-d677f22b18382dff-0	1980	1980	Q707581	prot-198081--1	prot-198081--1_001	prot-198081--1_001.txt	204	8	i-XN9xPnavSm16xxVkAi9Bov	1	5	1	9	2	7	309
310	i-RuBxgNphkAXnU5wsdBzNvT	1980	1980	unknown	prot-198081--1	prot-198081--1_002	prot-198081--1_002.txt	27	1	i-FLAKbERfSWgAbLUCwKHSoz	2	9	0	0	0	0	310
311	i-XvXJAh7SRmUzGcLMXhs9Qq	1980	1980	unknown	prot-198081--1	prot-198081--1_003	prot-198081--1_003.txt	36	1	i-FLAKbERfSWgAbLUCwKHSoz	3	9	0	0	0	0	311
312	i-HhYGpERpFvZRySSExdzbCu	1980	1980	unknown	prot-198081--1	prot-198081--1_004	prot-198081--1_004.txt	19	1	missing	4	9	0	0	0	0	312
313	i-MAyRLwiveKqnEZ5t8BBor	1980	1980	Q707581	prot-198081--2	prot-198081--2_001	prot-198081--2_001.txt	12	1	i-Aq16PqA3hUXkNv4ybgNgpY	1	5	1	9	2	7	313
314	i-UjQKh9k2Lz68JzxQUpS17z	1980	1980	unknown	prot-198081--2	prot-198081--2_002	prot-198081--2_002.txt	64	1	i-2wbZFwBnB361VPCTSESs8x	2	5	0	0	0	0	314
315	i-3bjmCP5S18F6yXVmKwvYJb	1980	1980	unknown	prot-198081--2	prot-198081--2_003	prot-198081--2_003.txt	30	1	i-2wbZFwBnB361VPCTSESs8x	3	5	0	0	0	0	315
316	i-XS1M2cj42vzmtLS83jsSGZ	1980	1980	unknown	prot-198081--2	prot-198081--2_004	prot-198081--2_004.txt	23	1	missing	4	5	0	0	0	0	316
317	i-LpRV1VaoM6YHcFGJZUAecn	1980	1980	unknown	prot-198081--2	prot-198081--2_005	prot-198081--2_005.txt	27	1	missing	5	5	0	0	0	0	317
318	i-8m5mV6M5v93MXTfcG8PHvu	1980	1980	unknown	prot-198081--2	prot-198081--2_006	prot-198081--2_006.txt	40	1	missing	6	5	0	0	0	0	318
319	i-9UsJ5zTg1YejzMnMDVu8vh	1980	1980	unknown	prot-198081--2	prot-198081--2_007	prot-198081--2_007.txt	52	1	missing	7	6	0	0	0	0	319
320	i-UNxzsSoSmuoiWsuTgC2ewC	1980	1980	unknown	prot-198081--2	prot-198081--2_008	prot-198081--2_008.txt	36	1	missing	8	6	0	0	0	0	320
321	i-AR8xAwoBvas4vRxJHL9y8V	1980	1980	unknown	prot-198081--2	prot-198081--2_009	prot-198081--2_009.txt	64	1	missing	9	6	0	0	0	0	321
322	i-3JFFuKcceQHCVkeJwLSj13	1980	1980	unknown	prot-198081--2	prot-198081--2_010	prot-198081--2_010.txt	42	1	missing	10	6	0	0	0	0	322
323	i-AzDihxjgTRcuUrMKJiFUuc	1980	1980	unknown	prot-198081--2	prot-198081--2_011	prot-198081--2_011.txt	66	1	missing	11	6	0	0	0	0	323
324	i-QnUYSfuJTtwVxF5Sd72ZoR	1980	1980	unknown	prot-198081--2	prot-198081--2_012	prot-198081--2_012.txt	34	1	missing	12	6	0	0	0	0	324
325	i-6Lt38q3cY3fz8Sg2VBehez	1980	1980	unknown	prot-198081--2	prot-198081--2_013	prot-198081--2_013.txt	20	1	missing	13	6	0	0	0	0	325
326	i-WcgqCFuVy52aiaXGjMv3q3	1980	1980	unknown	prot-198081--2	prot-198081--2_014	prot-198081--2_014.txt	51	1	missing	14	6	0	0	0	0	326
327	i-2CMSX8BYvBNWcQ8YBXwatg	1980	1980	unknown	prot-198081--2	prot-198081--2_015	prot-198081--2_015.txt	23	1	missing	15	6	0	0	0	0	327
328	i-EitB3WTCfxjWcR4gC7cR1m	1980	1980	unknown	prot-198081--2	prot-198081--2_016	prot-198081--2_016.txt	14	1	missing	16	7	0	0	0	0	328
329	i-B1GxrgRPh3KL6BoUauXjZ2	1980	1980	unknown	prot-198081--2	prot-198081--2_017	prot-198081--2_017.txt	34	1	missing	17	7	0	0	0	0	329
330	i-6axLj9JAyksdLizBeSaTRx	1980	1980	unknown	prot-198081--2	prot-198081--2_018	prot-198081--2_018.txt	20	1	missing	18	7	0	0	0	0	330
331	i-NxZ9iPGyx4yS6fXFiSYWJ4	1980	1980	unknown	prot-198081--2	prot-198081--2_019	prot-198081--2_019.txt	29	1	missing	19	7	0	0	0	0	331
332	i-QgnBzw48UYrG6JFYS2MCWd	1980	1980	unknown	prot-198081--2	prot-198081--2_020	prot-198081--2_020.txt	37	1	missing	20	7	0	0	0	0	332
333	i-MBfTuZuevhv86YXHLVWLuC	1980	1980	unknown	prot-198081--2	prot-198081--2_021	prot-198081--2_021.txt	27	1	missing	21	7	0	0	0	0	333
334	i-5YNQxUfp1fCmCLqsC8wH5M	1980	1980	unknown	prot-198081--2	prot-198081--2_022	prot-198081--2_022.txt	52	1	missing	22	7	0	0	0	0	334
335	i-MsTE2uVbXst7MmHyF63oU6	1980	1980	unknown	prot-198081--2	prot-198081--2_023	prot-198081--2_023.txt	34	1	missing	23	7	0	0	0	0	335
336	i-Ur91Wm3RHCmsbaMtJf5dEJ	1980	1980	unknown	prot-198081--2	prot-198081--2_024	prot-198081--2_024.txt	24	1	missing	24	7	0	0	0	0	336
337	i-2BzHjNN741qa6abbvSCdh9	1980	1980	unknown	prot-198081--2	prot-198081--2_025	prot-198081--2_025.txt	51	1	missing	25	7	0	0	0	0	337
338	i-UYo38Y1jYPDPcgaiTQpWKq	1980	1980	unknown	prot-198081--2	prot-198081--2_026	prot-198081--2_026.txt	38	1	missing	26	7	0	0	0	0	338
339	i-TPZNXbyXyocRgBqXKFb1tJ	1980	1980	unknown	prot-198081--2	prot-198081--2_027	prot-198081--2_027.txt	36	1	missing	27	8	0	0	0	0	339
340	i-FQzr7ywFbhtb6EZSuC6usP	1980	1980	unknown	prot-198081--2	prot-198081--2_028	prot-198081--2_028.txt	70	1	missing	28	8	0	0	0	0	340
341	i-3hymV1izUxWDys64tgdqno	1980	1980	unknown	prot-198081--2	prot-198081--2_029	prot-198081--2_029.txt	45	1	missing	29	8	0	0	0	0	341
342	i-XKHVygSMupJzzynhY2iac3	1980	1980	unknown	prot-198081--2	prot-198081--2_030	prot-198081--2_030.txt	35	1	missing	30	8	0	0	0	0	342
343	i-BJMEGwxAW1DuVGTMcs9FSZ	1980	1980	unknown	prot-198081--2	prot-198081--2_031	prot-198081--2_031.txt	14	1	missing	31	8	0	0	0	0	343
344	i-BHUvBdbk1Tsd846jRxN3z5	1980	1980	unknown	prot-198081--2	prot-198081--2_032	prot-198081--2_032.txt	38	1	missing	32	8	0	0	0	0	344
345	i-BVDd5uFVtQAyZNLHXsqK9a	1980	1980	unknown	prot-198081--2	prot-198081--2_033	prot-198081--2_033.txt	27	1	missing	33	8	0	0	0	0	345
346	i-Jk6HvXMqeRj8JHS6y12GM3	1980	1980	unknown	prot-198081--2	prot-198081--2_034	prot-198081--2_034.txt	13	1	missing	34	8	0	0	0	0	346
347	i-DU2H16eSWf9mV5DEZzefMm	1980	1980	unknown	prot-198081--2	prot-198081--2_035	prot-198081--2_035.txt	30	1	missing	35	8	0	0	0	0	347
348	i-5FMrUCBuS6rxZ4qqCiwL9V	1980	1980	unknown	prot-198081--2	prot-198081--2_036	prot-198081--2_036.txt	18	1	missing	36	8	0	0	0	0	348
349	i-HxRXMbYkdoF382JpyJro6K	1980	1980	unknown	prot-198081--2	prot-198081--2_037	prot-198081--2_037.txt	38	1	missing	37	8	0	0	0	0	349
350	i-HPqvYqWDggMXRvjEm19gV4	1980	1980	unknown	prot-198081--2	prot-198081--2_038	prot-198081--2_038.txt	8	1	missing	38	8	0	0	0	0	350
351	i-TPsbM5r7FUxgKAB9ge2tu9	1980	1980	unknown	prot-198081--2	prot-198081--2_039	prot-198081--2_039.txt	23	1	missing	39	9	0	0	0	0	351
352	i-JD9yJqoJJiXqbNgw5MwWGb	1980	1980	unknown	prot-198081--2	prot-198081--2_040	prot-198081--2_040.txt	32	1	missing	40	9	0	0	0	0	352
353	i-97UuBLc2yy2Rkc2qanMsBY	1980	1980	unknown	prot-198081--2	prot-198081--2_041	prot-198081--2_041.txt	37	1	missing	41	9	0	0	0	0	353
354	i-FfjLkhDmP6UQ9YprKXev9G	1980	1980	unknown	prot-198081--2	prot-198081--2_042	prot-198081--2_042.txt	32	1	missing	42	9	0	0	0	0	354
355	i-4ZYYWJ4WQTc2UCc5Mg53ia	1980	1980	unknown	prot-198081--2	prot-198081--2_043	prot-198081--2_043.txt	19	1	missing	43	9	0	0	0	0	355
356	i-XZgGoMXmMrHUuWqCzA1aQ1	1980	1980	unknown	prot-198081--2	prot-198081--2_044	prot-198081--2_044.txt	31	1	missing	44	9	0	0	0	0	356
357	i-TUJibiUBdVSjc9AMrtQbdG	1980	1980	unknown	prot-198081--2	prot-198081--2_045	prot-198081--2_045.txt	49	1	missing	45	9	0	0	0	0	357
358	i-DYGE8gMeMsgg8WXEKiXyKV	1980	1980	unknown	prot-198081--2	prot-198081--2_046	prot-198081--2_046.txt	41	1	missing	46	9	0	0	0	0	358
