[{"u_id":"i-NkRums6b1CHQZGRCi5YnEj","who":"Q53707","prev_id":null,"next_id":"i-6fAbP4iJaiCQAtts7reL1v","paragraphs":["\u00c4rade kammarledam\u00f6ter ! I enlighet med grundlagens bud \u00e5ligger det riksdagens \u00e4ldste ledamot att h\u00e4lsa er v\u00e4lkomna till enkammarriksdagens f\u00f6rsta m\u00f6te ."],"annotation":"token\tlemma\tpos\txpos\n\u00c4rade\t\u00e4rad\tPC\tPC.PRF.UTR+NEU.PLU.IND+DEF.NOM\nkammarledam\u00f6ter\tkammarledamot\tNN\tNN.UTR.PLU.IND.NOM\n!\t!\tMID\tMID\nI\ti\tPP\tPP\nenlighet\tenlighet\tNN\tNN.UTR.SIN.IND.NOM\nmed\tmed\tPP\tPP\ngrundlagens\tgrundlag\tNN\tNN.UTR.SIN.DEF.GEN\nbud\tbud\tNN\tNN.NEU.SIN.IND.NOM\n\u00e5ligger\t\u00e5ligga\tVB\tVB.PRS.AKT\ndet\tdet\tPN\tPN.NEU.SIN.DEF.SUB+OBJ\nriksdagens\triksdag\tNN\tNN.UTR.SIN.DEF.GEN\n\u00e4ldste\tgammal\tJJ\tJJ.SUV.MAS.SIN.DEF.NOM\nledamot\tledamot\tNN\tNN.UTR.SIN.IND.NOM\natt\tatt\tIE\tIE\nh\u00e4lsa\th\u00e4lsa\tVB\tVB.INF.AKT\ner\tni\tPN\tPN.UTR.PLU.DEF.OBJ\nv\u00e4lkomna\tv\u00e4lkommen\tJJ\tJJ.POS.UTR+NEU.PLU.IND+DEF.NOM\ntill\ttill\tPP\tPP\nenkammarriksdagens\tenkammarriksdag\tNN\tNN.UTR.SIN.DEF.GEN\nf\u00f6rsta\tf\u00f6rsta\tRO\tRO.NOM\nm\u00f6te\tm\u00f6te\tNN\tNN.NEU.SIN.IND.NOM\n.\t.\tMAD\tMAD","page_number":6,"speaker_note_id":"i-Bkg44LZGSspFsRj2JPUygm","num_tokens":22,"num_words":22},{"u_id":"i-RXyW8mqZVGcikAkr3Fnb52","who":"Q53707","prev_id":"i-NkRums6b1CHQZGRCi5YnEj","next_id":null,"paragraphs":["Vi har en ny riksdag och ett nytt riksdagshus . Men de flesta av oss riksdagsledam\u00f6ter \u00e4r desamma som f\u00f6rut . Vi har inte \u00e4ndrat oss . V\u00e5ra debatter blir v\u00e4l som f\u00f6rut : n\u00e5gon g\u00e5ng t\u00e4ndande och v\u00e4gledande , ofta sakrika och upplysande , men kanske en aning omst\u00e4ndliga . Vi har f\u00e5tt nya moderniteter , som \u00f6kar riksdagens m\u00f6jligheter att via massmedia p\u00e5verka den allm\u00e4nna opinionen . Det \u00e4r en f\u00f6rdel som vi b\u00f6r utnyttja , men det \u00e4r ocks\u00e5 ett ansvar som vi b\u00f6r visa oss v\u00e4rdiga ."],"annotation":"token\tlemma\tpos\txpos\nVi\tvi\tPN\tPN.UTR.PLU.DEF.SUB\nhar\tha\tVB\tVB.PRS.AKT\nen\ten\tDT\tDT.UTR.SIN.IND\nny\tny\tJJ\tJJ.POS.UTR.SIN.IND.NOM\nriksdag\triksdag\tNN\tNN.UTR.SIN.IND.NOM\noch\toch\tKN\tKN\nett\ten\tDT\tDT.NEU.SIN.IND\nnytt\tny\tJJ\tJJ.POS.NEU.SIN.IND.NOM\nriksdagshus\triksdagshus\tNN\tNN.NEU.SIN.IND.NOM\n.\t.\tMAD\tMAD\nMen\tmen\tKN\tKN\nde\tden\tDT\tDT.UTR+NEU.PLU.DEF\nflesta\tfler\tJJ\tJJ.SUV.UTR+NEU.PLU.DEF.NOM\nav\tav\tPP\tPP\noss\tvi\tPN\tPN.UTR.PLU.DEF.OBJ\nriksdagsledam\u00f6ter\triksdagsledamot\tNN\tNN.UTR.PLU.IND.NOM\n\u00e4r\tvara\tVB\tVB.PRS.AKT\ndesamma\tdesamma\tPN\tPN.UTR+NEU.PLU.DEF.SUB+OBJ\nsom\tsom\tKN\tKN\nf\u00f6rut\tf\u00f6rut\tAB\tAB\n.\t.\tMID\tMID\nVi\tvi\tPN\tPN.UTR.PLU.DEF.SUB\nhar\tha\tVB\tVB.PRS.AKT\ninte\tinte\tAB\tAB\n\u00e4ndrat\t\u00e4ndra\tVB\tVB.SUP.AKT\noss\tvi\tPN\tPN.UTR.PLU.DEF.OBJ\n.\t.\tMAD\tMAD\nV\u00e5ra\tv\u00e5r\tPS\tPS.UTR+NEU.PLU.DEF\ndebatter\tdebatt\tNN\tNN.UTR.PLU.IND.NOM\nblir\tbli\tVB\tVB.PRS.AKT\nv\u00e4l\tv\u00e4l\tAB\tAB\nsom\tsom\tKN\tKN\nf\u00f6rut\tf\u00f6rut\tAB\tAB\n:\t:\tMID\tMID\nn\u00e5gon\tn\u00e5gon\tDT\tDT.UTR.SIN.IND\ng\u00e5ng\tg\u00e5ng\tNN\tNN.UTR.SIN.IND.NOM\nt\u00e4ndande\tt\u00e4ndande\tPC\tPC.PRS.UTR+NEU.SIN+PLU.IND+DEF.NOM\noch\toch\tKN\tKN\nv\u00e4gledande\tv\u00e4gledande\tPC\tPC.PRS.UTR+NEU.SIN+PLU.IND+DEF.NOM\n,\t,\tMID\tMID\nofta\tofta\tAB\tAB.POS\nsakrika\tsakrik\tJJ\tJJ.POS.UTR+NEU.PLU.IND+DEF.NOM\noch\toch\tKN\tKN\nupplysande\tupplysande\tPC\tPC.PRS.UTR+NEU.SIN+PLU.IND+DEF.NOM\n,\t,\tMID\tMID\nmen\tmen\tKN\tKN\nkanske\tkanske\tAB\tAB\nen\ten\tDT\tDT.UTR.SIN.IND\naning\taning\tNN\tNN.UTR.SIN.IND.NOM\nomst\u00e4ndliga\tomst\u00e4ndlig\tJJ\tJJ.POS.UTR+NEU.PLU.IND+DEF.NOM\n.\t.\tMAD\tMAD\nVi\tvi\tPN\tPN.UTR.PLU.DEF.SUB\nhar\tha\tVB\tVB.PRS.AKT\nf\u00e5tt\tf\u00e5\tVB\tVB.SUP.AKT\nnya\tny\tJJ\tJJ.POS.UTR+NEU.PLU.IND+DEF.NOM\nmoderniteter\tmodernitet\tNN\tNN.UTR.PLU.IND.NOM\n,\t,\tMID\tMID\nsom\tsom\tHP\tHP.-.-.-\n\u00f6kar\t\u00f6ka\tVB\tVB.PRS.AKT\nriksdagens\triksdag\tNN\tNN.UTR.SIN.DEF.GEN\nm\u00f6jligheter\tm\u00f6jlighet\tNN\tNN.UTR.PLU.IND.NOM\natt\tatt\tIE\tIE\nvia\tvia\tPP\tPP\nmassmedia\tmassmedia\tNN\tNN.NEU.PLU.IND.NOM\np\u00e5verka\tp\u00e5verka\tVB\tVB.INF.AKT\nden\tden\tDT\tDT.UTR.SIN.DEF\nallm\u00e4nna\tallm\u00e4n\tJJ\tJJ.POS.UTR+NEU.SIN.DEF.NOM\nopinionen\topinion\tNN\tNN.UTR.SIN.DEF.NOM\n.\t.\tMID\tMID\nDet\tdet\tPN\tPN.NEU.SIN.DEF.SUB+OBJ\n\u00e4r\tvara\tVB\tVB.PRS.AKT\nen\ten\tDT\tDT.UTR.SIN.IND\nf\u00f6rdel\tf\u00f6rdel\tNN\tNN.UTR.SIN.IND.NOM\nsom\tsom\tHP\tHP.-.-.-\nvi\tvi\tPN\tPN.UTR.PLU.DEF.SUB\nb\u00f6r\tb\u00f6ra\tVB\tVB.PRS.AKT\nutnyttja\tutnyttja\tVB\tVB.INF.AKT\n,\t,\tMID\tMID\nmen\tmen\tKN\tKN\ndet\tdet\tPN\tPN.NEU.SIN.DEF.SUB+OBJ\n\u00e4r\tvara\tVB\tVB.PRS.AKT\nocks\u00e5\tocks\u00e5\tAB\tAB\nett\ten\tDT\tDT.NEU.SIN.IND\nansvar\tansvar\tNN\tNN.NEU.SIN.IND.NOM\nsom\tsom\tHP\tHP.-.-.-\nvi\tvi\tPN\tPN.UTR.PLU.DEF.SUB\nb\u00f6r\tb\u00f6ra\tVB\tVB.PRS.AKT\nvisa\tvisa\tVB\tVB.INF.AKT\noss\tvi\tPN\tPN.UTR.PLU.DEF.OBJ\nv\u00e4rdiga\tv\u00e4rdig\tJJ\tJJ.POS.UTR+NEU.PLU.IND+DEF.NOM\n.\t.\tMAD\tMAD","page_number":6,"speaker_note_id":"i-Bkg44LZGSspFsRj2JPUygm","num_tokens":91,"num_words":91},{"u_id":"i-JHKkUD1nELCw6BVMbDAssa","who":"Q53707","prev_id":"i-NkRums6b1CHQZGRCi5YnEj","next_id":null,"paragraphs":["F\u00f6rfattningsreformen f\u00f6ljer det f\u00f6rslag som grundlagberedningen under Valter \u00c5mans ledning med s\u00e5 stor snabbhet utarbetade . Den \u00e4r en kompromiss mellan uppfattningar , som \u00e4r olika men icke of\u00f6renliga ."],"annotation":"token\tlemma\tpos\txpos\nF\u00f6rfattningsreformen\tf\u00f6rfattningsreform\tNN\tNN.UTR.SIN.DEF.NOM\nf\u00f6ljer\tf\u00f6lja\tVB\tVB.PRS.AKT\ndet\tden\tDT\tDT.NEU.SIN.DEF\nf\u00f6rslag\tf\u00f6rslag\tNN\tNN.NEU.SIN.IND.NOM\nsom\tsom\tHP\tHP.-.-.-\ngrundlagberedningen\tgrundlagberedning\tNN\tNN.UTR.SIN.DEF.NOM\nunder\tunder\tPP\tPP\nValter\tValter\tPM\tPM.NOM\n\u00c5mans\t\u00c5man\tPM\tPM.GEN\nledning\tledning\tNN\tNN.UTR.SIN.IND.NOM\nmed\tmed\tPP\tPP\ns\u00e5\ts\u00e5\tAB\tAB\nstor\tstor\tJJ\tJJ.POS.UTR.SIN.IND.NOM\nsnabbhet\tsnabbhet\tNN\tNN.UTR.SIN.IND.NOM\nutarbetade\tutarbeta\tVB\tVB.PRT.AKT\n.\t.\tMID\tMID\nDen\tden\tPN\tPN.UTR.SIN.DEF.SUB+OBJ\n\u00e4r\tvara\tVB\tVB.PRS.AKT\nen\ten\tDT\tDT.UTR.SIN.IND\nkompromiss\tkompromiss\tNN\tNN.UTR.SIN.IND.NOM\nmellan\tmellan\tPP\tPP\nuppfattningar\tuppfattning\tNN\tNN.UTR.PLU.IND.NOM\n,\t,\tMID\tMID\nsom\tsom\tHP\tHP.-.-.-\n\u00e4r\tvara\tVB\tVB.PRS.AKT\nolika\tolik\tJJ\tJJ.POS.UTR+NEU.PLU.IND+DEF.NOM\nmen\tmen\tKN\tKN\nicke\ticke\tAB\tAB\nof\u00f6renliga\tof\u00f6renlig\tJJ\tJJ.POS.UTR+NEU.PLU.IND+DEF.NOM\n.\t.\tMAD\tMAD","page_number":6,"speaker_note_id":"i-Bkg44LZGSspFsRj2JPUygm","num_tokens":30,"num_words":30},{"u_id":"i-B5TJjh7TjVSBNDHUmFRY2U","who":"Q53707","prev_id":"i-NkRums6b1CHQZGRCi5YnEj","next_id":null,"paragraphs":["Att vi f\u00e5tt en kammare i st\u00e4llet f\u00f6r tv\u00e5 b\u00f6r effektivisera arbetet . Att riksdagen nu i sin helhet v\u00e4ljes vid ett och samma tillf\u00e4lle g\u00f6r att medborgarnas politiska bed\u00f6mning snabbare p\u00e5verkar riksledningen \u00e4n tidigare . Vi har \u00f6vergivit teorin om att de politiska makterna borde balansera varandra ."],"annotation":"token\tlemma\tpos\txpos\nAtt\tatt\tSN\tSN\nvi\tvi\tPN\tPN.UTR.PLU.DEF.SUB\nf\u00e5tt\tf\u00e5\tVB\tVB.SUP.AKT\nen\ten\tDT\tDT.UTR.SIN.IND\nkammare\tkammare\tNN\tNN.UTR.SIN.IND.NOM\ni\ti\tPP\tPP\nst\u00e4llet\tst\u00e4lle\tNN\tNN.NEU.SIN.DEF.NOM\nf\u00f6r\tf\u00f6r\tPP\tPP\ntv\u00e5\ttv\u00e5\tRG\tRG.NOM\nb\u00f6r\tb\u00f6ra\tVB\tVB.PRS.AKT\neffektivisera\teffektivisera\tVB\tVB.INF.AKT\narbetet\tarbete\tNN\tNN.NEU.SIN.DEF.NOM\n.\t.\tMAD\tMAD\nAtt\tatt\tSN\tSN\nriksdagen\triksdag\tNN\tNN.UTR.SIN.DEF.NOM\nnu\tnu\tAB\tAB\ni\ti\tPP\tPP\nsin\tsin\tPS\tPS.UTR.SIN.DEF\nhelhet\thelhet\tNN\tNN.UTR.SIN.IND.NOM\nv\u00e4ljes\tv\u00e4lja\tVB\tVB.PRS.SFO\nvid\tvid\tPP\tPP\nett\ten\tDT\tDT.NEU.SIN.IND\noch\toch\tKN\tKN\nsamma\tsamma\tDT\tDT.UTR+NEU.SIN+PLU.IND\ntillf\u00e4lle\ttillf\u00e4lle\tNN\tNN.NEU.SIN.IND.NOM\ng\u00f6r\tg\u00f6ra\tVB\tVB.PRS.AKT\natt\tatt\tSN\tSN\nmedborgarnas\tmedborgare\tNN\tNN.UTR.PLU.DEF.GEN\npolitiska\tpolitisk\tJJ\tJJ.POS.UTR+NEU.SIN.DEF.NOM\nbed\u00f6mning\tbed\u00f6mning\tNN\tNN.UTR.SIN.IND.NOM\nsnabbare\tsnabbt\tAB\tAB.KOM\np\u00e5verkar\tp\u00e5verka\tVB\tVB.PRS.AKT\nriksledningen\triksledning\tNN\tNN.UTR.SIN.DEF.NOM\n\u00e4n\t\u00e4n\tKN\tKN\ntidigare\ttidigt\tAB\tAB.KOM\n.\t.\tMID\tMID\nVi\tvi\tPN\tPN.UTR.PLU.DEF.SUB\nhar\tha\tVB\tVB.PRS.AKT\n\u00f6vergivit\t\u00f6vergiva\tVB\tVB.SUP.AKT\nteorin\tteori\tNN\tNN.UTR.SIN.DEF.NOM\nom\tom\tPP\tPP\natt\tatt\tSN\tSN\nde\tden\tDT\tDT.UTR+NEU.PLU.DEF\npolitiska\tpolitisk\tJJ\tJJ.POS.UTR+NEU.PLU.IND+DEF.NOM\nmakterna\tmakt\tNN\tNN.UTR.PLU.DEF.NOM\nborde\tb\u00f6ra\tVB\tVB.PRT.AKT\nbalansera\tbalansera\tVB\tVB.INF.AKT\nvarandra\tvarandra\tPN\tPN.UTR+NEU.PLU.DEF.OBJ\n.\t.\tMAD\tMAD","page_number":6,"speaker_note_id":"i-Bkg44LZGSspFsRj2JPUygm","num_tokens":49,"num_words":49},{"u_id":"i-5hhud1CnkP9ydHTCnWKXhC","who":"Q53707","prev_id":"i-NkRums6b1CHQZGRCi5YnEj","next_id":null,"paragraphs":["Det nya vals\u00e4ttet inneb\u00e4r att vi ytterligare n\u00e4rmat oss den totala proportionaliteten . Riksdagens sammans\u00e4ttning blir d\u00e4rf\u00f6r en verklighetstrogen bild av folkviljan , s\u00e5 l\u00e5ngt denna tar sig uttryck i v\u00e5ra politiska partier . Den vinst , som d\u00e4rigenom g\u00f6res , \u00e4r betydande . Men den f\u00e5r v\u00e4gas mot farh\u00e5gorna f\u00f6r att en l\u00e5ngt driven proportionalism kan \u00f6ka den politiska splittringen . Det \u00e4r v\u00e4l ingen st\u00f6rre olycka , om totalproportionalismen f\u00f6rdr\u00f6jer sammanslagningen av samarbetande partier , men om partisplittringen drives f\u00f6r l\u00e5ngt , kan den leda till att riksdagens handlingskraft f\u00f6rsvagas eller rent av f\u00f6rloras . Tappar riksdagen f\u00f6rm\u00e5gan att handla , hj\u00e4lper det f\u00f6ga hur vi \u00e4n f\u00f6rb\u00e4ttrar v\u00e5ra arbetsmetoder . V\u00e5r st\u00e4llning som den politiska utvecklingens drivkraft blir likv\u00e4l rubbad ."],"annotation":"token\tlemma\tpos\txpos\nDet\tden\tDT\tDT.NEU.SIN.DEF\nnya\tny\tJJ\tJJ.POS.UTR+NEU.SIN.DEF.NOM\nvals\u00e4ttet\tvals\u00e4tt\tNN\tNN.NEU.SIN.DEF.NOM\ninneb\u00e4r\tinneb\u00e4ra\tVB\tVB.PRS.AKT\natt\tatt\tSN\tSN\nvi\tvi\tPN\tPN.UTR.PLU.DEF.SUB\nytterligare\tytterligt\tAB\tAB.KOM\nn\u00e4rmat\tn\u00e4rma\tVB\tVB.SUP.AKT\noss\tvi\tPN\tPN.UTR.PLU.DEF.OBJ\nden\tden\tDT\tDT.UTR.SIN.DEF\ntotala\ttotal\tJJ\tJJ.POS.UTR+NEU.SIN.DEF.NOM\nproportionaliteten\tproportionalitet\tNN\tNN.UTR.SIN.DEF.NOM\n.\t.\tMAD\tMAD\nRiksdagens\triksdag\tNN\tNN.UTR.SIN.DEF.GEN\nsammans\u00e4ttning\tsammans\u00e4ttning\tNN\tNN.UTR.SIN.IND.NOM\nblir\tbli\tVB\tVB.PRS.AKT\nd\u00e4rf\u00f6r\td\u00e4rf\u00f6r\tAB\tAB\nen\ten\tDT\tDT.UTR.SIN.IND\nverklighetstrogen\tverklighetstrogen\tJJ\tJJ.POS.UTR.SIN.IND.NOM\nbild\tbild\tNN\tNN.UTR.SIN.IND.NOM\nav\tav\tPP\tPP\nfolkviljan\tfolkvilja\tNN\tNN.UTR.SIN.DEF.NOM\n,\t,\tMID\tMID\ns\u00e5\ts\u00e5\tAB\tAB\nl\u00e5ngt\tl\u00e5ngt\tAB\tAB.POS\ndenna\tdenna\tPN\tPN.UTR.SIN.DEF.SUB+OBJ\ntar\tta\tVB\tVB.PRS.AKT\nsig\tsig\tPN\tPN.UTR+NEU.SIN+PLU.DEF.OBJ\nuttryck\tuttryck\tNN\tNN.NEU.SIN.IND.NOM\ni\ti\tPP\tPP\nv\u00e5ra\tv\u00e5r\tPS\tPS.UTR+NEU.PLU.DEF\npolitiska\tpolitisk\tJJ\tJJ.POS.UTR+NEU.PLU.IND+DEF.NOM\npartier\tparti\tNN\tNN.NEU.PLU.IND.NOM\n.\t.\tMAD\tMAD\nDen\tden\tDT\tDT.UTR.SIN.DEF\nvinst\tvinst\tNN\tNN.UTR.SIN.IND.NOM\n,\t,\tMID\tMID\nsom\tsom\tHP\tHP.-.-.-\nd\u00e4rigenom\td\u00e4rigenom\tAB\tAB\ng\u00f6res\tg\u00f6ra\tVB\tVB.PRS.SFO\n,\t,\tMID\tMID\n\u00e4r\tvara\tVB\tVB.PRS.AKT\nbetydande\tbetydande\tPC\tPC.PRS.UTR+NEU.SIN+PLU.IND+DEF.NOM\n.\t.\tMAD\tMAD\nMen\tmen\tKN\tKN\nden\tden\tPN\tPN.UTR.SIN.DEF.SUB+OBJ\nf\u00e5r\tf\u00e5\tVB\tVB.PRS.AKT\nv\u00e4gas\tv\u00e4ga\tVB\tVB.INF.SFO\nmot\tmot\tPP\tPP\nfarh\u00e5gorna\tfarh\u00e5ga\tNN\tNN.UTR.PLU.DEF.NOM\nf\u00f6r\tf\u00f6r\tPP\tPP\natt\tatt\tSN\tSN\nen\ten\tDT\tDT.UTR.SIN.IND\nl\u00e5ngt\tl\u00e5ngt\tAB\tAB.POS\ndriven\tdrive\tJJ\tJJ.POS.UTR.SIN.IND.NOM\nproportionalism\tproportionalism\tNN\tNN.UTR.SIN.IND.NOM\nkan\tkunna\tVB\tVB.PRS.AKT\n\u00f6ka\t\u00f6ka\tVB\tVB.INF.AKT\nden\tden\tDT\tDT.UTR.SIN.DEF\npolitiska\tpolitisk\tJJ\tJJ.POS.UTR+NEU.SIN.DEF.NOM\nsplittringen\tsplittring\tNN\tNN.UTR.SIN.DEF.NOM\n.\t.\tMID\tMID\nDet\tdet\tPN\tPN.NEU.SIN.DEF.SUB+OBJ\n\u00e4r\tvara\tVB\tVB.PRS.AKT\nv\u00e4l\tv\u00e4l\tAB\tAB\ningen\tingen\tDT\tDT.UTR.SIN.IND\nst\u00f6rre\tstor\tJJ\tJJ.KOM.UTR+NEU.SIN+PLU.IND+DEF.NOM\nolycka\tolycka\tNN\tNN.UTR.SIN.IND.NOM\n,\t,\tMID\tMID\nom\tom\tSN\tSN\ntotalproportionalismen\ttotalproportionalism\tNN\tNN.UTR.SIN.DEF.NOM\nf\u00f6rdr\u00f6jer\tf\u00f6rdr\u00f6ja\tVB\tVB.PRS.AKT\nsammanslagningen\tsammanslagning\tNN\tNN.UTR.SIN.DEF.NOM\nav\tav\tPP\tPP\nsamarbetande\tsamarbetande\tPC\tPC.PRS.UTR+NEU.SIN+PLU.IND+DEF.NOM\npartier\tparti\tNN\tNN.NEU.PLU.IND.NOM\n,\t,\tMID\tMID\nmen\tmen\tKN\tKN\nom\tom\tSN\tSN\npartisplittringen\tpartisplittring\tNN\tNN.UTR.SIN.DEF.NOM\ndrives\tdriva\tVB\tVB.PRS.SFO\nf\u00f6r\tf\u00f6r\tAB\tAB\nl\u00e5ngt\tl\u00e5ngt\tAB\tAB.POS\n,\t,\tMID\tMID\nkan\tkunna\tVB\tVB.PRS.AKT\nden\tden\tPN\tPN.UTR.SIN.DEF.SUB+OBJ\nleda\tleda\tVB\tVB.INF.AKT\ntill\ttill\tPP\tPP\natt\tatt\tSN\tSN\nriksdagens\triksdag\tNN\tNN.UTR.SIN.DEF.GEN\nhandlingskraft\thandlingskraft\tNN\tNN.UTR.SIN.IND.NOM\nf\u00f6rsvagas\tf\u00f6rsvaga\tVB\tVB.PRS.SFO\neller\teller\tKN\tKN\nrent\trent\tAB\tAB.POS\nav\tav\tAB\tAB\nf\u00f6rloras\tf\u00f6rlora\tVB\tVB.PRS.SFO\n.\t.\tMID\tMID\nTappar\ttappa\tVB\tVB.PRS.AKT\nriksdagen\triksdag\tNN\tNN.UTR.SIN.DEF.NOM\nf\u00f6rm\u00e5gan\tf\u00f6rm\u00e5ga\tNN\tNN.UTR.SIN.DEF.NOM\natt\tatt\tIE\tIE\nhandla\thandla\tVB\tVB.INF.AKT\n,\t,\tMID\tMID\nhj\u00e4lper\thj\u00e4lpa\tVB\tVB.PRS.AKT\ndet\tdet\tPN\tPN.NEU.SIN.DEF.SUB+OBJ\nf\u00f6ga\tf\u00f6ga\tAB\tAB\nhur\thur\tHA\tHA\nvi\tvi\tPN\tPN.UTR.PLU.DEF.SUB\n\u00e4n\t\u00e4n\tAB\tAB\nf\u00f6rb\u00e4ttrar\tf\u00f6rb\u00e4ttra\tVB\tVB.PRS.AKT\nv\u00e5ra\tv\u00e5r\tPS\tPS.UTR+NEU.PLU.DEF\narbetsmetoder\tarbetsmetod\tNN\tNN.UTR.PLU.IND.NOM\n.\t.\tMAD\tMAD\nV\u00e5r\tv\u00e5r\tPS\tPS.UTR.SIN.DEF\nst\u00e4llning\tst\u00e4llning\tNN\tNN.UTR.SIN.IND.NOM\nsom\tsom\tKN\tKN\nden\tden\tDT\tDT.UTR.SIN.DEF\npolitiska\tpolitisk\tJJ\tJJ.POS.UTR+NEU.SIN.DEF.NOM\nutvecklingens\tutveckling\tNN\tNN.UTR.SIN.DEF.GEN\ndrivkraft\tdrivkraft\tNN\tNN.UTR.SIN.IND.NOM\nblir\tbli\tVB\tVB.PRS.AKT\nlikv\u00e4l\tlikv\u00e4l\tAB\tAB\nrubbad\trubbad\tPC\tPC.PRF.UTR.SIN.IND.NOM\n.\t.\tMAD\tMAD","page_number":6,"speaker_note_id":"i-Bkg44LZGSspFsRj2JPUygm","num_tokens":124,"num_words":124},{"u_id":"i-47MANvBmCPRWKAm4wauoj2","who":"Q53707","prev_id":"i-NkRums6b1CHQZGRCi5YnEj","next_id":null,"paragraphs":["Det \u00e4r ocks\u00e5 viktigt att medborgarna uppfattar de fr\u00e5gor som h\u00e4r behandlas som sina angel\u00e4genheter . De f\u00e5r inte k\u00e4nna utest\u00e4ngdhet eller fr\u00e4mlingskap inf\u00f6r v\u00e5rt arbete . Vi m\u00e5ste bek\u00e4mpa s\u00e5dana st\u00e4mningar som den amerikanske forskaren Jack Walker skildrar i sitt 1966 utgivna arbete . Han skriver : \u201d F\u00f6r de flesta medborgare \u00e4r politiken avl\u00e4gsen , f\u00f6rvillande och meningsl\u00f6s , d\u00e5 den inte har n\u00e5gon direkt relation med arbetslivets eller familjelivets dagsbekymmer . \u201d"],"annotation":"token\tlemma\tpos\txpos\nDet\tdet\tPN\tPN.NEU.SIN.DEF.SUB+OBJ\n\u00e4r\tvara\tVB\tVB.PRS.AKT\nocks\u00e5\tocks\u00e5\tAB\tAB\nviktigt\tviktig\tJJ\tJJ.POS.NEU.SIN.IND.NOM\natt\tatt\tSN\tSN\nmedborgarna\tmedborgare\tNN\tNN.UTR.PLU.DEF.NOM\nuppfattar\tuppfatta\tVB\tVB.PRS.AKT\nde\tden\tDT\tDT.UTR+NEU.PLU.DEF\nfr\u00e5gor\tfr\u00e5ga\tNN\tNN.UTR.PLU.IND.NOM\nsom\tsom\tHP\tHP.-.-.-\nh\u00e4r\th\u00e4r\tAB\tAB\nbehandlas\tbehandla\tVB\tVB.PRS.SFO\nsom\tsom\tKN\tKN\nsina\tsin\tPS\tPS.UTR+NEU.PLU.DEF\nangel\u00e4genheter\tangel\u00e4genhet\tNN\tNN.UTR.PLU.IND.NOM\n.\t.\tMID\tMID\nDe\tde\tPN\tPN.UTR+NEU.PLU.DEF.SUB\nf\u00e5r\tf\u00e5\tVB\tVB.PRS.AKT\ninte\tinte\tAB\tAB\nk\u00e4nna\tk\u00e4nna\tVB\tVB.INF.AKT\nutest\u00e4ngdhet\tutest\u00e4ngdhet\tNN\tNN.UTR.SIN.IND.NOM\neller\teller\tKN\tKN\nfr\u00e4mlingskap\tfr\u00e4mlingskap\tNN\tNN.NEU.SIN.IND.NOM\ninf\u00f6r\tinf\u00f6r\tPP\tPP\nv\u00e5rt\tv\u00e5r\tPS\tPS.NEU.SIN.DEF\narbete\tarbete\tNN\tNN.NEU.SIN.IND.NOM\n.\t.\tMAD\tMAD\nVi\tvi\tPN\tPN.UTR.PLU.DEF.SUB\nm\u00e5ste\tm\u00e5ste\tVB\tVB.PRS.AKT\nbek\u00e4mpa\tbek\u00e4mpa\tVB\tVB.INF.AKT\ns\u00e5dana\ts\u00e5dan\tJJ\tJJ.POS.UTR+NEU.PLU.IND.NOM\nst\u00e4mningar\tst\u00e4mning\tNN\tNN.UTR.PLU.IND.NOM\nsom\tsom\tHP\tHP.-.-.-\nden\tden\tDT\tDT.UTR.SIN.DEF\namerikanske\tamerikansk\tJJ\tJJ.POS.MAS.SIN.DEF.NOM\nforskaren\tforskare\tNN\tNN.UTR.SIN.DEF.NOM\nJack\tJack\tPM\tPM.NOM\nWalker\tWalker\tPM\tPM.NOM\nskildrar\tskildra\tVB\tVB.PRS.AKT\ni\ti\tPP\tPP\nsitt\tsin\tPS\tPS.NEU.SIN.DEF\n1966\t1966\tRG\tRG.NOM\nutgivna\tutgiven\tPC\tPC.PRF.UTR+NEU.SIN.DEF.NOM\narbete\tarbete\tNN\tNN.NEU.SIN.IND.NOM\n.\t.\tMAD\tMAD\nHan\than\tPN\tPN.UTR.SIN.DEF.SUB\nskriver\tskriva\tVB\tVB.PRS.AKT\n:\t:\tMID\tMID\n\u201d\t\u201d\tPAD\tPAD\nF\u00f6r\tf\u00f6r\tPP\tPP\nde\tden\tDT\tDT.UTR+NEU.PLU.DEF\nflesta\tfler\tJJ\tJJ.SUV.UTR+NEU.PLU.DEF.NOM\nmedborgare\tmedborgare\tNN\tNN.UTR.PLU.IND.NOM\n\u00e4r\tvara\tVB\tVB.PRS.AKT\npolitiken\tpolitik\tNN\tNN.UTR.SIN.DEF.NOM\navl\u00e4gsen\tavl\u00e4gsen\tJJ\tJJ.POS.UTR.SIN.IND.NOM\n,\t,\tMID\tMID\nf\u00f6rvillande\tf\u00f6rvillande\tPC\tPC.PRS.UTR+NEU.SIN+PLU.IND+DEF.NOM\noch\toch\tKN\tKN\nmeningsl\u00f6s\tmeningsl\u00f6s\tJJ\tJJ.POS.UTR.SIN.IND.NOM\n,\t,\tMID\tMID\nd\u00e5\td\u00e5\tHA\tHA\nden\tden\tPN\tPN.UTR.SIN.DEF.SUB+OBJ\ninte\tinte\tAB\tAB\nhar\tha\tVB\tVB.PRS.AKT\nn\u00e5gon\tn\u00e5gon\tDT\tDT.UTR.SIN.IND\ndirekt\tdirekt\tJJ\tJJ.POS.UTR.SIN.IND.NOM\nrelation\trelation\tNN\tNN.UTR.SIN.IND.NOM\nmed\tmed\tPP\tPP\narbetslivets\tarbetsliv\tNN\tNN.NEU.SIN.DEF.GEN\neller\teller\tKN\tKN\nfamiljelivets\tfamiljeliv\tNN\tNN.NEU.SIN.DEF.GEN\ndagsbekymmer\tdagsbekymmer\tNN\tNN.NEU.SIN.IND.NOM\n.\t.\tMAD\tMAD\n\u201d\t\u201d\tPAD\tPAD","page_number":6,"speaker_note_id":"i-Bkg44LZGSspFsRj2JPUygm","num_tokens":75,"num_words":75},{"u_id":"i-2nf6rzHToqD7iTEYeeeyuG","who":"Q53707","prev_id":"i-NkRums6b1CHQZGRCi5YnEj","next_id":null,"paragraphs":["Vi har i v\u00e5rt land speciella f\u00f6ruts\u00e4ttningar f\u00f6r att f\u00f6rm\u00e5 medborgarna"],"annotation":"token\tlemma\tpos\txpos\nVi\tvi\tPN\tPN.UTR.PLU.DEF.SUB\nhar\tha\tVB\tVB.PRS.AKT\ni\ti\tPP\tPP\nv\u00e5rt\tv\u00e5r\tPS\tPS.NEU.SIN.DEF\nland\tland\tNN\tNN.NEU.SIN.IND.NOM\nspeciella\tspeciell\tJJ\tJJ.POS.UTR+NEU.PLU.IND+DEF.NOM\nf\u00f6ruts\u00e4ttningar\tf\u00f6ruts\u00e4ttning\tNN\tNN.UTR.PLU.IND.NOM\nf\u00f6r\tf\u00f6r\tPP\tPP\natt\tatt\tIE\tIE\nf\u00f6rm\u00e5\tf\u00f6rm\u00e5\tVB\tVB.INF.AKT\nmedborgarna\tmedborgare\tNN\tNN.UTR.PLU.DEF.NOM","page_number":6,"speaker_note_id":"i-Bkg44LZGSspFsRj2JPUygm","num_tokens":11,"num_words":11},{"u_id":"i-9zbViTvLk9hB7Zuwmuoxj3","who":"Q53707","prev_id":"i-NkRums6b1CHQZGRCi5YnEj","next_id":null,"paragraphs":["att delta i det politiska arbetet . Vi har v\u00e5ra starka organisationer , framf\u00f6r allt givetvis p\u00e5 den fackliga och den politiska sidan , men ocks\u00e5 v\u00e5ra andra stora folkr\u00f6relser . Vi har dessutom h\u00e4r en b\u00e4ttre arbetande kommunal demokrati \u00e4n p\u00e5 de flesta andra h\u00e5ll . Kommunalpolitiken sysslar med f\u00f6r medborgarna n\u00e4raliggande och livsviktiga problem s\u00e5som sjukv\u00e5rd , bost\u00e4der , stadsplanering och milj\u00f6politik . Kommunalpolitiken har d\u00e4rf\u00f6r f\u00f6ruts\u00e4ttningar att klarg\u00f6ra f\u00f6r medborgarna att den politiska verksam hetens m\u00e5l \u00e4r den enskilda m\u00e4nniskans v\u00e4lf\u00e4rd och trygghet . Inom kommunalpolitiken b\u00f6r det ocks\u00e5 finnas stora m\u00f6jligheter att f\u00f6rm\u00e5 medborgarna att delta och engagera sig . I den nya f\u00f6rfattningen sammankopplas kommunaloch rikspolitiken \u00e4nnu starkare \u00e4n i den gamla . Det b\u00f6r medf\u00f6ra ett \u00f6kat medborgarintresse \u00e4ven f\u00f6r riksdagens arbete ."],"annotation":"token\tlemma\tpos\txpos\natt\tatt\tIE\tIE\ndelta\tdelta\tVB\tVB.INF.AKT\ni\ti\tPP\tPP\ndet\tden\tDT\tDT.NEU.SIN.DEF\npolitiska\tpolitisk\tJJ\tJJ.POS.UTR+NEU.SIN.DEF.NOM\narbetet\tarbete\tNN\tNN.NEU.SIN.DEF.NOM\n.\t.\tMAD\tMAD\nVi\tvi\tPN\tPN.UTR.PLU.DEF.SUB\nhar\tha\tVB\tVB.PRS.AKT\nv\u00e5ra\tv\u00e5r\tPS\tPS.UTR+NEU.PLU.DEF\nstarka\tstark\tJJ\tJJ.POS.UTR+NEU.PLU.IND+DEF.NOM\norganisationer\torganisation\tNN\tNN.UTR.PLU.IND.NOM\n,\t,\tMID\tMID\nframf\u00f6r\tframf\u00f6r\tPP\tPP\nallt\tallt\tPN\tPN.NEU.SIN.IND.SUB+OBJ\ngivetvis\tgivetvis\tAB\tAB\np\u00e5\tp\u00e5\tPP\tPP\nden\tden\tDT\tDT.UTR.SIN.DEF\nfackliga\tfacklig\tJJ\tJJ.POS.UTR+NEU.SIN.DEF.NOM\noch\toch\tKN\tKN\nden\tden\tDT\tDT.UTR.SIN.DEF\npolitiska\tpolitisk\tJJ\tJJ.POS.UTR+NEU.SIN.DEF.NOM\nsidan\tsida\tNN\tNN.UTR.SIN.DEF.NOM\n,\t,\tMID\tMID\nmen\tmen\tKN\tKN\nocks\u00e5\tocks\u00e5\tAB\tAB\nv\u00e5ra\tv\u00e5r\tPS\tPS.UTR+NEU.PLU.DEF\nandra\tannan\tJJ\tJJ.POS.UTR+NEU.PLU.IND+DEF.NOM\nstora\tstor\tJJ\tJJ.POS.UTR+NEU.PLU.IND+DEF.NOM\nfolkr\u00f6relser\tfolkr\u00f6relse\tNN\tNN.UTR.PLU.IND.NOM\n.\t.\tMAD\tMAD\nVi\tvi\tPN\tPN.UTR.PLU.DEF.SUB\nhar\tha\tVB\tVB.PRS.AKT\ndessutom\tdessutom\tAB\tAB\nh\u00e4r\th\u00e4r\tAB\tAB\nen\ten\tDT\tDT.UTR.SIN.IND\nb\u00e4ttre\tbra\tAB\tAB.KOM\narbetande\tarbetande\tPC\tPC.PRS.UTR+NEU.SIN+PLU.IND+DEF.NOM\nkommunal\tkommunal\tJJ\tJJ.POS.UTR.SIN.IND.NOM\ndemokrati\tdemokrati\tNN\tNN.UTR.SIN.IND.NOM\n\u00e4n\t\u00e4n\tKN\tKN\np\u00e5\tp\u00e5\tPP\tPP\nde\tden\tDT\tDT.UTR+NEU.PLU.DEF\nflesta\tfler\tJJ\tJJ.SUV.UTR+NEU.PLU.DEF.NOM\nandra\tannan\tJJ\tJJ.POS.UTR+NEU.PLU.IND+DEF.NOM\nh\u00e5ll\th\u00e5ll\tNN\tNN.NEU.PLU.IND.NOM\n.\t.\tMAD\tMAD\nKommunalpolitiken\tkommunalpolitik\tNN\tNN.UTR.SIN.DEF.NOM\nsysslar\tsyssla\tVB\tVB.PRS.AKT\nmed\tmed\tPP\tPP\nf\u00f6r\tf\u00f6r\tPP\tPP\nmedborgarna\tmedborgare\tNN\tNN.UTR.PLU.DEF.NOM\nn\u00e4raliggande\tn\u00e4raliggande\tPC\tPC.PRS.UTR+NEU.SIN+PLU.IND+DEF.NOM\noch\toch\tKN\tKN\nlivsviktiga\tlivsviktig\tJJ\tJJ.POS.UTR+NEU.PLU.IND+DEF.NOM\nproblem\tproblem\tNN\tNN.NEU.PLU.IND.NOM\ns\u00e5som\ts\u00e5som\tKN\tKN\nsjukv\u00e5rd\tsjukv\u00e5rd\tNN\tNN.UTR.SIN.IND.NOM\n,\t,\tMID\tMID\nbost\u00e4der\tbostad\tNN\tNN.UTR.PLU.IND.NOM\n,\t,\tMID\tMID\nstadsplanering\tstadsplanering\tNN\tNN.UTR.SIN.IND.NOM\noch\toch\tKN\tKN\nmilj\u00f6politik\tmilj\u00f6politik\tNN\tNN.UTR.SIN.IND.NOM\n.\t.\tMAD\tMAD\nKommunalpolitiken\tkommunalpolitik\tNN\tNN.UTR.SIN.DEF.NOM\nhar\tha\tVB\tVB.PRS.AKT\nd\u00e4rf\u00f6r\td\u00e4rf\u00f6r\tAB\tAB\nf\u00f6ruts\u00e4ttningar\tf\u00f6ruts\u00e4ttning\tNN\tNN.UTR.PLU.IND.NOM\natt\tatt\tIE\tIE\nklarg\u00f6ra\tklarg\u00f6ra\tVB\tVB.INF.AKT\nf\u00f6r\tf\u00f6r\tPP\tPP\nmedborgarna\tmedborgare\tNN\tNN.UTR.PLU.DEF.NOM\natt\tatt\tSN\tSN\nden\tden\tDT\tDT.UTR.SIN.DEF\npolitiska\tpolitisk\tJJ\tJJ.POS.UTR+NEU.SIN.DEF.NOM\nverksam\tverksam\tJJ\tJJ.POS.UTR.SIN.IND.NOM\nhetens\thet\tNN\tNN.UTR.SIN.DEF.GEN\nm\u00e5l\tm\u00e5l\tNN\tNN.NEU.SIN.IND.NOM\n\u00e4r\tvara\tVB\tVB.PRS.AKT\nden\tden\tDT\tDT.UTR.SIN.DEF\nenskilda\tenskild\tJJ\tJJ.POS.UTR+NEU.SIN.DEF.NOM\nm\u00e4nniskans\tm\u00e4nniska\tNN\tNN.UTR.SIN.DEF.GEN\nv\u00e4lf\u00e4rd\tv\u00e4lf\u00e4rd\tNN\tNN.UTR.SIN.IND.NOM\noch\toch\tKN\tKN\ntrygghet\ttrygghet\tNN\tNN.UTR.SIN.IND.NOM\n.\t.\tMAD\tMAD\nInom\tinom\tPP\tPP\nkommunalpolitiken\tkommunalpolitik\tNN\tNN.UTR.SIN.DEF.NOM\nb\u00f6r\tb\u00f6ra\tVB\tVB.PRS.AKT\ndet\tdet\tPN\tPN.NEU.SIN.DEF.SUB+OBJ\nocks\u00e5\tocks\u00e5\tAB\tAB\nfinnas\tfinnas\tVB\tVB.INF.SFO\nstora\tstor\tJJ\tJJ.POS.UTR+NEU.PLU.IND+DEF.NOM\nm\u00f6jligheter\tm\u00f6jlighet\tNN\tNN.UTR.PLU.IND.NOM\natt\tatt\tIE\tIE\nf\u00f6rm\u00e5\tf\u00f6rm\u00e5\tVB\tVB.INF.AKT\nmedborgarna\tmedborgare\tNN\tNN.UTR.PLU.DEF.NOM\natt\tatt\tIE\tIE\ndelta\tdelta\tVB\tVB.INF.AKT\noch\toch\tKN\tKN\nengagera\tengagera\tVB\tVB.INF.AKT\nsig\tsig\tPN\tPN.UTR+NEU.SIN+PLU.DEF.OBJ\n.\t.\tMAD\tMAD\nI\ti\tPP\tPP\nden\tden\tDT\tDT.UTR.SIN.DEF\nnya\tny\tJJ\tJJ.POS.UTR+NEU.SIN.DEF.NOM\nf\u00f6rfattningen\tf\u00f6rfattning\tNN\tNN.UTR.SIN.DEF.NOM\nsammankopplas\tsammankoppla\tVB\tVB.PRS.SFO\nkommunaloch\tkommunaloch\tNN\tNN.UTR.SIN.IND.NOM\nrikspolitiken\trikspolitik\tNN\tNN.UTR.SIN.DEF.NOM\n\u00e4nnu\t\u00e4nnu\tAB\tAB\nstarkare\tstark\tJJ\tJJ.KOM.UTR+NEU.SIN+PLU.IND+DEF.NOM\n\u00e4n\t\u00e4n\tKN\tKN\ni\ti\tPP\tPP\nden\tden\tDT\tDT.UTR.SIN.DEF\ngamla\tgammal\tJJ\tJJ.POS.UTR+NEU.SIN.DEF.NOM\n.\t.\tMID\tMID\nDet\tdet\tPN\tPN.NEU.SIN.DEF.SUB+OBJ\nb\u00f6r\tb\u00f6ra\tVB\tVB.PRS.AKT\nmedf\u00f6ra\tmedf\u00f6ra\tVB\tVB.INF.AKT\nett\ten\tDT\tDT.NEU.SIN.IND\n\u00f6kat\t\u00f6kad\tPC\tPC.PRF.NEU.SIN.IND.NOM\nmedborgarintresse\tmedborgarintresse\tNN\tNN.NEU.SIN.IND.NOM\n\u00e4ven\t\u00e4ven\tAB\tAB\nf\u00f6r\tf\u00f6r\tPP\tPP\nriksdagens\triksdag\tNN\tNN.UTR.SIN.DEF.GEN\narbete\tarbete\tNN\tNN.NEU.SIN.IND.NOM\n.\t.\tMAD\tMAD","page_number":7,"speaker_note_id":"i-Bkg44LZGSspFsRj2JPUygm","num_tokens":129,"num_words":129},{"u_id":"i-VuUcHbhtdJ7TagTVus7HrZ","who":"Q53707","prev_id":"i-NkRums6b1CHQZGRCi5YnEj","next_id":null,"paragraphs":["Det Sverige , vars politik den nya enkammarriksdagen skall forma , \u00e4r ingen mots\u00e4ttningsfri idyll . Vi befinner oss tv\u00e4rtom i en period , d\u00e5 den allt snabbare g\u00e5ende rationaliseringen inom skogsbruk , jordbruk , industri och samf\u00e4rdsel skapar sv\u00e5righeter f\u00f6r hundratusentals m\u00e4nniskor . M\u00e5nga k\u00e4nner sin existens och sin f\u00f6rs\u00f6rjning hotade . Alla k\u00e4nner vi oro f\u00f6r att den tekniska utvecklingen skall inneb\u00e4ra ett hot mot v\u00e5r livsmilj\u00f6 , p\u00e5 arbetsplatsen , i hemmen , p\u00e5 gatorna , p\u00e5 v\u00e4garna \u2014 ja , i hela v\u00e5rt land . Milj\u00f6politiken kommer att kr\u00e4va ekonomiska och personella kraftanstr\u00e4ngningar , som kanske kommer som en \u00f6verraskning f\u00f6r dem som trott att de v\u00e4lmenta diskussionerna om Vindel\u00e4lven och Brofjorden avsl\u00f6jat n\u00e5got av milj\u00f6politikens v\u00e4sentligheter ."],"annotation":"token\tlemma\tpos\txpos\nDet\tden\tDT\tDT.NEU.SIN.DEF\nSverige\tSverige\tPM\tPM.NOM\n,\t,\tMID\tMID\nvars\tvars\tHS\tHS.DEF\npolitik\tpolitik\tNN\tNN.UTR.SIN.IND.NOM\nden\tden\tDT\tDT.UTR.SIN.DEF\nnya\tny\tJJ\tJJ.POS.UTR+NEU.SIN.DEF.NOM\nenkammarriksdagen\tenkammarriksdag\tNN\tNN.UTR.SIN.DEF.NOM\nskall\tska\tVB\tVB.PRS.AKT\nforma\tforma\tVB\tVB.INF.AKT\n,\t,\tMID\tMID\n\u00e4r\tvara\tVB\tVB.PRS.AKT\ningen\tingen\tDT\tDT.UTR.SIN.IND\nmots\u00e4ttningsfri\tmots\u00e4ttningsfri\tJJ\tJJ.POS.UTR.SIN.IND.NOM\nidyll\tidyll\tNN\tNN.UTR.SIN.IND.NOM\n.\t.\tMAD\tMAD\nVi\tvi\tPN\tPN.UTR.PLU.DEF.SUB\nbefinner\tbefinna\tVB\tVB.PRS.AKT\noss\tvi\tPN\tPN.UTR.PLU.DEF.OBJ\ntv\u00e4rtom\ttv\u00e4rtom\tAB\tAB\ni\ti\tPP\tPP\nen\ten\tDT\tDT.UTR.SIN.IND\nperiod\tperiod\tNN\tNN.UTR.SIN.IND.NOM\n,\t,\tMID\tMID\nd\u00e5\td\u00e5\tHA\tHA\nden\tden\tDT\tDT.UTR.SIN.DEF\nallt\tallt\tAB\tAB\nsnabbare\tsnabbt\tAB\tAB.KOM\ng\u00e5ende\tg\u00e5ende\tPC\tPC.PRS.UTR+NEU.SIN+PLU.IND+DEF.NOM\nrationaliseringen\trationalisering\tNN\tNN.UTR.SIN.DEF.NOM\ninom\tinom\tPP\tPP\nskogsbruk\tskogsbruk\tNN\tNN.NEU.SIN.IND.NOM\n,\t,\tMID\tMID\njordbruk\tjordbruk\tNN\tNN.NEU.SIN.IND.NOM\n,\t,\tMID\tMID\nindustri\tindustri\tNN\tNN.UTR.SIN.IND.NOM\noch\toch\tKN\tKN\nsamf\u00e4rdsel\tsamf\u00e4rdsel\tNN\tNN.UTR.SIN.IND.NOM\nskapar\tskapa\tVB\tVB.PRS.AKT\nsv\u00e5righeter\tsv\u00e5righet\tNN\tNN.UTR.PLU.IND.NOM\nf\u00f6r\tf\u00f6r\tPP\tPP\nhundratusentals\thundratusental\tNN\tNN.NEU.PLU.IND.GEN\nm\u00e4nniskor\tm\u00e4nniska\tNN\tNN.UTR.PLU.IND.NOM\n.\t.\tMAD\tMAD\nM\u00e5nga\tm\u00e5nga\tPN\tPN.UTR+NEU.PLU.IND.SUB+OBJ\nk\u00e4nner\tk\u00e4nna\tVB\tVB.PRS.AKT\nsin\tsin\tPS\tPS.UTR.SIN.DEF\nexistens\texistens\tNN\tNN.UTR.SIN.IND.NOM\noch\toch\tKN\tKN\nsin\tsin\tPS\tPS.UTR.SIN.DEF\nf\u00f6rs\u00f6rjning\tf\u00f6rs\u00f6rjning\tNN\tNN.UTR.SIN.IND.NOM\nhotade\thota\tVB\tVB.PRT.AKT\n.\t.\tMID\tMID\nAlla\talla\tPN\tPN.UTR+NEU.PLU.IND.SUB+OBJ\nk\u00e4nner\tk\u00e4nna\tVB\tVB.PRS.AKT\nvi\tvi\tPN\tPN.UTR.PLU.DEF.SUB\noro\toro\tNN\tNN.UTR.SIN.IND.NOM\nf\u00f6r\tf\u00f6r\tPP\tPP\natt\tatt\tSN\tSN\nden\tden\tDT\tDT.UTR.SIN.DEF\ntekniska\tteknisk\tJJ\tJJ.POS.UTR+NEU.SIN.DEF.NOM\nutvecklingen\tutveckling\tNN\tNN.UTR.SIN.DEF.NOM\nskall\tska\tVB\tVB.PRS.AKT\ninneb\u00e4ra\tinneb\u00e4ra\tVB\tVB.INF.AKT\nett\ten\tDT\tDT.NEU.SIN.IND\nhot\thot\tNN\tNN.NEU.SIN.IND.NOM\nmot\tmot\tPP\tPP\nv\u00e5r\tv\u00e5r\tPS\tPS.UTR.SIN.DEF\nlivsmilj\u00f6\tlivsmilj\u00f6\tNN\tNN.UTR.SIN.IND.NOM\n,\t,\tMID\tMID\np\u00e5\tp\u00e5\tPP\tPP\narbetsplatsen\tarbetsplats\tNN\tNN.UTR.SIN.DEF.NOM\n,\t,\tMID\tMID\ni\ti\tPP\tPP\nhemmen\them\tNN\tNN.NEU.PLU.DEF.NOM\n,\t,\tMID\tMID\np\u00e5\tp\u00e5\tPP\tPP\ngatorna\tgata\tNN\tNN.UTR.PLU.DEF.NOM\n,\t,\tMID\tMID\np\u00e5\tp\u00e5\tPP\tPP\nv\u00e4garna\tv\u00e4g\tNN\tNN.UTR.PLU.DEF.NOM\n\u2014\t\u2014\tMID\tMID\nja\tja\tIN\tIN\n,\t,\tMID\tMID\ni\ti\tPP\tPP\nhela\thel\tJJ\tJJ.POS.UTR+NEU.SIN.DEF.NOM\nv\u00e5rt\tv\u00e5r\tPS\tPS.NEU.SIN.DEF\nland\tland\tNN\tNN.NEU.SIN.IND.NOM\n.\t.\tMAD\tMAD\nMilj\u00f6politiken\tmilj\u00f6politik\tNN\tNN.UTR.SIN.DEF.NOM\nkommer\tkomma\tVB\tVB.PRS.AKT\natt\tatt\tIE\tIE\nkr\u00e4va\tkr\u00e4va\tVB\tVB.INF.AKT\nekonomiska\tekonomisk\tJJ\tJJ.POS.UTR+NEU.PLU.IND+DEF.NOM\noch\toch\tKN\tKN\npersonella\tpersonell\tJJ\tJJ.POS.UTR+NEU.PLU.IND+DEF.NOM\nkraftanstr\u00e4ngningar\tkraftanstr\u00e4ngning\tNN\tNN.UTR.PLU.IND.NOM\n,\t,\tMID\tMID\nsom\tsom\tHP\tHP.-.-.-\nkanske\tkanske\tAB\tAB\nkommer\tkomma\tVB\tVB.PRS.AKT\nsom\tsom\tKN\tKN\nen\ten\tDT\tDT.UTR.SIN.IND\n\u00f6verraskning\t\u00f6verraskning\tNN\tNN.UTR.SIN.IND.NOM\nf\u00f6r\tf\u00f6r\tPP\tPP\ndem\tde\tPN\tPN.UTR+NEU.PLU.DEF.OBJ\nsom\tsom\tHP\tHP.-.-.-\ntrott\ttro\tVB\tVB.SUP.AKT\natt\tatt\tSN\tSN\nde\tden\tDT\tDT.UTR+NEU.PLU.DEF\nv\u00e4lmenta\tv\u00e4lment\tJJ\tJJ.POS.UTR+NEU.PLU.IND+DEF.NOM\ndiskussionerna\tdiskussion\tNN\tNN.UTR.PLU.DEF.NOM\nom\tom\tPP\tPP\nVindel\u00e4lven\tVindel\u00e4lven\tPM\tPM.NOM\noch\toch\tKN\tKN\nBrofjorden\tbrofjord\tNN\tNN.NEU.PLU.DEF.NOM\navsl\u00f6jat\tavsl\u00f6ja\tVB\tVB.SUP.AKT\nn\u00e5got\tn\u00e5got\tPN\tPN.NEU.SIN.IND.SUB+OBJ\nav\tav\tPP\tPP\nmilj\u00f6politikens\tmilj\u00f6politik\tNN\tNN.UTR.SIN.DEF.GEN\nv\u00e4sentligheter\tv\u00e4sentlighet\tNN\tNN.UTR.PLU.IND.NOM\n.\t.\tMAD\tMAD","page_number":7,"speaker_note_id":"i-Bkg44LZGSspFsRj2JPUygm","num_tokens":122,"num_words":122},{"u_id":"i-WRXPoCpzcxMpipF46Ypb1G","who":"Q53707","prev_id":"i-NkRums6b1CHQZGRCi5YnEj","next_id":null,"paragraphs":["De tekniska framstegen har framkallat f\u00f6rv\u00e4ntningar , f\u00f6rhoppningar och krav fr\u00e5n medborgarna , vilkas f\u00f6rverkligande ligger l\u00e5ngt utanf\u00f6r ramen av v\u00e5ra ekonomiska resurser . V\u00e5ra begr\u00e4nsade \u2014 l\u00e5t vara v\u00e4xande \u2014 tillg\u00e5ngar f\u00e5r inte plottras bort p\u00e5 f\u00f6r medborgarna betydelsel\u00f6sa ting ."],"annotation":"token\tlemma\tpos\txpos\nDe\tden\tDT\tDT.UTR+NEU.PLU.DEF\ntekniska\tteknisk\tJJ\tJJ.POS.UTR+NEU.PLU.IND+DEF.NOM\nframstegen\tframsteg\tNN\tNN.NEU.PLU.DEF.NOM\nhar\tha\tVB\tVB.PRS.AKT\nframkallat\tframkalla\tVB\tVB.SUP.AKT\nf\u00f6rv\u00e4ntningar\tf\u00f6rv\u00e4ntning\tNN\tNN.UTR.PLU.IND.NOM\n,\t,\tMID\tMID\nf\u00f6rhoppningar\tf\u00f6rhoppning\tNN\tNN.UTR.PLU.IND.NOM\noch\toch\tKN\tKN\nkrav\tkrav\tNN\tNN.NEU.PLU.IND.NOM\nfr\u00e5n\tfr\u00e5n\tPP\tPP\nmedborgarna\tmedborgare\tNN\tNN.UTR.PLU.DEF.NOM\n,\t,\tMID\tMID\nvilkas\tvilkas\tHS\tHS.DEF\nf\u00f6rverkligande\tf\u00f6rverkligande\tNN\tNN.NEU.SIN.IND.NOM\nligger\tligga\tVB\tVB.PRS.AKT\nl\u00e5ngt\tl\u00e5ngt\tAB\tAB.POS\nutanf\u00f6r\tutanf\u00f6r\tPP\tPP\nramen\tram\tNN\tNN.UTR.SIN.DEF.NOM\nav\tav\tPP\tPP\nv\u00e5ra\tv\u00e5r\tPS\tPS.UTR+NEU.PLU.DEF\nekonomiska\tekonomisk\tJJ\tJJ.POS.UTR+NEU.PLU.IND+DEF.NOM\nresurser\tresurs\tNN\tNN.UTR.PLU.IND.NOM\n.\t.\tMAD\tMAD\nV\u00e5ra\tv\u00e5r\tPS\tPS.UTR+NEU.PLU.DEF\nbegr\u00e4nsade\tbegr\u00e4nsad\tPC\tPC.PRF.UTR+NEU.PLU.IND+DEF.NOM\n\u2014\t\u2014\tNN\tNN.UTR.PLU.IND.NOM\nl\u00e5t\tl\u00e5ta\tVB\tVB.IMP.AKT\nvara\tvara\tVB\tVB.INF.AKT\nv\u00e4xande\tv\u00e4xande\tPC\tPC.PRS.UTR+NEU.SIN+PLU.IND+DEF.NOM\n\u2014\t\u2014\tPP\tPP\ntillg\u00e5ngar\ttillg\u00e5ng\tNN\tNN.UTR.PLU.IND.NOM\nf\u00e5r\tf\u00e5\tVB\tVB.PRS.AKT\ninte\tinte\tAB\tAB\nplottras\tplottra\tVB\tVB.INF.SFO\nbort\tbort\tPL\tPL\np\u00e5\tp\u00e5\tPP\tPP\nf\u00f6r\tf\u00f6r\tPP\tPP\nmedborgarna\tmedborgare\tNN\tNN.UTR.PLU.DEF.NOM\nbetydelsel\u00f6sa\tbetydelsel\u00f6s\tJJ\tJJ.POS.UTR+NEU.PLU.IND+DEF.NOM\nting\tting\tNN\tNN.NEU.PLU.IND.NOM\n.\t.\tMAD\tMAD","page_number":7,"speaker_note_id":"i-Bkg44LZGSspFsRj2JPUygm","num_tokens":42,"num_words":42},{"u_id":"i-4piX32wJu1EzoSZMa94wKG","who":"Q53707","prev_id":"i-NkRums6b1CHQZGRCi5YnEj","next_id":null,"paragraphs":["Riksdagens viktigaste uppgift i nuet \u00e4r d\u00e4rf\u00f6r att f\u00f6rm\u00e5 samla sig kring en konstruktiv , fast ekonomisk politik . Uppgiften blir inte l\u00e4ttl\u00f6stare d\u00e4rf\u00f6r att den politiska ledningen anf\u00f6rtrotts \u00e5t en minoritetsregering . S\u00e5 var emellertid f\u00f6rh\u00e5llandet \u00e4ven vid ett tidigare kritiskt tillf\u00e4lle f\u00f6r v\u00e5rt land , n\u00e4mligen d\u00e5 regeringen Per Albin Hansson tr\u00e4dde till \u00e5r 1932 . Erfarenheterna fr\u00e5n denna tid ger oss gott mod , n\u00e4r vi nu griper oss an med dagens sv\u00e5ra arbetsuppgifter ."],"annotation":"token\tlemma\tpos\txpos\nRiksdagens\triksdag\tNN\tNN.UTR.SIN.DEF.GEN\nviktigaste\tviktig\tJJ\tJJ.SUV.UTR+NEU.SIN+PLU.DEF.NOM\nuppgift\tuppgift\tNN\tNN.UTR.SIN.IND.NOM\ni\ti\tPP\tPP\nnuet\tnu\tNN\tNN.NEU.SIN.DEF.NOM\n\u00e4r\tvara\tVB\tVB.PRS.AKT\nd\u00e4rf\u00f6r\td\u00e4rf\u00f6r\tAB\tAB\natt\tatt\tIE\tIE\nf\u00f6rm\u00e5\tf\u00f6rm\u00e5\tVB\tVB.INF.AKT\nsamla\tsamla\tVB\tVB.INF.AKT\nsig\tsig\tPN\tPN.UTR+NEU.SIN+PLU.DEF.OBJ\nkring\tkring\tPP\tPP\nen\ten\tDT\tDT.UTR.SIN.IND\nkonstruktiv\tkonstruktiv\tJJ\tJJ.POS.UTR.SIN.IND.NOM\n,\t,\tMID\tMID\nfast\tfast\tJJ\tJJ.POS.UTR.SIN.IND.NOM\nekonomisk\tekonomisk\tJJ\tJJ.POS.UTR.SIN.IND.NOM\npolitik\tpolitik\tNN\tNN.UTR.SIN.IND.NOM\n.\t.\tMAD\tMAD\nUppgiften\tuppgift\tNN\tNN.UTR.SIN.DEF.NOM\nblir\tbli\tVB\tVB.PRS.AKT\ninte\tinte\tAB\tAB\nl\u00e4ttl\u00f6stare\tl\u00e4ttl\u00f6st\tJJ\tJJ.KOM.UTR+NEU.SIN+PLU.IND+DEF.NOM\nd\u00e4rf\u00f6r\td\u00e4rf\u00f6r\tHA\tHA\natt\tatt\tSN\tSN\nden\tden\tDT\tDT.UTR.SIN.DEF\npolitiska\tpolitisk\tJJ\tJJ.POS.UTR+NEU.SIN.DEF.NOM\nledningen\tledning\tNN\tNN.UTR.SIN.DEF.NOM\nanf\u00f6rtrotts\tanf\u00f6rtro\tVB\tVB.SUP.SFO\n\u00e5t\t\u00e5t\tPP\tPP\nen\ten\tDT\tDT.UTR.SIN.IND\nminoritetsregering\tminoritetsregering\tNN\tNN.UTR.SIN.IND.NOM\n.\t.\tMAD\tMAD\nS\u00e5\ts\u00e5\tAB\tAB\nvar\tvara\tVB\tVB.PRT.AKT\nemellertid\temellertid\tAB\tAB\nf\u00f6rh\u00e5llandet\tf\u00f6rh\u00e5llande\tNN\tNN.NEU.SIN.DEF.NOM\n\u00e4ven\t\u00e4ven\tAB\tAB\nvid\tvid\tPP\tPP\nett\ten\tDT\tDT.NEU.SIN.IND\ntidigare\ttidigt\tAB\tAB.KOM\nkritiskt\tkritisk\tJJ\tJJ.POS.NEU.SIN.IND.NOM\ntillf\u00e4lle\ttillf\u00e4lle\tNN\tNN.NEU.SIN.IND.NOM\nf\u00f6r\tf\u00f6r\tPP\tPP\nv\u00e5rt\tv\u00e5r\tPS\tPS.NEU.SIN.DEF\nland\tland\tNN\tNN.NEU.SIN.IND.NOM\n,\t,\tMID\tMID\nn\u00e4mligen\tn\u00e4mligen\tAB\tAB\nd\u00e5\td\u00e5\tHA\tHA\nregeringen\tregering\tNN\tNN.UTR.SIN.DEF.NOM\nPer\tPer\tPM\tPM.NOM\nAlbin\tAlbin\tPM\tPM.NOM\nHansson\tHansson\tPM\tPM.NOM\ntr\u00e4dde\ttr\u00e4da\tVB\tVB.PRT.AKT\ntill\ttill\tPP\tPP\n\u00e5r\t\u00e5r\tNN\tNN.NEU.SIN.IND.NOM\n1932\t1932\tRG\tRG.NOM\n.\t.\tMAD\tMAD\nErfarenheterna\terfarenhet\tNN\tNN.UTR.PLU.DEF.NOM\nfr\u00e5n\tfr\u00e5n\tPP\tPP\ndenna\tdenna\tDT\tDT.UTR.SIN.DEF\ntid\ttid\tNN\tNN.UTR.SIN.IND.NOM\nger\tge\tVB\tVB.PRS.AKT\noss\tvi\tPN\tPN.UTR.PLU.DEF.OBJ\ngott\tgod\tJJ\tJJ.POS.NEU.SIN.IND.NOM\nmod\tmod\tNN\tNN.NEU.SIN.IND.NOM\n,\t,\tMID\tMID\nn\u00e4r\tn\u00e4r\tHA\tHA\nvi\tvi\tPN\tPN.UTR.PLU.DEF.SUB\nnu\tnu\tAB\tAB\ngriper\tgripa\tVB\tVB.PRS.AKT\noss\tvi\tPN\tPN.UTR.PLU.DEF.OBJ\nan\tan\tPL\tPL\nmed\tmed\tPP\tPP\ndagens\tdag\tNN\tNN.UTR.SIN.DEF.GEN\nsv\u00e5ra\tsv\u00e5r\tJJ\tJJ.POS.UTR+NEU.PLU.IND+DEF.NOM\narbetsuppgifter\tarbetsuppgift\tNN\tNN.UTR.PLU.IND.NOM\n.\t.\tMAD\tMAD","page_number":7,"speaker_note_id":"i-Bkg44LZGSspFsRj2JPUygm","num_tokens":78,"num_words":78},{"u_id":"i-VyFCJamRQJcGKKPtXdHZ4Q","who":"Q53707","prev_id":"i-NkRums6b1CHQZGRCi5YnEj","next_id":null,"paragraphs":["Med den optimistiska bed\u00f6mningen h\u00e4lsar jag er \u00e5ter v\u00e4lkomna och f\u00f6rklarar enkammarriksdagens f\u00f6rsta m\u00f6te \u00f6ppnat ."],"annotation":"token\tlemma\tpos\txpos\nMed\tmed\tPP\tPP\nden\tden\tDT\tDT.UTR.SIN.DEF\noptimistiska\toptimistisk\tJJ\tJJ.POS.UTR+NEU.SIN.DEF.NOM\nbed\u00f6mningen\tbed\u00f6mning\tNN\tNN.UTR.SIN.DEF.NOM\nh\u00e4lsar\th\u00e4lsa\tVB\tVB.PRS.AKT\njag\tjag\tPN\tPN.UTR.SIN.DEF.SUB\ner\tni\tPN\tPN.UTR.PLU.DEF.OBJ\n\u00e5ter\t\u00e5ter\tAB\tAB\nv\u00e4lkomna\tv\u00e4lkommen\tJJ\tJJ.POS.UTR+NEU.PLU.IND+DEF.NOM\noch\toch\tKN\tKN\nf\u00f6rklarar\tf\u00f6rklara\tVB\tVB.PRS.AKT\nenkammarriksdagens\tenkammarriksdag\tNN\tNN.UTR.SIN.DEF.GEN\nf\u00f6rsta\tf\u00f6rsta\tRO\tRO.NOM\nm\u00f6te\tm\u00f6te\tNN\tNN.NEU.SIN.IND.NOM\n\u00f6ppnat\t\u00f6ppna\tVB\tVB.SUP.AKT\n.\t.\tMAD\tMAD","page_number":7,"speaker_note_id":"i-Bkg44LZGSspFsRj2JPUygm","num_tokens":16,"num_words":16},{"u_id":"i-BKMejuMsgocA33uL4TVeTo","who":"Q53707","prev_id":"i-NkRums6b1CHQZGRCi5YnEj","next_id":null,"paragraphs":["Till justitiedepartementet har inkommit fullmakter f\u00f6r de vid allm\u00e4nna val i september 1970 utsedda 350 ledam\u00f6terna av riksdagen , d\u00e4ribland fullmakter f\u00f6r direkt\u00f6r Paul Grab\u00f6 , riksdagsman Villiam Bj\u00f6rk , riksdagsman Lars Eliasson och generaldirekt\u00f6r Bo Martinsson . Sedan mandaten f\u00f6r Grab\u00f6 , Bj\u00f6rk , Eliasson och Martinsson blivit lediga har efter nya r\u00f6stsammanr\u00e4kningar fil.mag. Anna Eliasson , riksdagsman John Johnsson , \u00e4mnesl\u00e4rare Birgitta Hambraeus och sm\u00e5skoll\u00e4rare Ann-Mari Laag utsetts att intr\u00e4da som ledam\u00f6ter av riksdagen p\u00e5 de lediga mandaten ."],"annotation":"token\tlemma\tpos\txpos\nTill\ttill\tPP\tPP\njustitiedepartementet\tjustitiedepartement\tNN\tNN.NEU.SIN.DEF.NOM\nhar\tha\tVB\tVB.PRS.AKT\ninkommit\tinkomma\tVB\tVB.SUP.AKT\nfullmakter\tfullmakt\tNN\tNN.UTR.PLU.IND.NOM\nf\u00f6r\tf\u00f6r\tPP\tPP\nde\tden\tDT\tDT.UTR+NEU.PLU.DEF\nvid\tvid\tPP\tPP\nallm\u00e4nna\tallm\u00e4n\tJJ\tJJ.POS.UTR+NEU.PLU.IND+DEF.NOM\nval\tval\tNN\tNN.NEU.PLU.IND.NOM\ni\ti\tPP\tPP\nseptember\tseptember\tNN\tNN.UTR.SIN.IND.NOM\n1970\t1970\tRG\tRG.NOM\nutsedda\tutsedd\tPC\tPC.PRF.UTR+NEU.PLU.IND+DEF.NOM\n350\t350\tRG\tRG.NOM\nledam\u00f6terna\tledamot\tNN\tNN.UTR.PLU.DEF.NOM\nav\tav\tPP\tPP\nriksdagen\triksdag\tNN\tNN.UTR.SIN.DEF.NOM\n,\t,\tMID\tMID\nd\u00e4ribland\td\u00e4ribland\tAB\tAB\nfullmakter\tfullmakt\tNN\tNN.UTR.PLU.IND.NOM\nf\u00f6r\tf\u00f6r\tPP\tPP\ndirekt\u00f6r\tdirekt\u00f6r\tNN\tNN.UTR.SIN.IND.NOM\nPaul\tPaul\tPM\tPM.NOM\nGrab\u00f6\tGrab\u00f6\tPM\tPM.NOM\n,\t,\tMID\tMID\nriksdagsman\triksdagsman\tNN\tNN.UTR.SIN.IND.NOM\nVilliam\tVilliam\tPM\tPM.NOM\nBj\u00f6rk\tBj\u00f6rk\tPM\tPM.NOM\n,\t,\tMID\tMID\nriksdagsman\triksdagsman\tNN\tNN.UTR.SIN.IND.NOM\nLars\tLars\tPM\tPM.NOM\nEliasson\tEliasson\tPM\tPM.NOM\noch\toch\tKN\tKN\ngeneraldirekt\u00f6r\tgeneraldirekt\u00f6r\tNN\tNN.UTR.SIN.IND.NOM\nBo\tBo\tPM\tPM.NOM\nMartinsson\tMartinsson\tPM\tPM.NOM\n.\t.\tMAD\tMAD\nSedan\tsedan\tSN\tSN\nmandaten\tmandat\tNN\tNN.NEU.PLU.DEF.NOM\nf\u00f6r\tf\u00f6r\tPP\tPP\nGrab\u00f6\tGrab\u00f6\tPM\tPM.NOM\n,\t,\tMID\tMID\nBj\u00f6rk\tBj\u00f6rk\tPM\tPM.NOM\n,\t,\tMID\tMID\nEliasson\tEliasson\tPM\tPM.NOM\noch\toch\tKN\tKN\nMartinsson\tMartinsson\tPM\tPM.NOM\nblivit\tbliva\tVB\tVB.SUP.AKT\nlediga\tledig\tJJ\tJJ.POS.UTR+NEU.PLU.IND+DEF.NOM\nhar\tha\tVB\tVB.PRS.AKT\nefter\tefter\tPP\tPP\nnya\tny\tJJ\tJJ.POS.UTR+NEU.PLU.IND+DEF.NOM\nr\u00f6stsammanr\u00e4kningar\tr\u00f6stsammanr\u00e4kning\tNN\tNN.UTR.PLU.IND.NOM\nfil.mag.\tfiliag\tAB\tAB.AN\nAnna\tAnna\tPM\tPM.NOM\nEliasson\tEliasson\tPM\tPM.NOM\n,\t,\tMID\tMID\nriksdagsman\triksdagsman\tNN\tNN.UTR.SIN.IND.NOM\nJohn\tJohn\tPM\tPM.NOM\nJohnsson\tJohnsson\tPM\tPM.NOM\n,\t,\tMID\tMID\n\u00e4mnesl\u00e4rare\t\u00e4mnesl\u00e4rare\tNN\tNN.UTR.SIN.IND.NOM\nBirgitta\tBirgitta\tPM\tPM.NOM\nHambraeus\tHambraeus\tPM\tPM.NOM\noch\toch\tKN\tKN\nsm\u00e5skoll\u00e4rare\tsm\u00e5skoll\u00e4rare\tNN\tNN.UTR.SIN.IND.NOM\nAnn-Mari\tAnn-Mari\tPM\tPM.NOM\nLaag\tLaag\tPM\tPM.NOM\nutsetts\tutse\tVB\tVB.SUP.SFO\natt\tatt\tIE\tIE\nintr\u00e4da\tintr\u00e4da\tVB\tVB.INF.AKT\nsom\tsom\tKN\tKN\nledam\u00f6ter\tledamot\tNN\tNN.UTR.PLU.IND.NOM\nav\tav\tPP\tPP\nriksdagen\triksdag\tNN\tNN.UTR.SIN.DEF.NOM\np\u00e5\tp\u00e5\tPP\tPP\nde\tden\tDT\tDT.UTR+NEU.PLU.DEF\nlediga\tledig\tJJ\tJJ.POS.UTR+NEU.PLU.IND+DEF.NOM\nmandaten\tmandat\tNN\tNN.NEU.PLU.DEF.NOM\n.\t.\tMAD\tMAD","page_number":8,"speaker_note_id":"i-Bkg44LZGSspFsRj2JPUygm","num_tokens":81,"num_words":81},{"u_id":"i-6fAbP4iJaiCQAtts7reL1v","who":"Q53707","prev_id":"i-NkRums6b1CHQZGRCi5YnEj","next_id":null,"paragraphs":["Protokoll \u00f6ver granskningen och f\u00f6rteckning \u00f6ver de granskade fullmakterna skall tillsammans med fullmakterna \u00f6verl\u00e4mnas till riksdagen ."],"annotation":"token\tlemma\tpos\txpos\nProtokoll\tprotokoll\tNN\tNN.NEU.PLU.IND.NOM\n\u00f6ver\t\u00f6ver\tPP\tPP\ngranskningen\tgranskning\tNN\tNN.UTR.SIN.DEF.NOM\noch\toch\tKN\tKN\nf\u00f6rteckning\tf\u00f6rteckning\tNN\tNN.UTR.SIN.IND.NOM\n\u00f6ver\t\u00f6ver\tPP\tPP\nde\tden\tDT\tDT.UTR+NEU.PLU.DEF\ngranskade\tgranska\tPC\tPC.PRF.UTR+NEU.PLU.IND+DEF.NOM\nfullmakterna\tfullmakt\tNN\tNN.UTR.PLU.DEF.NOM\nskall\tska\tVB\tVB.PRS.AKT\ntillsammans\ttillsammans\tAB\tAB\nmed\tmed\tPP\tPP\nfullmakterna\tfullmakt\tNN\tNN.UTR.PLU.DEF.NOM\n\u00f6verl\u00e4mnas\t\u00f6verl\u00e4mna\tVB\tVB.INF.SFO\ntill\ttill\tPP\tPP\nriksdagen\triksdag\tNN\tNN.UTR.SIN.DEF.NOM\n.\t.\tMAD\tMAD","page_number":8,"speaker_note_id":"i-Bkg44LZGSspFsRj2JPUygm","num_tokens":17,"num_words":17},{"u_id":"i-PSaLxkiDMMu9nREkUjr2Sb","who":"Q5887636","prev_id":null,"next_id":"i-Fbwyx8rE59zkNRGbtb5ssr","paragraphs":["Herr \u00e5lderspresident ! Jag ber att till talman f\u00e5 f\u00f6resl\u00e5 herr Henry Allard , till f\u00f6rste vice talman herr Torsten Bengtson , till andre vice talman fru Cecilia Nettelbrandt och till tredje vice talman herr Ivar Virgin ."],"annotation":"token\tlemma\tpos\txpos\nHerr\therr\tNN\tNN.UTR.SIN.IND.NOM\n\u00e5lderspresident\t\u00e5lderspresident\tNN\tNN.UTR.SIN.IND.NOM\n!\t!\tMID\tMID\nJag\tjag\tPN\tPN.UTR.SIN.DEF.SUB\nber\tbe\tVB\tVB.PRS.AKT\natt\tatt\tIE\tIE\ntill\ttill\tPP\tPP\ntalman\ttalman\tNN\tNN.UTR.SIN.IND.NOM\nf\u00e5\tf\u00e5\tVB\tVB.INF.AKT\nf\u00f6resl\u00e5\tf\u00f6resl\u00e5\tVB\tVB.INF.AKT\nherr\therr\tNN\tNN.UTR.SIN.IND.NOM\nHenry\tHenry\tPM\tPM.NOM\nAllard\tAllard\tPM\tPM.NOM\n,\t,\tMID\tMID\ntill\ttill\tPP\tPP\nf\u00f6rste\tf\u00f6rste\tRO\tRO.MAS.SIN.IND+DEF.NOM\nvice\tvice\tJJ\tJJ.POS.UTR+NEU.SIN+PLU.IND+DEF.NOM\ntalman\ttalman\tJJ\tJJ.POS.MAS.SIN.DEF.NOM\nherr\therr\tNN\tNN.UTR.SIN.IND.NOM\nTorsten\tTorsten\tPM\tPM.NOM\nBengtson\tBengtson\tPM\tPM.NOM\n,\t,\tMID\tMID\ntill\ttill\tPP\tPP\nandre\tannan\tJJ\tJJ.POS.MAS.SIN.DEF.NOM\nvice\tvice\tJJ\tJJ.POS.UTR+NEU.SIN+PLU.IND+DEF.NOM\ntalman\ttalman\tJJ\tJJ.POS.UTR.SIN.IND.NOM\nfru\tfru\tNN\tNN.UTR.SIN.IND.NOM\nCecilia\tCecilia\tPM\tPM.NOM\nNettelbrandt\tNettelbrandt\tPM\tPM.NOM\noch\toch\tKN\tKN\ntill\ttill\tPP\tPP\ntredje\ttredje\tRO\tRO.NOM\nvice\tvice\tJJ\tJJ.POS.UTR+NEU.SIN+PLU.IND+DEF.NOM\ntalman\ttalman\tNN\tNN.UTR.SIN.IND.NOM\nherr\therr\tNN\tNN.UTR.SIN.IND.NOM\nIvar\tIvar\tPM\tPM.NOM\nVirgin\tVirgin\tPM\tPM.NOM\n.\t.\tMAD\tMAD","page_number":22,"speaker_note_id":"i-HdLbiXshQR8TDDP4VMJnnQ","num_tokens":38,"num_words":38},{"u_id":"i-Fbwyx8rE59zkNRGbtb5ssr","who":"Q5887636","prev_id":"i-PSaLxkiDMMu9nREkUjr2Sb","next_id":null,"paragraphs":["Jag f\u00f6resl\u00e5r ocks\u00e5 att samtliga dessa val m\u00e5tte f\u00f6retas med acklamation ."],"annotation":"token\tlemma\tpos\txpos\nJag\tjag\tPN\tPN.UTR.SIN.DEF.SUB\nf\u00f6resl\u00e5r\tf\u00f6resl\u00e5\tVB\tVB.PRS.AKT\nocks\u00e5\tocks\u00e5\tAB\tAB\natt\tatt\tSN\tSN\nsamtliga\tsamtlig\tJJ\tJJ.POS.UTR+NEU.PLU.IND.NOM\ndessa\tdenna\tDT\tDT.UTR+NEU.PLU.DEF\nval\tval\tNN\tNN.NEU.PLU.IND.NOM\nm\u00e5tte\tm\u00e5tte\tVB\tVB.KON.PRT.AKT\nf\u00f6retas\tf\u00f6reta\tVB\tVB.INF.SFO\nmed\tmed\tPP\tPP\nacklamation\tacklamation\tNN\tNN.UTR.SIN.IND.NOM\n.\t.\tMAD\tMAD","page_number":22,"speaker_note_id":"i-HdLbiXshQR8TDDP4VMJnnQ","num_tokens":12,"num_words":12},{"u_id":"i-HDWUcfNFyaj7g9HS2MLMPH","who":"unknown","prev_id":null,"next_id":null,"paragraphs":["Jag ber att f\u00e5 \u00f6verl\u00e4mna talmansklubban till herr talmannen ,"],"annotation":"token\tlemma\tpos\txpos\nJag\tjag\tPN\tPN.UTR.SIN.DEF.SUB\nber\tbe\tVB\tVB.PRS.AKT\natt\tatt\tIE\tIE\nf\u00e5\tf\u00e5\tVB\tVB.INF.AKT\n\u00f6verl\u00e4mna\t\u00f6verl\u00e4mna\tVB\tVB.INF.AKT\ntalmansklubban\ttalmansklubba\tNN\tNN.UTR.SIN.DEF.NOM\ntill\ttill\tPP\tPP\nherr\therr\tNN\tNN.UTR.SIN.IND.NOM\ntalmannen\ttalman\tNN\tNN.UTR.SIN.DEF.NOM\n,\t,\tMID\tMID","page_number":22,"speaker_note_id":"i-CKMmaHhBXUs3osofsGmp3i","num_tokens":10,"num_words":10},{"u_id":"i-6yjMcH63pBFcVcpEjNwdPf","who":"Q1606431","prev_id":null,"next_id":"i-PjEVqAAVxp3aJ7eGZS42UC","paragraphs":["Herr \u00e5lderspresident , \u00e4rade kammarledam\u00f6ter ! Jag tackar p\u00e5 egna och"],"annotation":"token\tlemma\tpos\txpos\nHerr\therr\tNN\tNN.UTR.SIN.IND.NOM\n\u00e5lderspresident\t\u00e5lderspresident\tNN\tNN.UTR.SIN.IND.NOM\n,\t,\tMID\tMID\n\u00e4rade\t\u00e4rad\tPC\tPC.PRF.UTR+NEU.PLU.IND+DEF.NOM\nkammarledam\u00f6ter\tkammarledamot\tNN\tNN.UTR.PLU.IND.NOM\n!\t!\tMID\tMID\nJag\tjag\tPN\tPN.UTR.SIN.DEF.SUB\ntackar\ttacka\tVB\tVB.PRS.AKT\np\u00e5\tp\u00e5\tPP\tPP\negna\tegen\tJJ\tJJ.POS.UTR+NEU.PLU.IND+DEF.NOM\noch\toch\tKN\tKN","page_number":22,"speaker_note_id":"i-UkQxch5pf9NNYtCNdkpfot","num_tokens":11,"num_words":11},{"u_id":"i-PjEVqAAVxp3aJ7eGZS42UC","who":"Q1606431","prev_id":"i-6yjMcH63pBFcVcpEjNwdPf","next_id":null,"paragraphs":["vice talm\u00e4nnens v\u00e4gnar f\u00f6r det f\u00f6rtroende som talmansvalen inneb\u00e4r f\u00f6r OSS ."],"annotation":"token\tlemma\tpos\txpos\nvice\tvice\tJJ\tJJ.POS.UTR+NEU.SIN+PLU.IND+DEF.NOM\ntalm\u00e4nnens\ttalman\tNN\tNN.UTR.PLU.DEF.GEN\nv\u00e4gnar\tv\u00e4gnar\tNN\tNN.UTR.PLU.IND.NOM\nf\u00f6r\tf\u00f6r\tPP\tPP\ndet\tden\tDT\tDT.NEU.SIN.DEF\nf\u00f6rtroende\tf\u00f6rtroende\tNN\tNN.NEU.SIN.IND.NOM\nsom\tsom\tHP\tHP.-.-.-\ntalmansvalen\ttalmansval\tNN\tNN.NEU.PLU.DEF.NOM\ninneb\u00e4r\tinneb\u00e4ra\tVB\tVB.PRS.AKT\nf\u00f6r\tf\u00f6r\tPP\tPP\nOSS\tvi\tPN\tPN.UTR.PLU.DEF.OBJ\n.\t.\tMAD\tMAD","page_number":23,"speaker_note_id":"i-UkQxch5pf9NNYtCNdkpfot","num_tokens":12,"num_words":12},{"u_id":"i-WENY46LuAstmZMDQEMd56Q","who":"unknown","prev_id":null,"next_id":null,"paragraphs":["Till kammarens sekreterare ber jag att f\u00e5 f\u00f6resl\u00e5 f\u00f6rutvarande sekreteraren i riksdagens andra kammare herr Sune K. Johansson ."],"annotation":"token\tlemma\tpos\txpos\nTill\ttill\tPP\tPP\nkammarens\tkammare\tNN\tNN.UTR.SIN.DEF.GEN\nsekreterare\tsekreterare\tNN\tNN.UTR.SIN.IND.NOM\nber\tbe\tVB\tVB.PRS.AKT\njag\tjag\tPN\tPN.UTR.SIN.DEF.SUB\natt\tatt\tIE\tIE\nf\u00e5\tf\u00e5\tVB\tVB.INF.AKT\nf\u00f6resl\u00e5\tf\u00f6resl\u00e5\tVB\tVB.INF.AKT\nf\u00f6rutvarande\tf\u00f6rutvarande\tPC\tPC.PRS.UTR+NEU.SIN+PLU.IND+DEF.NOM\nsekreteraren\tsekreterare\tNN\tNN.UTR.SIN.DEF.NOM\ni\ti\tPP\tPP\nriksdagens\triksdag\tNN\tNN.UTR.SIN.DEF.GEN\nandra\tannan\tJJ\tJJ.POS.UTR+NEU.SIN.DEF.NOM\nkammare\tkammare\tNN\tNN.UTR.SIN.IND.NOM\nherr\therr\tNN\tNN.UTR.SIN.IND.NOM\nSune\tSune\tPM\tPM.NOM\nK.\tK\tPM\tPM.NOM\nJohansson\tJohansson\tPM\tPM.NOM\n.\t.\tMAD\tMAD","page_number":23,"speaker_note_id":"i-Suz7d5bLSBxBVgiFKy5CFr","num_tokens":19,"num_words":19},{"u_id":"i-3UVgmZFHWxUSggRrJmhjGz","who":"unknown","prev_id":null,"next_id":null,"paragraphs":["Jag h\u00e4lsar kammarens sekreterare v\u00e4lkommen till hans betydelsefulla och arbetskr\u00e4vande uppgifter ."],"annotation":"token\tlemma\tpos\txpos\nJag\tjag\tPN\tPN.UTR.SIN.DEF.SUB\nh\u00e4lsar\th\u00e4lsa\tVB\tVB.PRS.AKT\nkammarens\tkammare\tNN\tNN.UTR.SIN.DEF.GEN\nsekreterare\tsekreterare\tNN\tNN.UTR.SIN.IND.NOM\nv\u00e4lkommen\tv\u00e4lkommen\tJJ\tJJ.POS.UTR.SIN.IND.NOM\ntill\ttill\tPP\tPP\nhans\thans\tPS\tPS.UTR+NEU.SIN+PLU.DEF\nbetydelsefulla\tbetydelsefull\tJJ\tJJ.POS.UTR+NEU.PLU.IND+DEF.NOM\noch\toch\tKN\tKN\narbetskr\u00e4vande\tarbetskr\u00e4vande\tPC\tPC.PRS.UTR+NEU.SIN+PLU.IND+DEF.NOM\nuppgifter\tuppgift\tNN\tNN.UTR.PLU.IND.NOM\n.\t.\tMAD\tMAD","page_number":23,"speaker_note_id":"i-KxrsXzKNt2UGTZKrwMr7Cj","num_tokens":12,"num_words":12},{"u_id":"i-J15iVsvza53Nvu3MgnZPj","who":"Q1606431","prev_id":null,"next_id":null,"paragraphs":["Jag f\u00e5r tillk\u00e4nnagiva , att Kungl. Maj:t l\u00e5tit genom offentligt anslag bjuda och kalla riksdagens samtliga ledam\u00f6ter att tisdagen den 12 innevarande m\u00e5nad kl. 11.00 infinna sig i slottskapellet samt , efter f\u00f6rr\u00e4ttad gudstj\u00e4nst , enligt $ 34 riksdagsordningen begiva sig till rikssalen f\u00f6r att d\u00e4r inh\u00e4mta vad Kungl. Maj : t har att meddela riksdagen ."],"annotation":"token\tlemma\tpos\txpos\nJag\tjag\tPN\tPN.UTR.SIN.DEF.SUB\nf\u00e5r\tf\u00e5\tVB\tVB.PRS.AKT\ntillk\u00e4nnagiva\ttillk\u00e4nnagiva\tVB\tVB.INF.AKT\n,\t,\tMID\tMID\natt\tatt\tSN\tSN\nKungl.\tkungl\tNN\tNN.AN\nMaj:t\tMaj:t\tPM\tPM.NOM\nl\u00e5tit\tl\u00e5ta\tVB\tVB.SUP.AKT\ngenom\tgenom\tPP\tPP\noffentligt\toffentlig\tJJ\tJJ.POS.NEU.SIN.IND.NOM\nanslag\tanslag\tNN\tNN.NEU.SIN.IND.NOM\nbjuda\tbjuda\tVB\tVB.INF.AKT\noch\toch\tKN\tKN\nkalla\tkalla\tVB\tVB.INF.AKT\nriksdagens\triksdag\tNN\tNN.UTR.SIN.DEF.GEN\nsamtliga\tsamtlig\tJJ\tJJ.POS.UTR+NEU.PLU.IND.NOM\nledam\u00f6ter\tledamot\tNN\tNN.UTR.PLU.IND.NOM\natt\tatt\tSN\tSN\ntisdagen\ttisdag\tNN\tNN.UTR.SIN.DEF.NOM\nden\tden\tDT\tDT.UTR.SIN.DEF\n12\t12\tRG\tRG.NOM\ninnevarande\tinnevarande\tPC\tPC.PRS.UTR+NEU.SIN+PLU.IND+DEF.NOM\nm\u00e5nad\tm\u00e5nad\tNN\tNN.UTR.SIN.IND.NOM\nkl.\tkl\tAB\tAB.AN\n11.00\t11.00\tRG\tRG.NOM\ninfinna\tinfinna\tVB\tVB.INF.AKT\nsig\tsig\tPN\tPN.UTR+NEU.SIN+PLU.DEF.OBJ\ni\ti\tPP\tPP\nslottskapellet\tslottskapell\tNN\tNN.NEU.SIN.DEF.NOM\nsamt\tsamt\tKN\tKN\n,\t,\tMID\tMID\nefter\tefter\tPP\tPP\nf\u00f6rr\u00e4ttad\tf\u00f6rr\u00e4ttad\tPC\tPC.PRF.UTR.SIN.IND.NOM\ngudstj\u00e4nst\tgudstj\u00e4nst\tNN\tNN.UTR.SIN.IND.NOM\n,\t,\tMID\tMID\nenligt\tenligt\tPP\tPP\n$\t$\tNN\tNN.AN\n34\t34\tRG\tRG.NOM\nriksdagsordningen\triksdagsordning\tNN\tNN.UTR.SIN.DEF.NOM\nbegiva\tbegiva\tVB\tVB.INF.AKT\nsig\tsig\tPN\tPN.UTR+NEU.SIN+PLU.DEF.OBJ\ntill\ttill\tPP\tPP\nrikssalen\trikssal\tNN\tNN.UTR.SIN.DEF.NOM\nf\u00f6r\tf\u00f6r\tPP\tPP\natt\tatt\tIE\tIE\nd\u00e4r\td\u00e4r\tAB\tAB\ninh\u00e4mta\tinh\u00e4mta\tVB\tVB.INF.AKT\nvad\tvad\tHP\tHP.NEU.SIN.IND\nKungl.\tkungl\tNN\tNN.AN\nMaj\tmaj\tNN\tNN.UTR.SIN.IND.NOM\n:\t:\tMID\tMID\nt\tt\tNN\tNN.NEU.SIN.IND.NOM\nhar\tha\tVB\tVB.PRS.AKT\natt\tatt\tIE\tIE\nmeddela\tmeddela\tVB\tVB.INF.AKT\nriksdagen\triksdag\tNN\tNN.UTR.SIN.DEF.NOM\n.\t.\tMAD\tMAD","page_number":23,"speaker_note_id":"i-8LTrg4tWJK2URB3MxgDM2a","num_tokens":57,"num_words":57},{"u_id":"i-RA6h3yZzfd1aDtsbngM7VB","who":"unknown","prev_id":null,"next_id":null,"paragraphs":["Till kammarens ledam\u00f6ter har utdelats bl . a . en tidplan f\u00f6r kammarens sammantr\u00e4den under denna vecka . D\u00e4rav framg\u00e5r att beslut betr\u00e4ffande de vilande grundlags\u00e4ndringsf\u00f6rslagen fattas vid plenum torsdagen den 14 januari kl. 10.00 och att kammaren vid sammantr\u00e4det fredagen den 15 januari kl. 10.00 fattar beslut om ny riksdagsstadga , v\u00e4ljer ledam\u00f6ter i talmanskonferensen och p\u00e5b\u00f6rjar val av ledam\u00f6ter till utskott m . m ."],"annotation":"token\tlemma\tpos\txpos\nTill\ttill\tPP\tPP\nkammarens\tkammare\tNN\tNN.UTR.SIN.DEF.GEN\nledam\u00f6ter\tledamot\tNN\tNN.UTR.PLU.IND.NOM\nhar\tha\tVB\tVB.PRS.AKT\nutdelats\tutdela\tVB\tVB.SUP.SFO\nbl\tbl\tNN\tNN.AN\n.\t.\tMAD\tMAD\na\ta\tNN\tNN.NEU.SIN.IND.NOM\n.\t.\tMAD\tMAD\nen\ten\tDT\tDT.UTR.SIN.IND\ntidplan\ttidplan\tNN\tNN.UTR.SIN.IND.NOM\nf\u00f6r\tf\u00f6r\tPP\tPP\nkammarens\tkammare\tNN\tNN.UTR.SIN.DEF.GEN\nsammantr\u00e4den\tsammantr\u00e4de\tNN\tNN.NEU.PLU.IND.NOM\nunder\tunder\tPP\tPP\ndenna\tdenna\tDT\tDT.UTR.SIN.DEF\nvecka\tvecka\tNN\tNN.UTR.SIN.IND.NOM\n.\t.\tMAD\tMAD\nD\u00e4rav\td\u00e4rav\tAB\tAB\nframg\u00e5r\tframg\u00e5\tVB\tVB.PRS.AKT\natt\tatt\tSN\tSN\nbeslut\tbeslut\tNN\tNN.NEU.SIN.IND.NOM\nbetr\u00e4ffande\tbetr\u00e4ffande\tPP\tPP\nde\tden\tDT\tDT.UTR+NEU.PLU.DEF\nvilande\tvilande\tPC\tPC.PRS.UTR+NEU.SIN+PLU.IND+DEF.NOM\ngrundlags\u00e4ndringsf\u00f6rslagen\tgrundlags\u00e4ndringsf\u00f6rslag\tNN\tNN.NEU.PLU.DEF.NOM\nfattas\tfatta\tVB\tVB.PRS.SFO\nvid\tvid\tPP\tPP\nplenum\tplenum\tNN\tNN.NEU.SIN.IND.NOM\ntorsdagen\ttorsdag\tNN\tNN.UTR.SIN.DEF.NOM\nden\tden\tDT\tDT.UTR.SIN.DEF\n14\t14\tRG\tRG.NOM\njanuari\tjanuari\tNN\tNN.UTR.SIN.IND.NOM\nkl.\tkl\tAB\tAB.AN\n10.00\t10.00\tRG\tRG.NOM\noch\toch\tKN\tKN\natt\tatt\tSN\tSN\nkammaren\tkammare\tNN\tNN.UTR.SIN.DEF.NOM\nvid\tvid\tPP\tPP\nsammantr\u00e4det\tsammantr\u00e4d\tNN\tNN.NEU.SIN.DEF.NOM\nfredagen\tfredag\tNN\tNN.UTR.SIN.DEF.NOM\nden\tden\tDT\tDT.UTR.SIN.DEF\n15\t15\tRG\tRG.NOM\njanuari\tjanuari\tNN\tNN.UTR.SIN.IND.NOM\nkl.\tkl\tAB\tAB.AN\n10.00\t10.00\tRG\tRG.NOM\nfattar\tfatta\tVB\tVB.PRS.AKT\nbeslut\tbeslut\tNN\tNN.NEU.SIN.IND.NOM\nom\tom\tPP\tPP\nny\tny\tJJ\tJJ.POS.UTR.SIN.IND.NOM\nriksdagsstadga\triksdagsstadga\tNN\tNN.UTR.SIN.IND.NOM\n,\t,\tMID\tMID\nv\u00e4ljer\tv\u00e4lja\tVB\tVB.PRS.AKT\nledam\u00f6ter\tledamot\tNN\tNN.UTR.PLU.IND.NOM\ni\ti\tPP\tPP\ntalmanskonferensen\ttalmanskonferens\tNN\tNN.UTR.SIN.DEF.NOM\noch\toch\tKN\tKN\np\u00e5b\u00f6rjar\tp\u00e5b\u00f6rja\tVB\tVB.PRS.AKT\nval\tval\tNN\tNN.NEU.SIN.IND.NOM\nav\tav\tPP\tPP\nledam\u00f6ter\tledamot\tNN\tNN.UTR.PLU.IND.NOM\ntill\ttill\tPP\tPP\nutskott\tutskott\tNN\tNN.NEU.PLU.IND.NOM\nm\tm\tNN\tNN.AN\n.\t.\tMAD\tMAD\nm\tm\tNN\tNN.AN\n.\t.\tMAD\tMAD","page_number":24,"speaker_note_id":"i-99VbHXArrQRwfF8rdNJxCZ","num_tokens":67,"num_words":67},{"u_id":"i-XLer2db5288gsgfWtpBFjC","who":"unknown","prev_id":null,"next_id":null,"paragraphs":["S\u00e5 snart klarhet vunnits betr\u00e4ffande f\u00f6rfarandet vid och erforderlig tid f\u00f6r val av ledam\u00f6ter och suppleanter i utskott , utrikesn\u00e4mnd och krigsdelegation kommer tidplan att uppr\u00e4ttas f\u00f6r kammarens sammantr\u00e4den under hela v\u00e5rsessionen . Med h\u00e4nsyn till ovissheten i n\u00e4mnda avseende \u00e4r det f\u00f6r n\u00e4rvarande inte m\u00f6jligt att bed\u00f6ma om det blir erforderligt att anordna kammarsammantr\u00e4den l\u00f6rdagen den 16 januari och eventuellt \u00e4ven s\u00f6ndagen den 17 januari ."],"annotation":"token\tlemma\tpos\txpos\nS\u00e5\ts\u00e5\tAB\tAB\nsnart\tsnart\tAB\tAB.POS\nklarhet\tklarhet\tNN\tNN.UTR.SIN.IND.NOM\nvunnits\tvinna\tVB\tVB.SUP.SFO\nbetr\u00e4ffande\tbetr\u00e4ffande\tPP\tPP\nf\u00f6rfarandet\tf\u00f6rfarande\tNN\tNN.NEU.SIN.DEF.NOM\nvid\tvid\tPP\tPP\noch\toch\tKN\tKN\nerforderlig\terforderlig\tJJ\tJJ.POS.UTR.SIN.IND.NOM\ntid\ttid\tNN\tNN.UTR.SIN.IND.NOM\nf\u00f6r\tf\u00f6r\tPP\tPP\nval\tval\tNN\tNN.NEU.SIN.IND.NOM\nav\tav\tPP\tPP\nledam\u00f6ter\tledamot\tNN\tNN.UTR.PLU.IND.NOM\noch\toch\tKN\tKN\nsuppleanter\tsuppleant\tNN\tNN.UTR.PLU.IND.NOM\ni\ti\tPP\tPP\nutskott\tutskott\tNN\tNN.NEU.PLU.IND.NOM\n,\t,\tMID\tMID\nutrikesn\u00e4mnd\tutrikesn\u00e4mnd\tNN\tNN.UTR.SIN.IND.NOM\noch\toch\tKN\tKN\nkrigsdelegation\tkrigsdelegation\tNN\tNN.UTR.SIN.IND.NOM\nkommer\tkomma\tVB\tVB.PRS.AKT\ntidplan\ttidplan\tNN\tNN.UTR.SIN.IND.NOM\natt\tatt\tIE\tIE\nuppr\u00e4ttas\tuppr\u00e4tta\tVB\tVB.INF.SFO\nf\u00f6r\tf\u00f6r\tPP\tPP\nkammarens\tkammare\tNN\tNN.UTR.SIN.DEF.GEN\nsammantr\u00e4den\tsammantr\u00e4de\tNN\tNN.NEU.PLU.IND.NOM\nunder\tunder\tPP\tPP\nhela\thel\tJJ\tJJ.POS.UTR+NEU.SIN.DEF.NOM\nv\u00e5rsessionen\tv\u00e5rsession\tNN\tNN.UTR.SIN.DEF.NOM\n.\t.\tMAD\tMAD\nMed\tmed\tPP\tPP\nh\u00e4nsyn\th\u00e4nsyn\tNN\tNN.UTR.SIN.IND.NOM\ntill\ttill\tPP\tPP\novissheten\tovisshet\tNN\tNN.UTR.SIN.DEF.NOM\ni\ti\tPP\tPP\nn\u00e4mnda\tn\u00e4mnd\tPC\tPC.PRF.UTR+NEU.SIN.DEF.NOM\navseende\tavseende\tNN\tNN.NEU.SIN.IND.NOM\n\u00e4r\tvara\tVB\tVB.PRS.AKT\ndet\tdet\tPN\tPN.NEU.SIN.DEF.SUB+OBJ\nf\u00f6r\tf\u00f6r\tPP\tPP\nn\u00e4rvarande\tn\u00e4rvarande\tNN\tNN.NEU.SIN.IND.NOM\ninte\tinte\tAB\tAB\nm\u00f6jligt\tm\u00f6jlig\tJJ\tJJ.POS.NEU.SIN.IND.NOM\natt\tatt\tIE\tIE\nbed\u00f6ma\tbed\u00f6ma\tVB\tVB.INF.AKT\nom\tom\tSN\tSN\ndet\tdet\tPN\tPN.NEU.SIN.DEF.SUB+OBJ\nblir\tbli\tVB\tVB.PRS.AKT\nerforderligt\terforderlig\tJJ\tJJ.POS.NEU.SIN.IND.NOM\natt\tatt\tIE\tIE\nanordna\tanordna\tVB\tVB.INF.AKT\nkammarsammantr\u00e4den\tkammarsammantr\u00e4de\tNN\tNN.NEU.PLU.IND.NOM\nl\u00f6rdagen\tl\u00f6rdag\tNN\tNN.UTR.SIN.DEF.NOM\nden\tden\tDT\tDT.UTR.SIN.DEF\n16\t16\tRG\tRG.NOM\njanuari\tjanuari\tNN\tNN.UTR.SIN.IND.NOM\noch\toch\tKN\tKN\neventuellt\teventuellt\tAB\tAB.POS\n\u00e4ven\t\u00e4ven\tAB\tAB\ns\u00f6ndagen\ts\u00f6ndag\tNN\tNN.UTR.SIN.DEF.NOM\nden\tden\tDT\tDT.UTR.SIN.DEF\n17\t17\tRG\tRG.NOM\njanuari\tjanuari\tNN\tNN.UTR.SIN.IND.NOM\n.\t.\tMAD\tMAD","page_number":24,"speaker_note_id":"i-99VbHXArrQRwfF8rdNJxCZ","num_tokens":67,"num_words":67},{"u_id":"i-93a68b64a21edd1d-1","who":"unknown","prev_id":null,"next_id":null,"paragraphs":["S\u00e5som tidigare meddelats tar en allm\u00e4npolitisk debatt sin b\u00f6rjan tisdagen den 19 januari ."],"annotation":"token\tlemma\tpos\txpos\nS\u00e5som\ts\u00e5som\tKN\tKN\ntidigare\ttidigt\tAB\tAB.KOM\nmeddelats\tmeddela\tVB\tVB.SUP.SFO\ntar\tta\tVB\tVB.PRS.AKT\nen\ten\tDT\tDT.UTR.SIN.IND\nallm\u00e4npolitisk\tallm\u00e4npolitisk\tJJ\tJJ.POS.UTR.SIN.IND.NOM\ndebatt\tdebatt\tNN\tNN.UTR.SIN.IND.NOM\nsin\tsin\tPS\tPS.UTR.SIN.DEF\nb\u00f6rjan\tb\u00f6rjan\tNN\tNN.UTR.SIN.IND.NOM\ntisdagen\ttisdag\tNN\tNN.UTR.SIN.DEF.NOM\nden\tden\tDT\tDT.UTR.SIN.DEF\n19\t19\tRG\tRG.NOM\njanuari\tjanuari\tNN\tNN.UTR.SIN.IND.NOM\n.\t.\tMAD\tMAD","page_number":24,"speaker_note_id":"missing","num_tokens":14,"num_words":14},{"u_id":"i-CrLyo6WntTQnoKVoaG1i9L","who":"unknown","prev_id":null,"next_id":null,"paragraphs":["Den f\u00f6rsta fr\u00e5gestunden kommer att \u00e4ga rum torsdagen den 21 januari . D\u00e4rvid besvaras fr\u00e5gor som inl\u00e4mnats senast kl. 12.00 fredagen den 15 januari ."],"annotation":"token\tlemma\tpos\txpos\nDen\tden\tDT\tDT.UTR.SIN.DEF\nf\u00f6rsta\tf\u00f6rsta\tRO\tRO.NOM\nfr\u00e5gestunden\tfr\u00e5gestund\tNN\tNN.UTR.SIN.DEF.NOM\nkommer\tkomma\tVB\tVB.PRS.AKT\natt\tatt\tIE\tIE\n\u00e4ga\t\u00e4ga\tVB\tVB.INF.AKT\nrum\trum\tNN\tNN.NEU.SIN.IND.NOM\ntorsdagen\ttorsdag\tNN\tNN.UTR.SIN.DEF.NOM\nden\tden\tDT\tDT.UTR.SIN.DEF\n21\t21\tRG\tRG.NOM\njanuari\tjanuari\tNN\tNN.UTR.SIN.IND.NOM\n.\t.\tMID\tMID\nD\u00e4rvid\td\u00e4rvid\tAB\tAB\nbesvaras\tbesvara\tVB\tVB.PRS.SFO\nfr\u00e5gor\tfr\u00e5ga\tNN\tNN.UTR.PLU.IND.NOM\nsom\tsom\tHP\tHP.-.-.-\ninl\u00e4mnats\tinl\u00e4mna\tVB\tVB.SUP.SFO\nsenast\tsenast\tAB\tAB.SUV\nkl.\tkl\tAB\tAB.AN\n12.00\t12.00\tRG\tRG.NOM\nfredagen\tfredag\tNN\tNN.UTR.SIN.DEF.NOM\nden\tden\tDT\tDT.UTR.SIN.DEF\n15\t15\tRG\tRG.NOM\njanuari\tjanuari\tNN\tNN.UTR.SIN.IND.NOM\n.\t.\tMAD\tMAD","page_number":24,"speaker_note_id":"missing","num_tokens":25,"num_words":25}]